date,brand,model,part,price,price_value,currency,status,error,url
2026-08-14T09:30:45+00:00,Apple,iPhone 14,Battery,"Battery service INR 9,800",9800.0,INR,ok,,https://support.apple.com/en-in/iphone/repair?services=service
2026-08-14T09:31:01+00:00,Samsung,Galaxy S23,Main Screen Assembly,"Main Screen Assembly 19,220",19220.0,INR,ok,,https://www.samsung.com/in/support/spare-part-pricing-list-for-repair/
2026-08-14T09:55:49+00:00,Apple,iPhone 14,Battery,"Battery service INR 9,800",9800.0,INR,ok,,https://support.apple.com/en-in/iphone/repair?services=service
2026-08-14T09:56:07+00:00,Samsung,Galaxy S23,Main Screen Assembly,"Main Screen Assembly 19,220",19220.0,INR,ok,,https://www.samsung.com/in/support/spare-part-pricing-list-for-repair/
2026-08-14T09:57:14+00:00,Apple,iPhone 14,Battery,"Battery service INR 9,800",9800.0,INR,ok,,https://support.apple.com/en-in/iphone/repair?services=service
2026-08-14T09:57:28+00:00,Samsung,Galaxy S23,Main Screen Assembly,"Main Screen Assembly 19,220",19220.0,INR,ok,,https://www.samsung.com/in/support/spare-part-pricing-list-for-repair/
2026-08-14T10:01:08+00:00,Apple,iPhone Air,Back glass damage,"Back glass damage INR 14,900",14900.0,INR,ok,,https://support.apple.com/en-in/iphone/repair?services=service
2026-08-14T10:01:08+00:00,Apple,iPhone Air,Battery service,"Battery service INR 11,800",11800.0,INR,ok,,https://support.apple.com/en-in/iphone/repair?services=service
2026-08-14T10:01:08+00:00,Apple,iPhone Air,Other damage,"Other damage INR 81,900",81900.0,INR,ok,,https://support.apple.com/en-in/iphone/repair?services=service
2026-08-14T10:01:08+00:00,Apple,iPhone Air,Rear camera damage,"Rear camera damage INR 16,900",16900.0,INR,ok,,https://support.apple.com/en-in/iphone/repair?services=service
2026-08-14T10:01:08+00:00,Apple,iPhone Air,Screen and back glass damage,"Screen and back glass damage INR 40,500",40500.0,INR,ok,,https://support.apple.com/en-in/iphone/repair?services=service
2026-08-14T10:01:08+00:00,Apple,iPhone Air,Screen damage,"Screen damage INR 32,900",32900.0,INR,ok,,https://support.apple.com/en-in/iphone/repair?services=service
2026-08-14T10:04:58+00:00,Samsung,Galaxy Z Fold8 Ultra,- 1 TB,"- 1 TB 1,11,960",1.0,INR,ok,,https://www.samsung.com/in/support/spare-part-pricing-list-for-repair/
2026-08-14T10:04:58+00:00,Samsung,Galaxy Z Fold8 Ultra,- 256 GB,"- 256 GB 72,460",256.0,INR,ok,,https://www.samsung.com/in/support/spare-part-pricing-list-for-repair/
2026-08-14T10:04:58+00:00,Samsung,Galaxy Z Fold8 Ultra,- 512 GB,"- 512 GB 82,550",512.0,INR,ok,,https://www.samsung.com/in/support/spare-part-pricing-list-for-repair/
2026-08-14T10:04:58+00:00,Samsung,Galaxy Z Fold8 Ultra,- Main Screen,"- Main Screen 40,560",40560.0,INR,ok,,https://www.samsung.com/in/support/spare-part-pricing-list-for-repair/
2026-08-14T10:04:58+00:00,Samsung,Galaxy Z Fold8 Ultra,Back Glass/Cover,"Back Glass/Cover 2,570",2570.0,INR,ok,,https://www.samsung.com/in/support/spare-part-pricing-list-for-repair/
2026-08-14T10:04:58+00:00,Samsung,Galaxy Z Fold8 Ultra,Battery,"Battery 2,340",2340.0,INR,ok,,https://www.samsung.com/in/support/spare-part-pricing-list-for-repair/
2026-08-14T10:04:58+00:00,Samsung,Galaxy Z Fold8 Ultra,Main Screen Assembly,"Main Screen Assembly 59,670",59670.0,INR,ok,,https://www.samsung.com/in/support/spare-part-pricing-list-for-repair/
2026-08-14T10:06:30+00:00,Apple,iPhone 14,Battery,"Battery service INR 9,800",9800.0,INR,ok,,https://support.apple.com/en-in/iphone/repair?services=service
2026-08-14T10:06:45+00:00,Samsung,Galaxy S23,Main Screen Assembly,"Main Screen Assembly 19,220",19220.0,INR,ok,,https://www.samsung.com/in/support/spare-part-pricing-list-for-repair/
2026-08-14T10:10:03+00:00,Apple,iPhone Air,Back glass damage,"Back glass damage INR 14,900",14900.0,INR,ok,,https://support.apple.com/en-in/iphone/repair?services=service
2026-08-14T10:10:03+00:00,Apple,iPhone Air,Battery service,"Battery service INR 11,800",11800.0,INR,ok,,https://support.apple.com/en-in/iphone/repair?services=service
2026-08-14T10:10:03+00:00,Apple,iPhone Air,Other damage,"Other damage INR 81,900",81900.0,INR,ok,,https://support.apple.com/en-in/iphone/repair?services=service
2026-08-14T10:10:03+00:00,Apple,iPhone Air,Rear camera damage,"Rear camera damage INR 16,900",16900.0,INR,ok,,https://support.apple.com/en-in/iphone/repair?services=service
2026-08-14T10:10:03+00:00,Apple,iPhone Air,Screen and back glass damage,"Screen and back glass damage INR 40,500",40500.0,INR,ok,,https://support.apple.com/en-in/iphone/repair?services=service
2026-08-14T10:10:03+00:00,Apple,iPhone Air,Screen damage,"Screen damage INR 32,900",32900.0,INR,ok,,https://support.apple.com/en-in/iphone/repair?services=service
2026-08-14T10:10:08+00:00,Apple,iPhone 17 Pro Max,Back glass damage,"Back glass damage INR 14,900",14900.0,INR,ok,,https://support.apple.com/en-in/iphone/repair?services=service
2026-08-14T10:10:08+00:00,Apple,iPhone 17 Pro Max,Battery service,"Battery service INR 11,800",11800.0,INR,ok,,https://support.apple.com/en-in/iphone/repair?services=service
2026-08-14T10:10:08+00:00,Apple,iPhone 17 Pro Max,Other damage,"Other damage INR 89,900",89900.0,INR,ok,,https://support.apple.com/en-in/iphone/repair?services=service
2026-08-14T10:10:08+00:00,Apple,iPhone 17 Pro Max,Rear camera damage,"Rear camera damage INR 25,900",25900.0,INR,ok,,https://support.apple.com/en-in/iphone/repair?services=service
2026-08-14T10:10:08+00:00,Apple,iPhone 17 Pro Max,Screen and back glass damage,"Screen and back glass damage INR 46,800",46800.0,INR,ok,,https://support.apple.com/en-in/iphone/repair?services=service
2026-08-14T10:10:08+00:00,Apple,iPhone 17 Pro Max,Screen damage,"Screen damage INR 38,900",38900.0,INR,ok,,https://support.apple.com/en-in/iphone/repair?services=service
2026-08-14T10:10:12+00:00,Apple,iPhone 17 Pro,Back glass damage,"Back glass damage INR 14,900",14900.0,INR,ok,,https://support.apple.com/en-in/iphone/repair?services=service
2026-08-14T10:10:12+00:00,Apple,iPhone 17 Pro,Battery service,"Battery service INR 11,800",11800.0,INR,ok,,https://support.apple.com/en-in/iphone/repair?services=service
2026-08-14T10:10:12+00:00,Apple,iPhone 17 Pro,Other damage,"Other damage INR 89,900",89900.0,INR,ok,,https://support.apple.com/en-in/iphone/repair?services=service
2026-08-14T10:10:12+00:00,Apple,iPhone 17 Pro,Rear camera damage,"Rear camera damage INR 25,900",25900.0,INR,ok,,https://support.apple.com/en-in/iphone/repair?services=service
2026-08-14T10:10:12+00:00,Apple,iPhone 17 Pro,Screen and back glass damage,"Screen and back glass damage INR 40,500",40500.0,INR,ok,,https://support.apple.com/en-in/iphone/repair?services=service
2026-08-14T10:10:12+00:00,Apple,iPhone 17 Pro,Screen damage,"Screen damage INR 32,900",32900.0,INR,ok,,https://support.apple.com/en-in/iphone/repair?services=service
2026-08-14T10:10:16+00:00,Apple,iPhone 17,Back glass damage,"Back glass damage INR 14,900",14900.0,INR,ok,,https://support.apple.com/en-in/iphone/repair?services=service
2026-08-14T10:10:16+00:00,Apple,iPhone 17,Battery service,"Battery service INR 9,800",9800.0,INR,ok,,https://support.apple.com/en-in/iphone/repair?services=service
2026-08-14T10:10:16+00:00,Apple,iPhone 17,Other damage,"Other damage INR 66,500",66500.0,INR,ok,,https://support.apple.com/en-in/iphone/repair?services=service
2026-08-14T10:10:16+00:00,Apple,iPhone 17,Rear camera damage,"Rear camera damage INR 16,900",16900.0,INR,ok,,https://support.apple.com/en-in/iphone/repair?services=service
2026-08-14T10:10:16+00:00,Apple,iPhone 17,Screen and back glass damage,"Screen and back glass damage INR 40,500",40500.0,INR,ok,,https://support.apple.com/en-in/iphone/repair?services=service
2026-08-14T10:10:16+00:00,Apple,iPhone 17,Screen damage,"Screen damage INR 32,900",32900.0,INR,ok,,https://support.apple.com/en-in/iphone/repair?services=service
2026-08-14T10:10:19+00:00,Apple,iPhone 17e,Back glass damage,"Back glass damage INR 14,900",14900.0,INR,ok,,https://support.apple.com/en-in/iphone/repair?services=service
2026-08-14T10:10:19+00:00,Apple,iPhone 17e,Battery service,"Battery service INR 9,800",9800.0,INR,ok,,https://support.apple.com/en-in/iphone/repair?services=service
2026-08-14T10:10:19+00:00,Apple,iPhone 17e,Other damage,"Other damage INR 45,900",45900.0,INR,ok,,https://support.apple.com/en-in/iphone/repair?services=service
2026-08-14T10:10:19+00:00,Apple,iPhone 17e,Rear camera damage,"Rear camera damage INR 13,900",13900.0,INR,ok,,https://support.apple.com/en-in/iphone/repair?services=service
2026-08-14T10:10:19+00:00,Apple,iPhone 17e,Screen and back glass damage,"Screen and back glass damage INR 32,900",32900.0,INR,ok,,https://support.apple.com/en-in/iphone/repair?services=service
2026-08-14T10:10:19+00:00,Apple,iPhone 17e,Screen damage,"Screen damage INR 24,900",24900.0,INR,ok,,https://support.apple.com/en-in/iphone/repair?services=service
2026-08-14T10:10:24+00:00,Apple,iPhone 16 Pro Max,Back glass damage,"Back glass damage INR 14,900",14900.0,INR,ok,,https://support.apple.com/en-in/iphone/repair?services=service
2026-08-14T10:10:24+00:00,Apple,iPhone 16 Pro Max,Battery service,"Battery service INR 11,800",11800.0,INR,ok,,https://support.apple.com/en-in/iphone/repair?services=service
2026-08-14T10:10:24+00:00,Apple,iPhone 16 Pro Max,Other damage,"Other damage INR 89,900",89900.0,INR,ok,,https://support.apple.com/en-in/iphone/repair?services=service
2026-08-14T10:10:24+00:00,Apple,iPhone 16 Pro Max,Rear camera damage,"Rear camera damage INR 25,900",25900.0,INR,ok,,https://support.apple.com/en-in/iphone/repair?services=service
2026-08-14T10:10:24+00:00,Apple,iPhone 16 Pro Max,Screen and back glass damage,"Screen and back glass damage INR 46,800",46800.0,INR,ok,,https://support.apple.com/en-in/iphone/repair?services=service
2026-08-14T10:10:24+00:00,Apple,iPhone 16 Pro Max,Screen damage,"Screen damage INR 38,900",38900.0,INR,ok,,https://support.apple.com/en-in/iphone/repair?services=service
2026-08-14T10:10:28+00:00,Apple,iPhone 16 Pro,Back glass damage,"Back glass damage INR 14,900",14900.0,INR,ok,,https://support.apple.com/en-in/iphone/repair?services=service
2026-08-14T10:10:28+00:00,Apple,iPhone 16 Pro,Battery service,"Battery service INR 11,800",11800.0,INR,ok,,https://support.apple.com/en-in/iphone/repair?services=service
2026-08-14T10:10:28+00:00,Apple,iPhone 16 Pro,Other damage,"Other damage INR 75,900",75900.0,INR,ok,,https://support.apple.com/en-in/iphone/repair?services=service
2026-08-14T10:10:28+00:00,Apple,iPhone 16 Pro,Rear camera damage,"Rear camera damage INR 25,900",25900.0,INR,ok,,https://support.apple.com/en-in/iphone/repair?services=service
2026-08-14T10:10:28+00:00,Apple,iPhone 16 Pro,Screen and back glass damage,"Screen and back glass damage INR 40,500",40500.0,INR,ok,,https://support.apple.com/en-in/iphone/repair?services=service
2026-08-14T10:10:28+00:00,Apple,iPhone 16 Pro,Screen damage,"Screen damage INR 32,900",32900.0,INR,ok,,https://support.apple.com/en-in/iphone/repair?services=service
2026-08-14T10:10:31+00:00,Apple,iPhone 16 Plus,Back glass damage,"Back glass damage INR 14,900",14900.0,INR,ok,,https://support.apple.com/en-in/iphone/repair?services=service
2026-08-14T10:10:31+00:00,Apple,iPhone 16 Plus,Battery service,"Battery service INR 9,800",9800.0,INR,ok,,https://support.apple.com/en-in/iphone/repair?services=service
2026-08-14T10:10:31+00:00,Apple,iPhone 16 Plus,Other damage,"Other damage INR 66,500",66500.0,INR,ok,,https://support.apple.com/en-in/iphone/repair?services=service
2026-08-14T10:10:31+00:00,Apple,iPhone 16 Plus,Rear camera damage,"Rear camera damage INR 16,900",16900.0,INR,ok,,https://support.apple.com/en-in/iphone/repair?services=service
2026-08-14T10:10:31+00:00,Apple,iPhone 16 Plus,Screen and back glass damage,"Screen and back glass damage INR 40,500",40500.0,INR,ok,,https://support.apple.com/en-in/iphone/repair?services=service
2026-08-14T10:10:31+00:00,Apple,iPhone 16 Plus,Screen damage,"Screen damage INR 32,900",32900.0,INR,ok,,https://support.apple.com/en-in/iphone/repair?services=service
2026-08-14T10:10:35+00:00,Apple,iPhone 16,Back glass damage,"Back glass damage INR 14,900",14900.0,INR,ok,,https://support.apple.com/en-in/iphone/repair?services=service
2026-08-14T10:10:35+00:00,Apple,iPhone 16,Battery service,"Battery service INR 9,800",9800.0,INR,ok,,https://support.apple.com/en-in/iphone/repair?services=service
2026-08-14T10:10:35+00:00,Apple,iPhone 16,Other damage,"Other damage INR 56,900",56900.0,INR,ok,,https://support.apple.com/en-in/iphone/repair?services=service
2026-08-14T10:10:35+00:00,Apple,iPhone 16,Rear camera damage,"Rear camera damage INR 16,900",16900.0,INR,ok,,https://support.apple.com/en-in/iphone/repair?services=service
2026-08-14T10:10:35+00:00,Apple,iPhone 16,Screen and back glass damage,"Screen and back glass damage INR 33,500",33500.0,INR,ok,,https://support.apple.com/en-in/iphone/repair?services=service
2026-08-14T10:10:35+00:00,Apple,iPhone 16,Screen damage,"Screen damage INR 25,500",25500.0,INR,ok,,https://support.apple.com/en-in/iphone/repair?services=service
2026-08-14T10:10:38+00:00,Apple,iPhone 16e,Back glass damage,"Back glass damage INR 14,900",14900.0,INR,ok,,https://support.apple.com/en-in/iphone/repair?services=service
2026-08-14T10:10:38+00:00,Apple,iPhone 16e,Battery service,"Battery service INR 9,800",9800.0,INR,ok,,https://support.apple.com/en-in/iphone/repair?services=service
2026-08-14T10:10:38+00:00,Apple,iPhone 16e,Other damage,"Other damage INR 45,900",45900.0,INR,ok,,https://support.apple.com/en-in/iphone/repair?services=service
2026-08-14T10:10:38+00:00,Apple,iPhone 16e,Rear camera damage,"Rear camera damage INR 13,900",13900.0,INR,ok,,https://support.apple.com/en-in/iphone/repair?services=service
2026-08-14T10:10:38+00:00,Apple,iPhone 16e,Screen and back glass damage,"Screen and back glass damage INR 32,900",32900.0,INR,ok,,https://support.apple.com/en-in/iphone/repair?services=service
2026-08-14T10:10:38+00:00,Apple,iPhone 16e,Screen damage,"Screen damage INR 24,900",24900.0,INR,ok,,https://support.apple.com/en-in/iphone/repair?services=service
2026-08-14T10:10:43+00:00,Apple,iPhone 15 Pro Max,Back glass damage,"Back glass damage INR 14,900",14900.0,INR,ok,,https://support.apple.com/en-in/iphone/repair?services=service
2026-08-14T10:10:43+00:00,Apple,iPhone 15 Pro Max,Battery service,"Battery service INR 9,800",9800.0,INR,ok,,https://support.apple.com/en-in/iphone/repair?services=service
2026-08-14T10:10:43+00:00,Apple,iPhone 15 Pro Max,Other damage,"Other damage INR 81,900",81900.0,INR,ok,,https://support.apple.com/en-in/iphone/repair?services=service
2026-08-14T10:10:43+00:00,Apple,iPhone 15 Pro Max,Rear camera damage,"Rear camera damage INR 25,900",25900.0,INR,ok,,https://support.apple.com/en-in/iphone/repair?services=service
2026-08-14T10:10:43+00:00,Apple,iPhone 15 Pro Max,Screen and back glass damage,"Screen and back glass damage INR 46,800",46800.0,INR,ok,,https://support.apple.com/en-in/iphone/repair?services=service
2026-08-14T10:10:43+00:00,Apple,iPhone 15 Pro Max,Screen damage,"Screen damage INR 38,900",38900.0,INR,ok,,https://support.apple.com/en-in/iphone/repair?services=service
2026-08-14T10:10:47+00:00,Apple,iPhone 15 Pro,Back glass damage,"Back glass damage INR 14,900",14900.0,INR,ok,,https://support.apple.com/en-in/iphone/repair?services=service
2026-08-14T10:10:47+00:00,Apple,iPhone 15 Pro,Battery service,"Battery service INR 9,800",9800.0,INR,ok,,https://support.apple.com/en-in/iphone/repair?services=service
2026-08-14T10:10:47+00:00,Apple,iPhone 15 Pro,Other damage,"Other damage INR 75,900",75900.0,INR,ok,,https://support.apple.com/en-in/iphone/repair?services=service
2026-08-14T10:10:47+00:00,Apple,iPhone 15 Pro,Rear camera damage,"Rear camera damage INR 20,900",20900.0,INR,ok,,https://support.apple.com/en-in/iphone/repair?services=service
2026-08-14T10:10:47+00:00,Apple,iPhone 15 Pro,Screen and back glass damage,"Screen and back glass damage INR 40,500",40500.0,INR,ok,,https://support.apple.com/en-in/iphone/repair?services=service
2026-08-14T10:10:47+00:00,Apple,iPhone 15 Pro,Screen damage,"Screen damage INR 32,900",32900.0,INR,ok,,https://support.apple.com/en-in/iphone/repair?services=service
2026-08-14T10:10:51+00:00,Apple,iPhone 15 Plus,Back glass damage,"Back glass damage INR 14,900",14900.0,INR,ok,,https://support.apple.com/en-in/iphone/repair?services=service
2026-08-14T10:10:51+00:00,Apple,iPhone 15 Plus,Battery service,"Battery service INR 9,800",9800.0,INR,ok,,https://support.apple.com/en-in/iphone/repair?services=service
2026-08-14T10:10:51+00:00,Apple,iPhone 15 Plus,Other damage,"Other damage INR 66,500",66500.0,INR,ok,,https://support.apple.com/en-in/iphone/repair?services=service
2026-08-14T10:10:51+00:00,Apple,iPhone 15 Plus,Rear camera damage,"Rear camera damage INR 16,900",16900.0,INR,ok,,https://support.apple.com/en-in/iphone/repair?services=service
2026-08-14T10:10:51+00:00,Apple,iPhone 15 Plus,Screen and back glass damage,"Screen and back glass damage INR 40,500",40500.0,INR,ok,,https://support.apple.com/en-in/iphone/repair?services=service
2026-08-14T10:10:51+00:00,Apple,iPhone 15 Plus,Screen damage,"Screen damage INR 32,900",32900.0,INR,ok,,https://support.apple.com/en-in/iphone/repair?services=service
2026-08-14T10:10:54+00:00,Apple,iPhone 15,Back glass damage,"Back glass damage INR 14,900",14900.0,INR,ok,,https://support.apple.com/en-in/iphone/repair?services=service
2026-08-14T10:10:54+00:00,Apple,iPhone 15,Battery service,"Battery service INR 9,800",9800.0,INR,ok,,https://support.apple.com/en-in/iphone/repair?services=service
2026-08-14T10:10:54+00:00,Apple,iPhone 15,Other damage,"Other damage INR 56,900",56900.0,INR,ok,,https://support.apple.com/en-in/iphone/repair?services=service
2026-08-14T10:10:54+00:00,Apple,iPhone 15,Rear camera damage,"Rear camera damage INR 16,900",16900.0,INR,ok,,https://support.apple.com/en-in/iphone/repair?services=service
2026-08-14T10:10:54+00:00,Apple,iPhone 15,Screen and back glass damage,"Screen and back glass damage INR 33,500",33500.0,INR,ok,,https://support.apple.com/en-in/iphone/repair?services=service
2026-08-14T10:10:54+00:00,Apple,iPhone 15,Screen damage,"Screen damage INR 25,500",25500.0,INR,ok,,https://support.apple.com/en-in/iphone/repair?services=service
2026-08-14T10:10:59+00:00,Apple,iPhone 14 Pro Max,Back glass damage,"Back glass damage INR 59,900",59900.0,INR,ok,,https://support.apple.com/en-in/iphone/repair?services=service
2026-08-14T10:10:59+00:00,Apple,iPhone 14 Pro Max,Battery service,"Battery service INR 9,800",9800.0,INR,ok,,https://support.apple.com/en-in/iphone/repair?services=service
2026-08-14T10:10:59+00:00,Apple,iPhone 14 Pro Max,Other damage,"Other damage INR 81,900",81900.0,INR,ok,,https://support.apple.com/en-in/iphone/repair?services=service
2026-08-14T10:10:59+00:00,Apple,iPhone 14 Pro Max,Rear camera damage,"Rear camera damage INR 20,900",20900.0,INR,ok,,https://support.apple.com/en-in/iphone/repair?services=service
2026-08-14T10:10:59+00:00,Apple,iPhone 14 Pro Max,Screen and back glass damage,"Screen and back glass damage INR 74,900",74900.0,INR,ok,,https://support.apple.com/en-in/iphone/repair?services=service
2026-08-14T10:10:59+00:00,Apple,iPhone 14 Pro Max,Screen damage,"Screen damage INR 38,900",38900.0,INR,ok,,https://support.apple.com/en-in/iphone/repair?services=service
2026-08-14T10:11:03+00:00,Apple,iPhone 14 Pro,Back glass damage,"Back glass damage INR 52,900",52900.0,INR,ok,,https://support.apple.com/en-in/iphone/repair?services=service
2026-08-14T10:11:03+00:00,Apple,iPhone 14 Pro,Battery service,"Battery service INR 9,800",9800.0,INR,ok,,https://support.apple.com/en-in/iphone/repair?services=service
2026-08-14T10:11:03+00:00,Apple,iPhone 14 Pro,Other damage,"Other damage INR 75,900",75900.0,INR,ok,,https://support.apple.com/en-in/iphone/repair?services=service
2026-08-14T10:11:03+00:00,Apple,iPhone 14 Pro,Rear camera damage,"Rear camera damage INR 20,900",20900.0,INR,ok,,https://support.apple.com/en-in/iphone/repair?services=service
2026-08-14T10:11:03+00:00,Apple,iPhone 14 Pro,Screen and back glass damage,"Screen and back glass damage INR 71,000",71000.0,INR,ok,,https://support.apple.com/en-in/iphone/repair?services=service
2026-08-14T10:11:03+00:00,Apple,iPhone 14 Pro,Screen damage,"Screen damage INR 32,900",32900.0,INR,ok,,https://support.apple.com/en-in/iphone/repair?services=service
2026-08-14T10:11:06+00:00,Apple,iPhone 14 Plus,Back glass damage,"Back glass damage INR 14,900",14900.0,INR,ok,,https://support.apple.com/en-in/iphone/repair?services=service
2026-08-14T10:11:06+00:00,Apple,iPhone 14 Plus,Battery service,"Battery service INR 9,800",9800.0,INR,ok,,https://support.apple.com/en-in/iphone/repair?services=service
2026-08-14T10:11:06+00:00,Apple,iPhone 14 Plus,Other damage,"Other damage INR 66,500",66500.0,INR,ok,,https://support.apple.com/en-in/iphone/repair?services=service
2026-08-14T10:11:06+00:00,Apple,iPhone 14 Plus,Rear camera damage,"Rear camera damage INR 16,900",16900.0,INR,ok,,https://support.apple.com/en-in/iphone/repair?services=service
2026-08-14T10:11:06+00:00,Apple,iPhone 14 Plus,Screen and back glass damage,"Screen and back glass damage INR 40,500",40500.0,INR,ok,,https://support.apple.com/en-in/iphone/repair?services=service
2026-08-14T10:11:06+00:00,Apple,iPhone 14 Plus,Screen damage,"Screen damage INR 32,900",32900.0,INR,ok,,https://support.apple.com/en-in/iphone/repair?services=service
2026-08-14T10:11:10+00:00,Apple,iPhone 14,Back glass damage,"Back glass damage INR 14,900",14900.0,INR,ok,,https://support.apple.com/en-in/iphone/repair?services=service
2026-08-14T10:11:10+00:00,Apple,iPhone 14,Battery service,"Battery service INR 9,800",9800.0,INR,ok,,https://support.apple.com/en-in/iphone/repair?services=service
2026-08-14T10:11:10+00:00,Apple,iPhone 14,Other damage,"Other damage INR 52,100",52100.0,INR,ok,,https://support.apple.com/en-in/iphone/repair?services=service
2026-08-14T10:11:10+00:00,Apple,iPhone 14,Rear camera damage,"Rear camera damage INR 16,900",16900.0,INR,ok,,https://support.apple.com/en-in/iphone/repair?services=service
2026-08-14T10:11:10+00:00,Apple,iPhone 14,Screen and back glass damage,"Screen and back glass damage INR 33,500",33500.0,INR,ok,,https://support.apple.com/en-in/iphone/repair?services=service
2026-08-14T10:11:10+00:00,Apple,iPhone 14,Screen damage,"Screen damage INR 25,500",25500.0,INR,ok,,https://support.apple.com/en-in/iphone/repair?services=service
2026-08-14T10:11:15+00:00,Apple,iPhone 13 Pro Max,Back glass damage,"Back glass damage INR 52,900",52900.0,INR,ok,,https://support.apple.com/en-in/iphone/repair?services=service
2026-08-14T10:11:15+00:00,Apple,iPhone 13 Pro Max,Battery service,"Battery service INR 8,800",8800.0,INR,ok,,https://support.apple.com/en-in/iphone/repair?services=service
2026-08-14T10:11:15+00:00,Apple,iPhone 13 Pro Max,Other damage,"Other damage INR 66,500",66500.0,INR,ok,,https://support.apple.com/en-in/iphone/repair?services=service
2026-08-14T10:11:15+00:00,Apple,iPhone 13 Pro Max,Rear camera damage,"Rear camera damage INR 19,900",19900.0,INR,ok,,https://support.apple.com/en-in/iphone/repair?services=service
2026-08-14T10:11:15+00:00,Apple,iPhone 13 Pro Max,Screen and back glass damage,"Screen and back glass damage INR 66,500",66500.0,INR,ok,,https://support.apple.com/en-in/iphone/repair?services=service
2026-08-14T10:11:15+00:00,Apple,iPhone 13 Pro Max,Screen damage,"Screen damage INR 32,900",32900.0,INR,ok,,https://support.apple.com/en-in/iphone/repair?services=service
2026-08-14T10:11:19+00:00,Apple,iPhone 13 Pro,Back glass damage,"Back glass damage INR 42,900",42900.0,INR,ok,,https://support.apple.com/en-in/iphone/repair?services=service
2026-08-14T10:11:19+00:00,Apple,iPhone 13 Pro,Battery service,"Battery service INR 8,800",8800.0,INR,ok,,https://support.apple.com/en-in/iphone/repair?services=service
2026-08-14T10:11:19+00:00,Apple,iPhone 13 Pro,Other damage,"Other damage INR 52,100",52100.0,INR,ok,,https://support.apple.com/en-in/iphone/repair?services=service
2026-08-14T10:11:19+00:00,Apple,iPhone 13 Pro,Rear camera damage,"Rear camera damage INR 19,900",19900.0,INR,ok,,https://support.apple.com/en-in/iphone/repair?services=service
2026-08-14T10:11:19+00:00,Apple,iPhone 13 Pro,Screen and back glass damage,"Screen and back glass damage INR 52,100",52100.0,INR,ok,,https://support.apple.com/en-in/iphone/repair?services=service
2026-08-14T10:11:19+00:00,Apple,iPhone 13 Pro,Screen damage,"Screen damage INR 25,500",25500.0,INR,ok,,https://support.apple.com/en-in/iphone/repair?services=service
2026-08-14T10:11:22+00:00,Apple,iPhone 13,Back glass damage,"Back glass damage INR 32,500",32500.0,INR,ok,,https://support.apple.com/en-in/iphone/repair?services=service
2026-08-14T10:11:22+00:00,Apple,iPhone 13,Battery service,"Battery service INR 8,800",8800.0,INR,ok,,https://support.apple.com/en-in/iphone/repair?services=service
2026-08-14T10:11:22+00:00,Apple,iPhone 13,Other damage,"Other damage INR 42,900",42900.0,INR,ok,,https://support.apple.com/en-in/iphone/repair?services=service
2026-08-14T10:11:22+00:00,Apple,iPhone 13,Rear camera damage,"Rear camera damage INR 16,900",16900.0,INR,ok,,https://support.apple.com/en-in/iphone/repair?services=service
2026-08-14T10:11:22+00:00,Apple,iPhone 13,Screen and back glass damage,"Screen and back glass damage INR 42,900",42900.0,INR,ok,,https://support.apple.com/en-in/iphone/repair?services=service
2026-08-14T10:11:22+00:00,Apple,iPhone 13,Screen damage,"Screen damage INR 25,500",25500.0,INR,ok,,https://support.apple.com/en-in/iphone/repair?services=service
2026-08-14T10:11:26+00:00,Apple,iPhone 13 mini,Back glass damage,"Back glass damage INR 29,900",29900.0,INR,ok,,https://support.apple.com/en-in/iphone/repair?services=service
2026-08-14T10:11:26+00:00,Apple,iPhone 13 mini,Battery service,"Battery service INR 8,800",8800.0,INR,ok,,https://support.apple.com/en-in/iphone/repair?services=service
2026-08-14T10:11:26+00:00,Apple,iPhone 13 mini,Other damage,"Other damage INR 36,200",36200.0,INR,ok,,https://support.apple.com/en-in/iphone/repair?services=service
2026-08-14T10:11:26+00:00,Apple,iPhone 13 mini,Rear camera damage,"Rear camera damage INR 16,900",16900.0,INR,ok,,https://support.apple.com/en-in/iphone/repair?services=service
2026-08-14T10:11:26+00:00,Apple,iPhone 13 mini,Screen and back glass damage,"Screen and back glass damage INR 36,200",36200.0,INR,ok,,https://support.apple.com/en-in/iphone/repair?services=service
2026-08-14T10:11:26+00:00,Apple,iPhone 13 mini,Screen damage,"Screen damage INR 21,000",21000.0,INR,ok,,https://support.apple.com/en-in/iphone/repair?services=service
2026-08-14T10:11:31+00:00,Apple,iPhone 12 Pro Max,Back glass damage,"Back glass damage INR 52,900",52900.0,INR,ok,,https://support.apple.com/en-in/iphone/repair?services=service
2026-08-14T10:11:31+00:00,Apple,iPhone 12 Pro Max,Battery service,"Battery service INR 8,800",8800.0,INR,ok,,https://support.apple.com/en-in/iphone/repair?services=service
2026-08-14T10:11:31+00:00,Apple,iPhone 12 Pro Max,Other damage,"Other damage INR 66,500",66500.0,INR,ok,,https://support.apple.com/en-in/iphone/repair?services=service
2026-08-14T10:11:31+00:00,Apple,iPhone 12 Pro Max,Rear camera damage,"Rear camera damage INR 19,900",19900.0,INR,ok,,https://support.apple.com/en-in/iphone/repair?services=service
2026-08-14T10:11:31+00:00,Apple,iPhone 12 Pro Max,Screen and back glass damage,"Screen and back glass damage INR 66,500",66500.0,INR,ok,,https://support.apple.com/en-in/iphone/repair?services=service
2026-08-14T10:11:31+00:00,Apple,iPhone 12 Pro Max,Screen damage,"Screen damage INR 32,900",32900.0,INR,ok,,https://support.apple.com/en-in/iphone/repair?services=service
2026-08-14T10:11:34+00:00,Apple,iPhone 12 Pro,Back glass damage,"Back glass damage INR 42,900",42900.0,INR,ok,,https://support.apple.com/en-in/iphone/repair?services=service
2026-08-14T10:11:34+00:00,Apple,iPhone 12 Pro,Battery service,"Battery service INR 8,800",8800.0,INR,ok,,https://support.apple.com/en-in/iphone/repair?services=service
2026-08-14T10:11:34+00:00,Apple,iPhone 12 Pro,Other damage,"Other damage INR 52,100",52100.0,INR,ok,,https://support.apple.com/en-in/iphone/repair?services=service
2026-08-14T10:11:34+00:00,Apple,iPhone 12 Pro,Rear camera damage,"Rear camera damage INR 19,900",19900.0,INR,ok,,https://support.apple.com/en-in/iphone/repair?services=service
2026-08-14T10:11:34+00:00,Apple,iPhone 12 Pro,Screen and back glass damage,"Screen and back glass damage INR 52,100",52100.0,INR,ok,,https://support.apple.com/en-in/iphone/repair?services=service
2026-08-14T10:11:34+00:00,Apple,iPhone 12 Pro,Screen damage,"Screen damage INR 25,500",25500.0,INR,ok,,https://support.apple.com/en-in/iphone/repair?services=service
2026-08-14T10:11:38+00:00,Apple,iPhone 12,Back glass damage,"Back glass damage INR 32,500",32500.0,INR,ok,,https://support.apple.com/en-in/iphone/repair?services=service
2026-08-14T10:11:38+00:00,Apple,iPhone 12,Battery service,"Battery service INR 8,800",8800.0,INR,ok,,https://support.apple.com/en-in/iphone/repair?services=service
2026-08-14T10:11:38+00:00,Apple,iPhone 12,Other damage,"Other damage INR 42,900",42900.0,INR,ok,,https://support.apple.com/en-in/iphone/repair?services=service
2026-08-14T10:11:38+00:00,Apple,iPhone 12,Rear camera damage,"Rear camera damage INR 16,900",16900.0,INR,ok,,https://support.apple.com/en-in/iphone/repair?services=service
2026-08-14T10:11:38+00:00,Apple,iPhone 12,Screen and back glass damage,"Screen and back glass damage INR 42,900",42900.0,INR,ok,,https://support.apple.com/en-in/iphone/repair?services=service
2026-08-14T10:11:38+00:00,Apple,iPhone 12,Screen damage,"Screen damage INR 25,500",25500.0,INR,ok,,https://support.apple.com/en-in/iphone/repair?services=service
2026-08-14T10:11:41+00:00,Apple,iPhone 12 mini,Back glass damage,"Back glass damage INR 29,900",29900.0,INR,ok,,https://support.apple.com/en-in/iphone/repair?services=service
2026-08-14T10:11:41+00:00,Apple,iPhone 12 mini,Battery service,"Battery service INR 8,800",8800.0,INR,ok,,https://support.apple.com/en-in/iphone/repair?services=service
2026-08-14T10:11:41+00:00,Apple,iPhone 12 mini,Other damage,"Other damage INR 36,200",36200.0,INR,ok,,https://support.apple.com/en-in/iphone/repair?services=service
2026-08-14T10:11:41+00:00,Apple,iPhone 12 mini,Rear camera damage,"Rear camera damage INR 16,900",16900.0,INR,ok,,https://support.apple.com/en-in/iphone/repair?services=service
2026-08-14T10:11:41+00:00,Apple,iPhone 12 mini,Screen and back glass damage,"Screen and back glass damage INR 36,200",36200.0,INR,ok,,https://support.apple.com/en-in/iphone/repair?services=service
2026-08-14T10:11:41+00:00,Apple,iPhone 12 mini,Screen damage,"Screen damage INR 21,000",21000.0,INR,ok,,https://support.apple.com/en-in/iphone/repair?services=service
2026-08-14T10:11:47+00:00,Apple,iPhone 11,Battery service,"Battery service INR 8,800",8800.0,INR,ok,,https://support.apple.com/en-in/iphone/repair?services=service
2026-08-14T10:11:47+00:00,Apple,iPhone 11,Other damage,"Other damage INR 36,200",36200.0,INR,ok,,https://support.apple.com/en-in/iphone/repair?services=service
2026-08-14T10:11:47+00:00,Apple,iPhone 11,Screen damage,"Screen damage INR 17,400",17400.0,INR,ok,,https://support.apple.com/en-in/iphone/repair?services=service
2026-08-14T10:11:53+00:00,Apple,iPhone SE (3rd generation),Battery service,"Battery service INR 6,800",6800.0,INR,ok,,https://support.apple.com/en-in/iphone/repair?services=service
2026-08-14T10:11:53+00:00,Apple,iPhone SE (3rd generation),Other damage,"Other damage INR 33,500",33500.0,INR,ok,,https://support.apple.com/en-in/iphone/repair?services=service
2026-08-14T10:11:53+00:00,Apple,iPhone SE (3rd generation),Screen damage,"Screen damage INR 13,200",13200.0,INR,ok,,https://support.apple.com/en-in/iphone/repair?services=service
2026-08-14T10:11:57+00:00,Apple,iPhone SE (2nd generation),Battery service,"Battery service INR 6,800",6800.0,INR,ok,,https://support.apple.com/en-in/iphone/repair?services=service
2026-08-14T10:11:57+00:00,Apple,iPhone SE (2nd generation),Other damage,"Other damage INR 27,400",27400.0,INR,ok,,https://support.apple.com/en-in/iphone/repair?services=service
2026-08-14T10:11:57+00:00,Apple,iPhone SE (2nd generation),Screen damage,"Screen damage INR 13,200",13200.0,INR,ok,,https://support.apple.com/en-in/iphone/repair?services=service
2026-08-14T10:12:24+00:00,Samsung,Galaxy Z Fold8 Ultra,- 1 TB,"- 1 TB 1,11,960",1.0,INR,ok,,https://www.samsung.com/in/support/spare-part-pricing-list-for-repair/
2026-08-14T10:12:24+00:00,Samsung,Galaxy Z Fold8 Ultra,- 256 GB,"- 256 GB 72,460",256.0,INR,ok,,https://www.samsung.com/in/support/spare-part-pricing-list-for-repair/
2026-08-14T10:12:24+00:00,Samsung,Galaxy Z Fold8 Ultra,- 512 GB,"- 512 GB 82,550",512.0,INR,ok,,https://www.samsung.com/in/support/spare-part-pricing-list-for-repair/
2026-08-14T10:12:24+00:00,Samsung,Galaxy Z Fold8 Ultra,- Main Screen,"- Main Screen 40,560",40560.0,INR,ok,,https://www.samsung.com/in/support/spare-part-pricing-list-for-repair/
2026-08-14T10:12:24+00:00,Samsung,Galaxy Z Fold8 Ultra,Back Glass/Cover,"Back Glass/Cover 2,570",2570.0,INR,ok,,https://www.samsung.com/in/support/spare-part-pricing-list-for-repair/
2026-08-14T10:12:24+00:00,Samsung,Galaxy Z Fold8 Ultra,Battery,"Battery 2,340",2340.0,INR,ok,,https://www.samsung.com/in/support/spare-part-pricing-list-for-repair/
2026-08-14T10:12:24+00:00,Samsung,Galaxy Z Fold8 Ultra,Main Screen Assembly,"Main Screen Assembly 59,670",59670.0,INR,ok,,https://www.samsung.com/in/support/spare-part-pricing-list-for-repair/
2026-08-14T10:12:28+00:00,Samsung,Galaxy Z Fold8,- 1 TB,"- 1 TB 1,12,370",1.0,INR,ok,,https://www.samsung.com/in/support/spare-part-pricing-list-for-repair/
2026-08-14T10:12:28+00:00,Samsung,Galaxy Z Fold8,- 256 GB,"- 256 GB 72,680",256.0,INR,ok,,https://www.samsung.com/in/support/spare-part-pricing-list-for-repair/
2026-08-14T10:12:28+00:00,Samsung,Galaxy Z Fold8,- 512 GB,"- 512 GB 82,810",512.0,INR,ok,,https://www.samsung.com/in/support/spare-part-pricing-list-for-repair/
2026-08-14T10:12:28+00:00,Samsung,Galaxy Z Fold8,- Main Screen,"- Main Screen 35,490",35490.0,INR,ok,,https://www.samsung.com/in/support/spare-part-pricing-list-for-repair/
2026-08-14T10:12:28+00:00,Samsung,Galaxy Z Fold8,Back Glass/Cover,"Back Glass/Cover 2,300",2300.0,INR,ok,,https://www.samsung.com/in/support/spare-part-pricing-list-for-repair/
2026-08-14T10:12:28+00:00,Samsung,Galaxy Z Fold8,Battery,"Battery 2,300",2300.0,INR,ok,,https://www.samsung.com/in/support/spare-part-pricing-list-for-repair/
2026-08-14T10:12:28+00:00,Samsung,Galaxy Z Fold8,Main Screen Assembly,"Main Screen Assembly 54,130",54130.0,INR,ok,,https://www.samsung.com/in/support/spare-part-pricing-list-for-repair/
2026-08-14T10:12:31+00:00,Samsung,Galaxy Z Flip8,- 256 GB,"- 256 GB 46,670",256.0,INR,ok,,https://www.samsung.com/in/support/spare-part-pricing-list-for-repair/
2026-08-14T10:12:31+00:00,Samsung,Galaxy Z Flip8,- 512 GB,"- 512 GB 52,980",512.0,INR,ok,,https://www.samsung.com/in/support/spare-part-pricing-list-for-repair/
2026-08-14T10:12:31+00:00,Samsung,Galaxy Z Flip8,- Main Screen,"- Main Screen 13,410",13410.0,INR,ok,,https://www.samsung.com/in/support/spare-part-pricing-list-for-repair/
2026-08-14T10:12:31+00:00,Samsung,Galaxy Z Flip8,Back Glass/Cover,Back Glass/Cover 520,520.0,INR,ok,,https://www.samsung.com/in/support/spare-part-pricing-list-for-repair/
2026-08-14T10:12:31+00:00,Samsung,Galaxy Z Flip8,Battery,"Battery 2,410",2410.0,INR,ok,,https://www.samsung.com/in/support/spare-part-pricing-list-for-repair/
2026-08-14T10:12:31+00:00,Samsung,Galaxy Z Flip8,Main Screen Assembly,"Main Screen Assembly 26,760",26760.0,INR,ok,,https://www.samsung.com/in/support/spare-part-pricing-list-for-repair/
2026-08-14T10:12:35+00:00,Samsung,Galaxy Z Fold7,- 1 TB,"- 1 TB 65,910",1.0,INR,ok,,https://www.samsung.com/in/support/spare-part-pricing-list-for-repair/
2026-08-14T10:12:35+00:00,Samsung,Galaxy Z Fold7,- 256 GB,"- 256 GB 56,550",256.0,INR,ok,,https://www.samsung.com/in/support/spare-part-pricing-list-for-repair/
2026-08-14T10:12:35+00:00,Samsung,Galaxy Z Fold7,- 512 GB,"- 512 GB 63,200",512.0,INR,ok,,https://www.samsung.com/in/support/spare-part-pricing-list-for-repair/
2026-08-14T10:12:35+00:00,Samsung,Galaxy Z Fold7,- Component Repair,"- Component Repair 36,279",36279.0,INR,ok,,https://www.samsung.com/in/support/spare-part-pricing-list-for-repair/
2026-08-14T10:12:35+00:00,Samsung,Galaxy Z Fold7,Back Glass/Cover,"Back Glass/Cover 2,610",2610.0,INR,ok,,https://www.samsung.com/in/support/spare-part-pricing-list-for-repair/
2026-08-14T10:12:35+00:00,Samsung,Galaxy Z Fold7,Battery,"Battery 1,690",1690.0,INR,ok,,https://www.samsung.com/in/support/spare-part-pricing-list-for-repair/
2026-08-14T10:12:35+00:00,Samsung,Galaxy Z Fold7,Main Screen Assembly,"Main Screen Assembly 51,810",51810.0,INR,ok,,https://www.samsung.com/in/support/spare-part-pricing-list-for-repair/
2026-08-14T10:12:35+00:00,Samsung,Galaxy Z Fold7,Sub Screen,"Sub Screen 7,940",7940.0,INR,ok,,https://www.samsung.com/in/support/spare-part-pricing-list-for-repair/
2026-08-14T10:12:39+00:00,Samsung,Galaxy Z Flip7,- 256 GB,"- 256 GB 37,040",256.0,INR,ok,,https://www.samsung.com/in/support/spare-part-pricing-list-for-repair/
2026-08-14T10:12:39+00:00,Samsung,Galaxy Z Flip7,- 512 GB,"- 512 GB 41,120",512.0,INR,ok,,https://www.samsung.com/in/support/spare-part-pricing-list-for-repair/
2026-08-14T10:12:39+00:00,Samsung,Galaxy Z Flip7,- Component Repair,"- Component Repair 14,296",14296.0,INR,ok,,https://www.samsung.com/in/support/spare-part-pricing-list-for-repair/
2026-08-14T10:12:39+00:00,Samsung,Galaxy Z Flip7,Back Glass/Cover,"Back Glass/Cover 1,240",1240.0,INR,ok,,https://www.samsung.com/in/support/spare-part-pricing-list-for-repair/
2026-08-14T10:12:39+00:00,Samsung,Galaxy Z Flip7,Battery,"Battery 1,760",1760.0,INR,ok,,https://www.samsung.com/in/support/spare-part-pricing-list-for-repair/
2026-08-14T10:12:39+00:00,Samsung,Galaxy Z Flip7,Main Screen Assembly,"Main Screen Assembly 23,270",23270.0,INR,ok,,https://www.samsung.com/in/support/spare-part-pricing-list-for-repair/
2026-08-14T10:12:39+00:00,Samsung,Galaxy Z Flip7,Sub Screen,"Sub Screen 5,810",5810.0,INR,ok,,https://www.samsung.com/in/support/spare-part-pricing-list-for-repair/
2026-08-14T10:12:43+00:00,Samsung,Galaxy Z Flip7 FE,- 128 GB,"- 128 GB 23,070",128.0,INR,ok,,https://www.samsung.com/in/support/spare-part-pricing-list-for-repair/
2026-08-14T10:12:43+00:00,Samsung,Galaxy Z Flip7 FE,- 256 GB,"- 256 GB 24,020",256.0,INR,ok,,https://www.samsung.com/in/support/spare-part-pricing-list-for-repair/
2026-08-14T10:12:43+00:00,Samsung,Galaxy Z Flip7 FE,- Component Repair,"- Component Repair 12,385",12385.0,INR,ok,,https://www.samsung.com/in/support/spare-part-pricing-list-for-repair/
2026-08-14T10:12:43+00:00,Samsung,Galaxy Z Flip7 FE,Back Glass/Cover,Back Glass/Cover 930,930.0,INR,ok,,https://www.samsung.com/in/support/spare-part-pricing-list-for-repair/
2026-08-14T10:12:43+00:00,Samsung,Galaxy Z Flip7 FE,Battery,"Battery 1,560",1560.0,INR,ok,,https://www.samsung.com/in/support/spare-part-pricing-list-for-repair/
2026-08-14T10:12:43+00:00,Samsung,Galaxy Z Flip7 FE,Main Screen Assembly,"Main Screen Assembly 21,900",21900.0,INR,ok,,https://www.samsung.com/in/support/spare-part-pricing-list-for-repair/
2026-08-14T10:12:43+00:00,Samsung,Galaxy Z Flip7 FE,Sub Screen,"Sub Screen 4,640",4640.0,INR,ok,,https://www.samsung.com/in/support/spare-part-pricing-list-for-repair/
2026-08-14T10:12:46+00:00,Samsung,Galaxy Z Fold6,- 1 TB,"- 1 TB 51,300",1.0,INR,ok,,https://www.samsung.com/in/support/spare-part-pricing-list-for-repair/
2026-08-14T10:12:46+00:00,Samsung,Galaxy Z Fold6,- 256 GB,"- 256 GB 48,270",256.0,INR,ok,,https://www.samsung.com/in/support/spare-part-pricing-list-for-repair/
2026-08-14T10:12:46+00:00,Samsung,Galaxy Z Fold6,- 512 GB,"- 512 GB 42,460",512.0,INR,ok,,https://www.samsung.com/in/support/spare-part-pricing-list-for-repair/
2026-08-14T10:12:46+00:00,Samsung,Galaxy Z Fold6,- Component Repair,"- Component Repair 34,578",34578.0,INR,ok,,https://www.samsung.com/in/support/spare-part-pricing-list-for-repair/
2026-08-14T10:12:46+00:00,Samsung,Galaxy Z Fold6,Back Glass/Cover,"Back Glass/Cover 2,670",2670.0,INR,ok,,https://www.samsung.com/in/support/spare-part-pricing-list-for-repair/
2026-08-14T10:12:46+00:00,Samsung,Galaxy Z Fold6,Battery,"Battery 1,630",1630.0,INR,ok,,https://www.samsung.com/in/support/spare-part-pricing-list-for-repair/
2026-08-14T10:12:46+00:00,Samsung,Galaxy Z Fold6,Main Screen Assembly,"Main Screen Assembly 47,420",47420.0,INR,ok,,https://www.samsung.com/in/support/spare-part-pricing-list-for-repair/
2026-08-14T10:12:46+00:00,Samsung,Galaxy Z Fold6,Sub Screen,"Sub Screen 6,300",6300.0,INR,ok,,https://www.samsung.com/in/support/spare-part-pricing-list-for-repair/
2026-08-14T10:12:50+00:00,Samsung,Galaxy Z Flip6,- 256 GB,"- 256 GB 37,040",256.0,INR,ok,,https://www.samsung.com/in/support/spare-part-pricing-list-for-repair/
2026-08-14T10:12:50+00:00,Samsung,Galaxy Z Flip6,- 512 GB,"- 512 GB 48,770",512.0,INR,ok,,https://www.samsung.com/in/support/spare-part-pricing-list-for-repair/
2026-08-14T10:12:50+00:00,Samsung,Galaxy Z Flip6,- Component Repair,"- Component Repair 13,438",13438.0,INR,ok,,https://www.samsung.com/in/support/spare-part-pricing-list-for-repair/
2026-08-14T10:12:50+00:00,Samsung,Galaxy Z Flip6,- Frame,"- Frame 9,700",9700.0,INR,ok,,https://www.samsung.com/in/support/spare-part-pricing-list-for-repair/
2026-08-14T10:12:50+00:00,Samsung,Galaxy Z Flip6,Back Glass/Cover,"Back Glass/Cover 1,540",1540.0,INR,ok,,https://www.samsung.com/in/support/spare-part-pricing-list-for-repair/
2026-08-14T10:12:50+00:00,Samsung,Galaxy Z Flip6,Battery,"Battery 1,640",1640.0,INR,ok,,https://www.samsung.com/in/support/spare-part-pricing-list-for-repair/
2026-08-14T10:12:50+00:00,Samsung,Galaxy Z Flip6,Main Screen Assembly,"Main Screen Assembly 19,830",19830.0,INR,ok,,https://www.samsung.com/in/support/spare-part-pricing-list-for-repair/
2026-08-14T10:12:50+00:00,Samsung,Galaxy Z Flip6,Sub Screen,"Sub Screen 5,150",5150.0,INR,ok,,https://www.samsung.com/in/support/spare-part-pricing-list-for-repair/
2026-08-14T10:12:54+00:00,Samsung,Galaxy Z Fold5,- 1 TB,"- 1 TB 48,460",1.0,INR,ok,,https://www.samsung.com/in/support/spare-part-pricing-list-for-repair/
2026-08-14T10:12:54+00:00,Samsung,Galaxy Z Fold5,- 256 GB,"- 256 GB 39,670",256.0,INR,ok,,https://www.samsung.com/in/support/spare-part-pricing-list-for-repair/
2026-08-14T10:12:54+00:00,Samsung,Galaxy Z Fold5,- 512 GB,"- 512 GB 43,640",512.0,INR,ok,,https://www.samsung.com/in/support/spare-part-pricing-list-for-repair/
2026-08-14T10:12:54+00:00,Samsung,Galaxy Z Fold5,- Component Repair,"- Component Repair 33,235",33235.0,INR,ok,,https://www.samsung.com/in/support/spare-part-pricing-list-for-repair/
2026-08-14T10:12:54+00:00,Samsung,Galaxy Z Fold5,Back Glass/Cover,"Back Glass/Cover 2,520",2520.0,INR,ok,,https://www.samsung.com/in/support/spare-part-pricing-list-for-repair/
2026-08-14T10:12:54+00:00,Samsung,Galaxy Z Fold5,Battery,"Battery 1,560",1560.0,INR,ok,,https://www.samsung.com/in/support/spare-part-pricing-list-for-repair/
2026-08-14T10:12:54+00:00,Samsung,Galaxy Z Fold5,Main Screen Assembly,"Main Screen Assembly 48,160",48160.0,INR,ok,,https://www.samsung.com/in/support/spare-part-pricing-list-for-repair/
2026-08-14T10:12:54+00:00,Samsung,Galaxy Z Fold5,S Pen,S Pen N/A,,INR,ok,,https://www.samsung.com/in/support/spare-part-pricing-list-for-repair/
2026-08-14T10:12:54+00:00,Samsung,Galaxy Z Fold5,Sub Screen,"Sub Screen 6,420",6420.0,INR,ok,,https://www.samsung.com/in/support/spare-part-pricing-list-for-repair/
2026-08-14T10:12:57+00:00,Samsung,Galaxy Z Flip5,- 256 GB,"- 256 GB 33,650",256.0,INR,ok,,https://www.samsung.com/in/support/spare-part-pricing-list-for-repair/
2026-08-14T10:12:57+00:00,Samsung,Galaxy Z Flip5,- 512 GB,"- 512 GB 37,040",512.0,INR,ok,,https://www.samsung.com/in/support/spare-part-pricing-list-for-repair/
2026-08-14T10:12:57+00:00,Samsung,Galaxy Z Flip5,- Component Repair,"- Component Repair 19,510",19510.0,INR,ok,,https://www.samsung.com/in/support/spare-part-pricing-list-for-repair/
2026-08-14T10:12:57+00:00,Samsung,Galaxy Z Flip5,Back Glass/Cover,"Back Glass/Cover 1,350",1350.0,INR,ok,,https://www.samsung.com/in/support/spare-part-pricing-list-for-repair/
2026-08-14T10:12:57+00:00,Samsung,Galaxy Z Flip5,Battery,"Battery 1,800",1800.0,INR,ok,,https://www.samsung.com/in/support/spare-part-pricing-list-for-repair/
2026-08-14T10:12:57+00:00,Samsung,Galaxy Z Flip5,Main Screen Assembly,"Main Screen Assembly 26,740",26740.0,INR,ok,,https://www.samsung.com/in/support/spare-part-pricing-list-for-repair/
2026-08-14T10:12:57+00:00,Samsung,Galaxy Z Flip5,Sub Screen,"Sub Screen 5,510",5510.0,INR,ok,,https://www.samsung.com/in/support/spare-part-pricing-list-for-repair/
2026-08-14T10:13:01+00:00,Samsung,Galaxy Z Fold4,- 1 TB,"- 1 TB 45,950",1.0,INR,ok,,https://www.samsung.com/in/support/spare-part-pricing-list-for-repair/
2026-08-14T10:13:01+00:00,Samsung,Galaxy Z Fold4,- 256 GB,"- 256 GB 34,360",256.0,INR,ok,,https://www.samsung.com/in/support/spare-part-pricing-list-for-repair/
2026-08-14T10:13:01+00:00,Samsung,Galaxy Z Fold4,- 512 GB,"- 512 GB 39,270",512.0,INR,ok,,https://www.samsung.com/in/support/spare-part-pricing-list-for-repair/
2026-08-14T10:13:01+00:00,Samsung,Galaxy Z Fold4,- Component Repair,"- Component Repair 40,341",40341.0,INR,ok,,https://www.samsung.com/in/support/spare-part-pricing-list-for-repair/
2026-08-14T10:13:01+00:00,Samsung,Galaxy Z Fold4,Back Glass/Cover,"Back Glass/Cover 2,520",2520.0,INR,ok,,https://www.samsung.com/in/support/spare-part-pricing-list-for-repair/
2026-08-14T10:13:01+00:00,Samsung,Galaxy Z Fold4,Battery,Battery 950,950.0,INR,ok,,https://www.samsung.com/in/support/spare-part-pricing-list-for-repair/
2026-08-14T10:13:01+00:00,Samsung,Galaxy Z Fold4,Main Screen Assembly,"Main Screen Assembly 46,420",46420.0,INR,ok,,https://www.samsung.com/in/support/spare-part-pricing-list-for-repair/
2026-08-14T10:13:01+00:00,Samsung,Galaxy Z Fold4,Sub Screen,"Sub Screen 6,450",6450.0,INR,ok,,https://www.samsung.com/in/support/spare-part-pricing-list-for-repair/
2026-08-14T10:13:05+00:00,Samsung,Galaxy Z Flip4,- 128 GB,"- 128 GB 25,630",128.0,INR,ok,,https://www.samsung.com/in/support/spare-part-pricing-list-for-repair/
2026-08-14T10:13:05+00:00,Samsung,Galaxy Z Flip4,- 256 GB,"- 256 GB 27,070",256.0,INR,ok,,https://www.samsung.com/in/support/spare-part-pricing-list-for-repair/
2026-08-14T10:13:05+00:00,Samsung,Galaxy Z Flip4,- Component Repair,"- Component Repair 23,074",23074.0,INR,ok,,https://www.samsung.com/in/support/spare-part-pricing-list-for-repair/
2026-08-14T10:13:05+00:00,Samsung,Galaxy Z Flip4,Back Glass/Cover,"Back Glass/Cover 1,520",1520.0,INR,ok,,https://www.samsung.com/in/support/spare-part-pricing-list-for-repair/
2026-08-14T10:13:05+00:00,Samsung,Galaxy Z Flip4,Battery,Battery 910,910.0,INR,ok,,https://www.samsung.com/in/support/spare-part-pricing-list-for-repair/
2026-08-14T10:13:05+00:00,Samsung,Galaxy Z Flip4,Main Screen Assembly,"Main Screen Assembly 31,180",31180.0,INR,ok,,https://www.samsung.com/in/support/spare-part-pricing-list-for-repair/
2026-08-14T10:13:05+00:00,Samsung,Galaxy Z Flip4,Sub Screen,"Sub Screen 4,430",4430.0,INR,ok,,https://www.samsung.com/in/support/spare-part-pricing-list-for-repair/
2026-08-14T10:13:08+00:00,Samsung,Galaxy Z Fold3,- 256 GB,"- 256 GB 34,510",256.0,INR,ok,,https://www.samsung.com/in/support/spare-part-pricing-list-for-repair/
2026-08-14T10:13:08+00:00,Samsung,Galaxy Z Fold3,- Component Repair,"- Component Repair 35,834",35834.0,INR,ok,,https://www.samsung.com/in/support/spare-part-pricing-list-for-repair/
2026-08-14T10:13:08+00:00,Samsung,Galaxy Z Fold3,-Front Camera,"-Front Camera 2,340",2340.0,INR,ok,,https://www.samsung.com/in/support/spare-part-pricing-list-for-repair/
2026-08-14T10:13:08+00:00,Samsung,Galaxy Z Fold3,-Rear Camera,"-Rear Camera 1,120",1120.0,INR,ok,,https://www.samsung.com/in/support/spare-part-pricing-list-for-repair/
2026-08-14T10:13:08+00:00,Samsung,Galaxy Z Fold3,-Telephoto Camera,"-Telephoto Camera 4,850",4850.0,INR,ok,,https://www.samsung.com/in/support/spare-part-pricing-list-for-repair/
2026-08-14T10:13:08+00:00,Samsung,Galaxy Z Fold3,-Ultra Wide Camera,"-Ultra Wide Camera 1,300",1300.0,INR,ok,,https://www.samsung.com/in/support/spare-part-pricing-list-for-repair/
2026-08-14T10:13:08+00:00,Samsung,Galaxy Z Fold3,Back Glass/Cover,"Back Glass/Cover 3,520",3520.0,INR,ok,,https://www.samsung.com/in/support/spare-part-pricing-list-for-repair/
2026-08-14T10:13:08+00:00,Samsung,Galaxy Z Fold3,Battery,"Battery 1,890",1890.0,INR,ok,,https://www.samsung.com/in/support/spare-part-pricing-list-for-repair/
2026-08-14T10:13:08+00:00,Samsung,Galaxy Z Fold3,Main Screen Assembly,"Main Screen Assembly 45,570",45570.0,INR,ok,,https://www.samsung.com/in/support/spare-part-pricing-list-for-repair/
2026-08-14T10:13:12+00:00,Samsung,Galaxy Z Flip3,- 128 GB,"- 128 GB 28,550",128.0,INR,ok,,https://www.samsung.com/in/support/spare-part-pricing-list-for-repair/
2026-08-14T10:13:12+00:00,Samsung,Galaxy Z Flip3,- 256 GB,"- 256 GB 29,910",256.0,INR,ok,,https://www.samsung.com/in/support/spare-part-pricing-list-for-repair/
2026-08-14T10:13:12+00:00,Samsung,Galaxy Z Flip3,- Component Repair,"- Component Repair 17,687",17687.0,INR,ok,,https://www.samsung.com/in/support/spare-part-pricing-list-for-repair/
2026-08-14T10:13:12+00:00,Samsung,Galaxy Z Flip3,-Front Camera,"-Front Camera 3,100",3100.0,INR,ok,,https://www.samsung.com/in/support/spare-part-pricing-list-for-repair/
2026-08-14T10:13:12+00:00,Samsung,Galaxy Z Flip3,-Rear Camera,"-Rear Camera 1,080",1080.0,INR,ok,,https://www.samsung.com/in/support/spare-part-pricing-list-for-repair/
2026-08-14T10:13:12+00:00,Samsung,Galaxy Z Flip3,-Telephoto Camera,"-Telephoto Camera 1,750",1750.0,INR,ok,,https://www.samsung.com/in/support/spare-part-pricing-list-for-repair/
2026-08-14T10:13:12+00:00,Samsung,Galaxy Z Flip3,Back Glass/Cover,"Back Glass/Cover 1,290",1290.0,INR,ok,,https://www.samsung.com/in/support/spare-part-pricing-list-for-repair/
2026-08-14T10:13:12+00:00,Samsung,Galaxy Z Flip3,Battery,Battery 890,890.0,INR,ok,,https://www.samsung.com/in/support/spare-part-pricing-list-for-repair/
2026-08-14T10:13:12+00:00,Samsung,Galaxy Z Flip3,Main Screen Assembly,"Main Screen Assembly 27,610",27610.0,INR,ok,,https://www.samsung.com/in/support/spare-part-pricing-list-for-repair/
2026-08-14T10:13:17+00:00,Samsung,Galaxy Z Fold8 Ultra,- 1 TB,"- 1 TB 1,11,960",1.0,INR,ok,,https://www.samsung.com/in/support/spare-part-pricing-list-for-repair/
2026-08-14T10:13:17+00:00,Samsung,Galaxy Z Fold8 Ultra,- 256 GB,"- 256 GB 72,460",256.0,INR,ok,,https://www.samsung.com/in/support/spare-part-pricing-list-for-repair/
2026-08-14T10:13:17+00:00,Samsung,Galaxy Z Fold8 Ultra,- 512 GB,"- 512 GB 82,550",512.0,INR,ok,,https://www.samsung.com/in/support/spare-part-pricing-list-for-repair/
2026-08-14T10:13:17+00:00,Samsung,Galaxy Z Fold8 Ultra,- Main Screen,"- Main Screen 40,560",40560.0,INR,ok,,https://www.samsung.com/in/support/spare-part-pricing-list-for-repair/
2026-08-14T10:13:17+00:00,Samsung,Galaxy Z Fold8 Ultra,Back Glass/Cover,"Back Glass/Cover 2,570",2570.0,INR,ok,,https://www.samsung.com/in/support/spare-part-pricing-list-for-repair/
2026-08-14T10:13:17+00:00,Samsung,Galaxy Z Fold8 Ultra,Battery,"Battery 2,340",2340.0,INR,ok,,https://www.samsung.com/in/support/spare-part-pricing-list-for-repair/
2026-08-14T10:13:17+00:00,Samsung,Galaxy Z Fold8 Ultra,Main Screen Assembly,"Main Screen Assembly 59,670",59670.0,INR,ok,,https://www.samsung.com/in/support/spare-part-pricing-list-for-repair/
2026-08-14T10:13:21+00:00,Samsung,Galaxy Z Fold8,- 1 TB,"- 1 TB 1,12,370",1.0,INR,ok,,https://www.samsung.com/in/support/spare-part-pricing-list-for-repair/
2026-08-14T10:13:21+00:00,Samsung,Galaxy Z Fold8,- 256 GB,"- 256 GB 72,680",256.0,INR,ok,,https://www.samsung.com/in/support/spare-part-pricing-list-for-repair/
2026-08-14T10:13:21+00:00,Samsung,Galaxy Z Fold8,- 512 GB,"- 512 GB 82,810",512.0,INR,ok,,https://www.samsung.com/in/support/spare-part-pricing-list-for-repair/
2026-08-14T10:13:21+00:00,Samsung,Galaxy Z Fold8,- Main Screen,"- Main Screen 35,490",35490.0,INR,ok,,https://www.samsung.com/in/support/spare-part-pricing-list-for-repair/
2026-08-14T10:13:21+00:00,Samsung,Galaxy Z Fold8,Back Glass/Cover,"Back Glass/Cover 2,300",2300.0,INR,ok,,https://www.samsung.com/in/support/spare-part-pricing-list-for-repair/
2026-08-14T10:13:21+00:00,Samsung,Galaxy Z Fold8,Battery,"Battery 2,300",2300.0,INR,ok,,https://www.samsung.com/in/support/spare-part-pricing-list-for-repair/
2026-08-14T10:13:21+00:00,Samsung,Galaxy Z Fold8,Main Screen Assembly,"Main Screen Assembly 54,130",54130.0,INR,ok,,https://www.samsung.com/in/support/spare-part-pricing-list-for-repair/
2026-08-14T10:13:24+00:00,Samsung,Galaxy Z Flip8,- 256 GB,"- 256 GB 46,670",256.0,INR,ok,,https://www.samsung.com/in/support/spare-part-pricing-list-for-repair/
2026-08-14T10:13:24+00:00,Samsung,Galaxy Z Flip8,- 512 GB,"- 512 GB 52,980",512.0,INR,ok,,https://www.samsung.com/in/support/spare-part-pricing-list-for-repair/
2026-08-14T10:13:24+00:00,Samsung,Galaxy Z Flip8,- Main Screen,"- Main Screen 13,410",13410.0,INR,ok,,https://www.samsung.com/in/support/spare-part-pricing-list-for-repair/
2026-08-14T10:13:24+00:00,Samsung,Galaxy Z Flip8,Back Glass/Cover,Back Glass/Cover 520,520.0,INR,ok,,https://www.samsung.com/in/support/spare-part-pricing-list-for-repair/
2026-08-14T10:13:24+00:00,Samsung,Galaxy Z Flip8,Battery,"Battery 2,410",2410.0,INR,ok,,https://www.samsung.com/in/support/spare-part-pricing-list-for-repair/
2026-08-14T10:13:24+00:00,Samsung,Galaxy Z Flip8,Main Screen Assembly,"Main Screen Assembly 26,760",26760.0,INR,ok,,https://www.samsung.com/in/support/spare-part-pricing-list-for-repair/
2026-08-14T10:13:28+00:00,Samsung,Galaxy Z Fold7,- 1 TB,"- 1 TB 65,910",1.0,INR,ok,,https://www.samsung.com/in/support/spare-part-pricing-list-for-repair/
2026-08-14T10:13:28+00:00,Samsung,Galaxy Z Fold7,- 256 GB,"- 256 GB 56,550",256.0,INR,ok,,https://www.samsung.com/in/support/spare-part-pricing-list-for-repair/
2026-08-14T10:13:28+00:00,Samsung,Galaxy Z Fold7,- 512 GB,"- 512 GB 63,200",512.0,INR,ok,,https://www.samsung.com/in/support/spare-part-pricing-list-for-repair/
2026-08-14T10:13:28+00:00,Samsung,Galaxy Z Fold7,- Component Repair,"- Component Repair 36,279",36279.0,INR,ok,,https://www.samsung.com/in/support/spare-part-pricing-list-for-repair/
2026-08-14T10:13:28+00:00,Samsung,Galaxy Z Fold7,Back Glass/Cover,"Back Glass/Cover 2,610",2610.0,INR,ok,,https://www.samsung.com/in/support/spare-part-pricing-list-for-repair/
2026-08-14T10:13:28+00:00,Samsung,Galaxy Z Fold7,Battery,"Battery 1,690",1690.0,INR,ok,,https://www.samsung.com/in/support/spare-part-pricing-list-for-repair/
2026-08-14T10:13:28+00:00,Samsung,Galaxy Z Fold7,Main Screen Assembly,"Main Screen Assembly 51,810",51810.0,INR,ok,,https://www.samsung.com/in/support/spare-part-pricing-list-for-repair/
2026-08-14T10:13:28+00:00,Samsung,Galaxy Z Fold7,Sub Screen,"Sub Screen 7,940",7940.0,INR,ok,,https://www.samsung.com/in/support/spare-part-pricing-list-for-repair/
2026-08-14T10:13:32+00:00,Samsung,Galaxy Z Flip7,- 256 GB,"- 256 GB 37,040",256.0,INR,ok,,https://www.samsung.com/in/support/spare-part-pricing-list-for-repair/
2026-08-14T10:13:32+00:00,Samsung,Galaxy Z Flip7,- 512 GB,"- 512 GB 41,120",512.0,INR,ok,,https://www.samsung.com/in/support/spare-part-pricing-list-for-repair/
2026-08-14T10:13:32+00:00,Samsung,Galaxy Z Flip7,- Component Repair,"- Component Repair 14,296",14296.0,INR,ok,,https://www.samsung.com/in/support/spare-part-pricing-list-for-repair/
2026-08-14T10:13:32+00:00,Samsung,Galaxy Z Flip7,Back Glass/Cover,"Back Glass/Cover 1,240",1240.0,INR,ok,,https://www.samsung.com/in/support/spare-part-pricing-list-for-repair/
2026-08-14T10:13:32+00:00,Samsung,Galaxy Z Flip7,Battery,"Battery 1,760",1760.0,INR,ok,,https://www.samsung.com/in/support/spare-part-pricing-list-for-repair/
2026-08-14T10:13:32+00:00,Samsung,Galaxy Z Flip7,Main Screen Assembly,"Main Screen Assembly 23,270",23270.0,INR,ok,,https://www.samsung.com/in/support/spare-part-pricing-list-for-repair/
2026-08-14T10:13:32+00:00,Samsung,Galaxy Z Flip7,Sub Screen,"Sub Screen 5,810",5810.0,INR,ok,,https://www.samsung.com/in/support/spare-part-pricing-list-for-repair/
2026-08-14T10:13:35+00:00,Samsung,Galaxy Z Flip7 FE,- 128 GB,"- 128 GB 23,070",128.0,INR,ok,,https://www.samsung.com/in/support/spare-part-pricing-list-for-repair/
2026-08-14T10:13:35+00:00,Samsung,Galaxy Z Flip7 FE,- Component Repair,"- Component Repair 12,385",12385.0,INR,ok,,https://www.samsung.com/in/support/spare-part-pricing-list-for-repair/
2026-08-14T10:13:35+00:00,Samsung,Galaxy Z Flip7 FE,Back Glass/Cover,Back Glass/Cover 930,930.0,INR,ok,,https://www.samsung.com/in/support/spare-part-pricing-list-for-repair/
2026-08-14T10:13:35+00:00,Samsung,Galaxy Z Flip7 FE,Main Screen Assembly,"Main Screen Assembly 21,900",21900.0,INR,ok,,https://www.samsung.com/in/support/spare-part-pricing-list-for-repair/
2026-08-14T10:13:35+00:00,Samsung,Galaxy Z Flip7 FE,Sub Screen,"Sub Screen 4,640",4640.0,INR,ok,,https://www.samsung.com/in/support/spare-part-pricing-list-for-repair/
2026-08-14T10:13:36+00:00,Samsung,Galaxy Z Flip7 FE,- 256 GB,"- 256 GB 24,020",256.0,INR,ok,,https://www.samsung.com/in/support/spare-part-pricing-list-for-repair/
2026-08-14T10:13:36+00:00,Samsung,Galaxy Z Flip7 FE,Battery,"Battery 1,560",1560.0,INR,ok,,https://www.samsung.com/in/support/spare-part-pricing-list-for-repair/
2026-08-14T10:13:39+00:00,Samsung,Galaxy Z Fold6,- 1 TB,"- 1 TB 51,300",1.0,INR,ok,,https://www.samsung.com/in/support/spare-part-pricing-list-for-repair/
2026-08-14T10:13:39+00:00,Samsung,Galaxy Z Fold6,- 256 GB,"- 256 GB 48,270",256.0,INR,ok,,https://www.samsung.com/in/support/spare-part-pricing-list-for-repair/
2026-08-14T10:13:39+00:00,Samsung,Galaxy Z Fold6,- 512 GB,"- 512 GB 42,460",512.0,INR,ok,,https://www.samsung.com/in/support/spare-part-pricing-list-for-repair/
2026-08-14T10:13:39+00:00,Samsung,Galaxy Z Fold6,- Component Repair,"- Component Repair 34,578",34578.0,INR,ok,,https://www.samsung.com/in/support/spare-part-pricing-list-for-repair/
2026-08-14T10:13:39+00:00,Samsung,Galaxy Z Fold6,Back Glass/Cover,"Back Glass/Cover 2,670",2670.0,INR,ok,,https://www.samsung.com/in/support/spare-part-pricing-list-for-repair/
2026-08-14T10:13:39+00:00,Samsung,Galaxy Z Fold6,Battery,"Battery 1,630",1630.0,INR,ok,,https://www.samsung.com/in/support/spare-part-pricing-list-for-repair/
2026-08-14T10:13:39+00:00,Samsung,Galaxy Z Fold6,Main Screen Assembly,"Main Screen Assembly 47,420",47420.0,INR,ok,,https://www.samsung.com/in/support/spare-part-pricing-list-for-repair/
2026-08-14T10:13:39+00:00,Samsung,Galaxy Z Fold6,Sub Screen,"Sub Screen 6,300",6300.0,INR,ok,,https://www.samsung.com/in/support/spare-part-pricing-list-for-repair/
2026-08-14T10:13:43+00:00,Samsung,Galaxy Z Flip6,- 256 GB,"- 256 GB 37,040",256.0,INR,ok,,https://www.samsung.com/in/support/spare-part-pricing-list-for-repair/
2026-08-14T10:13:43+00:00,Samsung,Galaxy Z Flip6,- 512 GB,"- 512 GB 48,770",512.0,INR,ok,,https://www.samsung.com/in/support/spare-part-pricing-list-for-repair/
2026-08-14T10:13:43+00:00,Samsung,Galaxy Z Flip6,- Component Repair,"- Component Repair 13,438",13438.0,INR,ok,,https://www.samsung.com/in/support/spare-part-pricing-list-for-repair/
2026-08-14T10:13:43+00:00,Samsung,Galaxy Z Flip6,- Frame,"- Frame 9,700",9700.0,INR,ok,,https://www.samsung.com/in/support/spare-part-pricing-list-for-repair/
2026-08-14T10:13:43+00:00,Samsung,Galaxy Z Flip6,Back Glass/Cover,"Back Glass/Cover 1,540",1540.0,INR,ok,,https://www.samsung.com/in/support/spare-part-pricing-list-for-repair/
2026-08-14T10:13:43+00:00,Samsung,Galaxy Z Flip6,Battery,"Battery 1,640",1640.0,INR,ok,,https://www.samsung.com/in/support/spare-part-pricing-list-for-repair/
2026-08-14T10:13:43+00:00,Samsung,Galaxy Z Flip6,Main Screen Assembly,"Main Screen Assembly 19,830",19830.0,INR,ok,,https://www.samsung.com/in/support/spare-part-pricing-list-for-repair/
2026-08-14T10:13:43+00:00,Samsung,Galaxy Z Flip6,Sub Screen,"Sub Screen 5,150",5150.0,INR,ok,,https://www.samsung.com/in/support/spare-part-pricing-list-for-repair/
2026-08-14T10:13:47+00:00,Samsung,Galaxy Z Fold5,- 1 TB,"- 1 TB 48,460",1.0,INR,ok,,https://www.samsung.com/in/support/spare-part-pricing-list-for-repair/
2026-08-14T10:13:47+00:00,Samsung,Galaxy Z Fold5,- 256 GB,"- 256 GB 39,670",256.0,INR,ok,,https://www.samsung.com/in/support/spare-part-pricing-list-for-repair/
2026-08-14T10:13:47+00:00,Samsung,Galaxy Z Fold5,- 512 GB,"- 512 GB 43,640",512.0,INR,ok,,https://www.samsung.com/in/support/spare-part-pricing-list-for-repair/
2026-08-14T10:13:47+00:00,Samsung,Galaxy Z Fold5,- Component Repair,"- Component Repair 33,235",33235.0,INR,ok,,https://www.samsung.com/in/support/spare-part-pricing-list-for-repair/
2026-08-14T10:13:47+00:00,Samsung,Galaxy Z Fold5,Back Glass/Cover,"Back Glass/Cover 2,520",2520.0,INR,ok,,https://www.samsung.com/in/support/spare-part-pricing-list-for-repair/
2026-08-14T10:13:47+00:00,Samsung,Galaxy Z Fold5,Battery,"Battery 1,560",1560.0,INR,ok,,https://www.samsung.com/in/support/spare-part-pricing-list-for-repair/
2026-08-14T10:13:47+00:00,Samsung,Galaxy Z Fold5,Main Screen Assembly,"Main Screen Assembly 48,160",48160.0,INR,ok,,https://www.samsung.com/in/support/spare-part-pricing-list-for-repair/
2026-08-14T10:13:47+00:00,Samsung,Galaxy Z Fold5,S Pen,S Pen N/A,,INR,ok,,https://www.samsung.com/in/support/spare-part-pricing-list-for-repair/
2026-08-14T10:13:47+00:00,Samsung,Galaxy Z Fold5,Sub Screen,"Sub Screen 6,420",6420.0,INR,ok,,https://www.samsung.com/in/support/spare-part-pricing-list-for-repair/
2026-08-14T10:13:50+00:00,Samsung,Galaxy Z Flip5,- 256 GB,"- 256 GB 33,650",256.0,INR,ok,,https://www.samsung.com/in/support/spare-part-pricing-list-for-repair/
2026-08-14T10:13:50+00:00,Samsung,Galaxy Z Flip5,- 512 GB,"- 512 GB 37,040",512.0,INR,ok,,https://www.samsung.com/in/support/spare-part-pricing-list-for-repair/
2026-08-14T10:13:50+00:00,Samsung,Galaxy Z Flip5,- Component Repair,"- Component Repair 19,510",19510.0,INR,ok,,https://www.samsung.com/in/support/spare-part-pricing-list-for-repair/
2026-08-14T10:13:50+00:00,Samsung,Galaxy Z Flip5,Back Glass/Cover,"Back Glass/Cover 1,350",1350.0,INR,ok,,https://www.samsung.com/in/support/spare-part-pricing-list-for-repair/
2026-08-14T10:13:50+00:00,Samsung,Galaxy Z Flip5,Battery,"Battery 1,800",1800.0,INR,ok,,https://www.samsung.com/in/support/spare-part-pricing-list-for-repair/
2026-08-14T10:13:50+00:00,Samsung,Galaxy Z Flip5,Main Screen Assembly,"Main Screen Assembly 26,740",26740.0,INR,ok,,https://www.samsung.com/in/support/spare-part-pricing-list-for-repair/
2026-08-14T10:13:50+00:00,Samsung,Galaxy Z Flip5,Sub Screen,"Sub Screen 5,510",5510.0,INR,ok,,https://www.samsung.com/in/support/spare-part-pricing-list-for-repair/
2026-08-14T10:13:54+00:00,Samsung,Galaxy Z Fold4,- 1 TB,"- 1 TB 45,950",1.0,INR,ok,,https://www.samsung.com/in/support/spare-part-pricing-list-for-repair/
2026-08-14T10:13:54+00:00,Samsung,Galaxy Z Fold4,- 256 GB,"- 256 GB 34,360",256.0,INR,ok,,https://www.samsung.com/in/support/spare-part-pricing-list-for-repair/
2026-08-14T10:13:54+00:00,Samsung,Galaxy Z Fold4,- 512 GB,"- 512 GB 39,270",512.0,INR,ok,,https://www.samsung.com/in/support/spare-part-pricing-list-for-repair/
2026-08-14T10:13:54+00:00,Samsung,Galaxy Z Fold4,- Component Repair,"- Component Repair 40,341",40341.0,INR,ok,,https://www.samsung.com/in/support/spare-part-pricing-list-for-repair/
2026-08-14T10:13:54+00:00,Samsung,Galaxy Z Fold4,Back Glass/Cover,"Back Glass/Cover 2,520",2520.0,INR,ok,,https://www.samsung.com/in/support/spare-part-pricing-list-for-repair/
2026-08-14T10:13:54+00:00,Samsung,Galaxy Z Fold4,Battery,Battery 950,950.0,INR,ok,,https://www.samsung.com/in/support/spare-part-pricing-list-for-repair/
2026-08-14T10:13:54+00:00,Samsung,Galaxy Z Fold4,Main Screen Assembly,"Main Screen Assembly 46,420",46420.0,INR,ok,,https://www.samsung.com/in/support/spare-part-pricing-list-for-repair/
2026-08-14T10:13:54+00:00,Samsung,Galaxy Z Fold4,Sub Screen,"Sub Screen 6,450",6450.0,INR,ok,,https://www.samsung.com/in/support/spare-part-pricing-list-for-repair/
2026-08-14T10:13:58+00:00,Samsung,Galaxy Z Flip4,- 128 GB,"- 128 GB 25,630",128.0,INR,ok,,https://www.samsung.com/in/support/spare-part-pricing-list-for-repair/
2026-08-14T10:13:58+00:00,Samsung,Galaxy Z Flip4,- 256 GB,"- 256 GB 27,070",256.0,INR,ok,,https://www.samsung.com/in/support/spare-part-pricing-list-for-repair/
2026-08-14T10:13:58+00:00,Samsung,Galaxy Z Flip4,- Component Repair,"- Component Repair 23,074",23074.0,INR,ok,,https://www.samsung.com/in/support/spare-part-pricing-list-for-repair/
2026-08-14T10:13:58+00:00,Samsung,Galaxy Z Flip4,Back Glass/Cover,"Back Glass/Cover 1,520",1520.0,INR,ok,,https://www.samsung.com/in/support/spare-part-pricing-list-for-repair/
2026-08-14T10:13:58+00:00,Samsung,Galaxy Z Flip4,Battery,Battery 910,910.0,INR,ok,,https://www.samsung.com/in/support/spare-part-pricing-list-for-repair/
2026-08-14T10:13:58+00:00,Samsung,Galaxy Z Flip4,Main Screen Assembly,"Main Screen Assembly 31,180",31180.0,INR,ok,,https://www.samsung.com/in/support/spare-part-pricing-list-for-repair/
2026-08-14T10:13:58+00:00,Samsung,Galaxy Z Flip4,Sub Screen,"Sub Screen 4,430",4430.0,INR,ok,,https://www.samsung.com/in/support/spare-part-pricing-list-for-repair/
2026-08-14T10:14:01+00:00,Samsung,Galaxy Z Fold3,- 256 GB,"- 256 GB 34,510",256.0,INR,ok,,https://www.samsung.com/in/support/spare-part-pricing-list-for-repair/
2026-08-14T10:14:01+00:00,Samsung,Galaxy Z Fold3,- Component Repair,"- Component Repair 35,834",35834.0,INR,ok,,https://www.samsung.com/in/support/spare-part-pricing-list-for-repair/
2026-08-14T10:14:01+00:00,Samsung,Galaxy Z Fold3,-Front Camera,"-Front Camera 2,340",2340.0,INR,ok,,https://www.samsung.com/in/support/spare-part-pricing-list-for-repair/
2026-08-14T10:14:01+00:00,Samsung,Galaxy Z Fold3,-Rear Camera,"-Rear Camera 1,120",1120.0,INR,ok,,https://www.samsung.com/in/support/spare-part-pricing-list-for-repair/
2026-08-14T10:14:01+00:00,Samsung,Galaxy Z Fold3,-Telephoto Camera,"-Telephoto Camera 4,850",4850.0,INR,ok,,https://www.samsung.com/in/support/spare-part-pricing-list-for-repair/
2026-08-14T10:14:01+00:00,Samsung,Galaxy Z Fold3,-Ultra Wide Camera,"-Ultra Wide Camera 1,300",1300.0,INR,ok,,https://www.samsung.com/in/support/spare-part-pricing-list-for-repair/
2026-08-14T10:14:01+00:00,Samsung,Galaxy Z Fold3,Back Glass/Cover,"Back Glass/Cover 3,520",3520.0,INR,ok,,https://www.samsung.com/in/support/spare-part-pricing-list-for-repair/
2026-08-14T10:14:01+00:00,Samsung,Galaxy Z Fold3,Battery,"Battery 1,890",1890.0,INR,ok,,https://www.samsung.com/in/support/spare-part-pricing-list-for-repair/
2026-08-14T10:14:01+00:00,Samsung,Galaxy Z Fold3,Main Screen Assembly,"Main Screen Assembly 45,570",45570.0,INR,ok,,https://www.samsung.com/in/support/spare-part-pricing-list-for-repair/
2026-08-14T10:14:05+00:00,Samsung,Galaxy Z Flip3,- 128 GB,"- 128 GB 28,550",128.0,INR,ok,,https://www.samsung.com/in/support/spare-part-pricing-list-for-repair/
2026-08-14T10:14:05+00:00,Samsung,Galaxy Z Flip3,- 256 GB,"- 256 GB 29,910",256.0,INR,ok,,https://www.samsung.com/in/support/spare-part-pricing-list-for-repair/
2026-08-14T10:14:05+00:00,Samsung,Galaxy Z Flip3,- Component Repair,"- Component Repair 17,687",17687.0,INR,ok,,https://www.samsung.com/in/support/spare-part-pricing-list-for-repair/
2026-08-14T10:14:05+00:00,Samsung,Galaxy Z Flip3,-Front Camera,"-Front Camera 3,100",3100.0,INR,ok,,https://www.samsung.com/in/support/spare-part-pricing-list-for-repair/
2026-08-14T10:14:05+00:00,Samsung,Galaxy Z Flip3,-Rear Camera,"-Rear Camera 1,080",1080.0,INR,ok,,https://www.samsung.com/in/support/spare-part-pricing-list-for-repair/
2026-08-14T10:14:05+00:00,Samsung,Galaxy Z Flip3,-Telephoto Camera,"-Telephoto Camera 1,750",1750.0,INR,ok,,https://www.samsung.com/in/support/spare-part-pricing-list-for-repair/
2026-08-14T10:14:05+00:00,Samsung,Galaxy Z Flip3,Back Glass/Cover,"Back Glass/Cover 1,290",1290.0,INR,ok,,https://www.samsung.com/in/support/spare-part-pricing-list-for-repair/
2026-08-14T10:14:05+00:00,Samsung,Galaxy Z Flip3,Battery,Battery 890,890.0,INR,ok,,https://www.samsung.com/in/support/spare-part-pricing-list-for-repair/
2026-08-14T10:14:05+00:00,Samsung,Galaxy Z Flip3,Main Screen Assembly,"Main Screen Assembly 27,610",27610.0,INR,ok,,https://www.samsung.com/in/support/spare-part-pricing-list-for-repair/
2026-08-14T10:14:10+00:00,Samsung,Galaxy Z Fold8 Ultra,- 1 TB,"- 1 TB 1,11,960",1.0,INR,ok,,https://www.samsung.com/in/support/spare-part-pricing-list-for-repair/
2026-08-14T10:14:10+00:00,Samsung,Galaxy Z Fold8 Ultra,- 256 GB,"- 256 GB 72,460",256.0,INR,ok,,https://www.samsung.com/in/support/spare-part-pricing-list-for-repair/
2026-08-14T10:14:10+00:00,Samsung,Galaxy Z Fold8 Ultra,- 512 GB,"- 512 GB 82,550",512.0,INR,ok,,https://www.samsung.com/in/support/spare-part-pricing-list-for-repair/
2026-08-14T10:14:10+00:00,Samsung,Galaxy Z Fold8 Ultra,- Main Screen,"- Main Screen 40,560",40560.0,INR,ok,,https://www.samsung.com/in/support/spare-part-pricing-list-for-repair/
2026-08-14T10:14:10+00:00,Samsung,Galaxy Z Fold8 Ultra,Back Glass/Cover,"Back Glass/Cover 2,570",2570.0,INR,ok,,https://www.samsung.com/in/support/spare-part-pricing-list-for-repair/
2026-08-14T10:14:10+00:00,Samsung,Galaxy Z Fold8 Ultra,Battery,"Battery 2,340",2340.0,INR,ok,,https://www.samsung.com/in/support/spare-part-pricing-list-for-repair/
2026-08-14T10:14:10+00:00,Samsung,Galaxy Z Fold8 Ultra,Main Screen Assembly,"Main Screen Assembly 59,670",59670.0,INR,ok,,https://www.samsung.com/in/support/spare-part-pricing-list-for-repair/
2026-08-14T10:14:14+00:00,Samsung,Galaxy Z Fold8,- 1 TB,"- 1 TB 1,12,370",1.0,INR,ok,,https://www.samsung.com/in/support/spare-part-pricing-list-for-repair/
2026-08-14T10:14:14+00:00,Samsung,Galaxy Z Fold8,- 256 GB,"- 256 GB 72,680",256.0,INR,ok,,https://www.samsung.com/in/support/spare-part-pricing-list-for-repair/
2026-08-14T10:14:14+00:00,Samsung,Galaxy Z Fold8,- 512 GB,"- 512 GB 82,810",512.0,INR,ok,,https://www.samsung.com/in/support/spare-part-pricing-list-for-repair/
2026-08-14T10:14:14+00:00,Samsung,Galaxy Z Fold8,- Main Screen,"- Main Screen 35,490",35490.0,INR,ok,,https://www.samsung.com/in/support/spare-part-pricing-list-for-repair/
2026-08-14T10:14:14+00:00,Samsung,Galaxy Z Fold8,Back Glass/Cover,"Back Glass/Cover 2,300",2300.0,INR,ok,,https://www.samsung.com/in/support/spare-part-pricing-list-for-repair/
2026-08-14T10:14:14+00:00,Samsung,Galaxy Z Fold8,Battery,"Battery 2,300",2300.0,INR,ok,,https://www.samsung.com/in/support/spare-part-pricing-list-for-repair/
2026-08-14T10:14:14+00:00,Samsung,Galaxy Z Fold8,Main Screen Assembly,"Main Screen Assembly 54,130",54130.0,INR,ok,,https://www.samsung.com/in/support/spare-part-pricing-list-for-repair/
2026-08-14T10:14:17+00:00,Samsung,Galaxy Z Flip8,- 256 GB,"- 256 GB 46,670",256.0,INR,ok,,https://www.samsung.com/in/support/spare-part-pricing-list-for-repair/
2026-08-14T10:14:17+00:00,Samsung,Galaxy Z Flip8,- 512 GB,"- 512 GB 52,980",512.0,INR,ok,,https://www.samsung.com/in/support/spare-part-pricing-list-for-repair/
2026-08-14T10:14:17+00:00,Samsung,Galaxy Z Flip8,- Main Screen,"- Main Screen 13,410",13410.0,INR,ok,,https://www.samsung.com/in/support/spare-part-pricing-list-for-repair/
2026-08-14T10:14:17+00:00,Samsung,Galaxy Z Flip8,Back Glass/Cover,Back Glass/Cover 520,520.0,INR,ok,,https://www.samsung.com/in/support/spare-part-pricing-list-for-repair/
2026-08-14T10:14:17+00:00,Samsung,Galaxy Z Flip8,Battery,"Battery 2,410",2410.0,INR,ok,,https://www.samsung.com/in/support/spare-part-pricing-list-for-repair/
2026-08-14T10:14:17+00:00,Samsung,Galaxy Z Flip8,Main Screen Assembly,"Main Screen Assembly 26,760",26760.0,INR,ok,,https://www.samsung.com/in/support/spare-part-pricing-list-for-repair/
2026-08-14T10:15:23+00:00,Samsung,Galaxy Z Fold8 Ultra,- 1 TB,"- 1 TB 1,11,960",1.0,INR,ok,,https://www.samsung.com/in/support/spare-part-pricing-list-for-repair/
2026-08-14T10:15:23+00:00,Samsung,Galaxy Z Fold8 Ultra,- 256 GB,"- 256 GB 72,460",256.0,INR,ok,,https://www.samsung.com/in/support/spare-part-pricing-list-for-repair/
2026-08-14T10:15:23+00:00,Samsung,Galaxy Z Fold8 Ultra,- 512 GB,"- 512 GB 82,550",512.0,INR,ok,,https://www.samsung.com/in/support/spare-part-pricing-list-for-repair/
2026-08-14T10:15:23+00:00,Samsung,Galaxy Z Fold8 Ultra,- Main Screen,"- Main Screen 40,560",40560.0,INR,ok,,https://www.samsung.com/in/support/spare-part-pricing-list-for-repair/
2026-08-14T10:15:23+00:00,Samsung,Galaxy Z Fold8 Ultra,Back Glass/Cover,"Back Glass/Cover 2,570",2570.0,INR,ok,,https://www.samsung.com/in/support/spare-part-pricing-list-for-repair/
2026-08-14T10:15:23+00:00,Samsung,Galaxy Z Fold8 Ultra,Battery,"Battery 2,340",2340.0,INR,ok,,https://www.samsung.com/in/support/spare-part-pricing-list-for-repair/
2026-08-14T10:15:23+00:00,Samsung,Galaxy Z Fold8 Ultra,Main Screen Assembly,"Main Screen Assembly 59,670",59670.0,INR,ok,,https://www.samsung.com/in/support/spare-part-pricing-list-for-repair/
2026-08-14T10:15:25+00:00,Samsung,Galaxy Z Fold8,- 1 TB,"- 1 TB 1,12,370",1.0,INR,ok,,https://www.samsung.com/in/support/spare-part-pricing-list-for-repair/
2026-08-14T10:15:25+00:00,Samsung,Galaxy Z Fold8,- 256 GB,"- 256 GB 72,680",256.0,INR,ok,,https://www.samsung.com/in/support/spare-part-pricing-list-for-repair/
2026-08-14T10:15:25+00:00,Samsung,Galaxy Z Fold8,- 512 GB,"- 512 GB 82,810",512.0,INR,ok,,https://www.samsung.com/in/support/spare-part-pricing-list-for-repair/
2026-08-14T10:15:25+00:00,Samsung,Galaxy Z Fold8,- Main Screen,"- Main Screen 35,490",35490.0,INR,ok,,https://www.samsung.com/in/support/spare-part-pricing-list-for-repair/
2026-08-14T10:15:25+00:00,Samsung,Galaxy Z Fold8,Back Glass/Cover,"Back Glass/Cover 2,300",2300.0,INR,ok,,https://www.samsung.com/in/support/spare-part-pricing-list-for-repair/
2026-08-14T10:15:25+00:00,Samsung,Galaxy Z Fold8,Battery,"Battery 2,300",2300.0,INR,ok,,https://www.samsung.com/in/support/spare-part-pricing-list-for-repair/
2026-08-14T10:15:25+00:00,Samsung,Galaxy Z Fold8,Main Screen Assembly,"Main Screen Assembly 54,130",54130.0,INR,ok,,https://www.samsung.com/in/support/spare-part-pricing-list-for-repair/
2026-08-14T10:15:28+00:00,Samsung,Galaxy Z Flip8,- 256 GB,"- 256 GB 46,670",256.0,INR,ok,,https://www.samsung.com/in/support/spare-part-pricing-list-for-repair/
2026-08-14T10:15:28+00:00,Samsung,Galaxy Z Flip8,- 512 GB,"- 512 GB 52,980",512.0,INR,ok,,https://www.samsung.com/in/support/spare-part-pricing-list-for-repair/
2026-08-14T10:15:28+00:00,Samsung,Galaxy Z Flip8,- Main Screen,"- Main Screen 13,410",13410.0,INR,ok,,https://www.samsung.com/in/support/spare-part-pricing-list-for-repair/
2026-08-14T10:15:28+00:00,Samsung,Galaxy Z Flip8,Back Glass/Cover,Back Glass/Cover 520,520.0,INR,ok,,https://www.samsung.com/in/support/spare-part-pricing-list-for-repair/
2026-08-14T10:15:28+00:00,Samsung,Galaxy Z Flip8,Battery,"Battery 2,410",2410.0,INR,ok,,https://www.samsung.com/in/support/spare-part-pricing-list-for-repair/
2026-08-14T10:15:28+00:00,Samsung,Galaxy Z Flip8,Main Screen Assembly,"Main Screen Assembly 26,760",26760.0,INR,ok,,https://www.samsung.com/in/support/spare-part-pricing-list-for-repair/
2026-08-14T10:22:43+00:00,Samsung,Galaxy Z Fold8 Ultra,- 1 TB,"- 1 TB 1,11,960",1.0,INR,ok,,https://www.samsung.com/in/support/spare-part-pricing-list-for-repair/
2026-08-14T10:22:43+00:00,Samsung,Galaxy Z Fold8 Ultra,- 256 GB,"- 256 GB 72,460",256.0,INR,ok,,https://www.samsung.com/in/support/spare-part-pricing-list-for-repair/
2026-08-14T10:22:43+00:00,Samsung,Galaxy Z Fold8 Ultra,- 512 GB,"- 512 GB 82,550",512.0,INR,ok,,https://www.samsung.com/in/support/spare-part-pricing-list-for-repair/
2026-08-14T10:22:43+00:00,Samsung,Galaxy Z Fold8 Ultra,- Main Screen,"- Main Screen 40,560",40560.0,INR,ok,,https://www.samsung.com/in/support/spare-part-pricing-list-for-repair/
2026-08-14T10:22:43+00:00,Samsung,Galaxy Z Fold8 Ultra,Back Glass/Cover,"Back Glass/Cover 2,570",2570.0,INR,ok,,https://www.samsung.com/in/support/spare-part-pricing-list-for-repair/
2026-08-14T10:22:43+00:00,Samsung,Galaxy Z Fold8 Ultra,Battery,"Battery 2,340",2340.0,INR,ok,,https://www.samsung.com/in/support/spare-part-pricing-list-for-repair/
2026-08-14T10:22:43+00:00,Samsung,Galaxy Z Fold8 Ultra,Main Screen Assembly,"Main Screen Assembly 59,670",59670.0,INR,ok,,https://www.samsung.com/in/support/spare-part-pricing-list-for-repair/
2026-08-14T10:22:46+00:00,Samsung,Galaxy Z Fold8,- 1 TB,"- 1 TB 1,12,370",1.0,INR,ok,,https://www.samsung.com/in/support/spare-part-pricing-list-for-repair/
2026-08-14T10:22:46+00:00,Samsung,Galaxy Z Fold8,- 256 GB,"- 256 GB 72,680",256.0,INR,ok,,https://www.samsung.com/in/support/spare-part-pricing-list-for-repair/
2026-08-14T10:22:46+00:00,Samsung,Galaxy Z Fold8,- 512 GB,"- 512 GB 82,810",512.0,INR,ok,,https://www.samsung.com/in/support/spare-part-pricing-list-for-repair/
2026-08-14T10:22:46+00:00,Samsung,Galaxy Z Fold8,- Main Screen,"- Main Screen 35,490",35490.0,INR,ok,,https://www.samsung.com/in/support/spare-part-pricing-list-for-repair/
2026-08-14T10:22:46+00:00,Samsung,Galaxy Z Fold8,Back Glass/Cover,"Back Glass/Cover 2,300",2300.0,INR,ok,,https://www.samsung.com/in/support/spare-part-pricing-list-for-repair/
2026-08-14T10:22:46+00:00,Samsung,Galaxy Z Fold8,Battery,"Battery 2,300",2300.0,INR,ok,,https://www.samsung.com/in/support/spare-part-pricing-list-for-repair/
2026-08-14T10:22:46+00:00,Samsung,Galaxy Z Fold8,Main Screen Assembly,"Main Screen Assembly 54,130",54130.0,INR,ok,,https://www.samsung.com/in/support/spare-part-pricing-list-for-repair/
2026-08-14T10:22:48+00:00,Samsung,Galaxy Z Flip8,- 256 GB,"- 256 GB 46,670",256.0,INR,ok,,https://www.samsung.com/in/support/spare-part-pricing-list-for-repair/
2026-08-14T10:22:48+00:00,Samsung,Galaxy Z Flip8,- 512 GB,"- 512 GB 52,980",512.0,INR,ok,,https://www.samsung.com/in/support/spare-part-pricing-list-for-repair/
2026-08-14T10:22:48+00:00,Samsung,Galaxy Z Flip8,- Main Screen,"- Main Screen 13,410",13410.0,INR,ok,,https://www.samsung.com/in/support/spare-part-pricing-list-for-repair/
2026-08-14T10:22:48+00:00,Samsung,Galaxy Z Flip8,Back Glass/Cover,Back Glass/Cover 520,520.0,INR,ok,,https://www.samsung.com/in/support/spare-part-pricing-list-for-repair/
2026-08-14T10:22:48+00:00,Samsung,Galaxy Z Flip8,Battery,"Battery 2,410",2410.0,INR,ok,,https://www.samsung.com/in/support/spare-part-pricing-list-for-repair/
2026-08-14T10:22:48+00:00,Samsung,Galaxy Z Flip8,Main Screen Assembly,"Main Screen Assembly 26,760",26760.0,INR,ok,,https://www.samsung.com/in/support/spare-part-pricing-list-for-repair/
2026-08-14T10:22:51+00:00,Samsung,Galaxy Z Fold7,- 1 TB,"- 1 TB 65,910",1.0,INR,ok,,https://www.samsung.com/in/support/spare-part-pricing-list-for-repair/
2026-08-14T10:22:51+00:00,Samsung,Galaxy Z Fold7,- 256 GB,"- 256 GB 56,550",256.0,INR,ok,,https://www.samsung.com/in/support/spare-part-pricing-list-for-repair/
2026-08-14T10:22:51+00:00,Samsung,Galaxy Z Fold7,- 512 GB,"- 512 GB 63,200",512.0,INR,ok,,https://www.samsung.com/in/support/spare-part-pricing-list-for-repair/
2026-08-14T10:22:51+00:00,Samsung,Galaxy Z Fold7,- Component Repair,"- Component Repair 36,279",36279.0,INR,ok,,https://www.samsung.com/in/support/spare-part-pricing-list-for-repair/
2026-08-14T10:22:51+00:00,Samsung,Galaxy Z Fold7,Back Glass/Cover,"Back Glass/Cover 2,610",2610.0,INR,ok,,https://www.samsung.com/in/support/spare-part-pricing-list-for-repair/
2026-08-14T10:22:51+00:00,Samsung,Galaxy Z Fold7,Battery,"Battery 1,690",1690.0,INR,ok,,https://www.samsung.com/in/support/spare-part-pricing-list-for-repair/
2026-08-14T10:22:51+00:00,Samsung,Galaxy Z Fold7,Main Screen Assembly,"Main Screen Assembly 51,810",51810.0,INR,ok,,https://www.samsung.com/in/support/spare-part-pricing-list-for-repair/
2026-08-14T10:22:51+00:00,Samsung,Galaxy Z Fold7,Sub Screen,"Sub Screen 7,940",7940.0,INR,ok,,https://www.samsung.com/in/support/spare-part-pricing-list-for-repair/
2026-08-14T10:22:54+00:00,Samsung,Galaxy Z Flip7,- 256 GB,"- 256 GB 37,040",256.0,INR,ok,,https://www.samsung.com/in/support/spare-part-pricing-list-for-repair/
2026-08-14T10:22:54+00:00,Samsung,Galaxy Z Flip7,- 512 GB,"- 512 GB 41,120",512.0,INR,ok,,https://www.samsung.com/in/support/spare-part-pricing-list-for-repair/
2026-08-14T10:22:54+00:00,Samsung,Galaxy Z Flip7,- Component Repair,"- Component Repair 14,296",14296.0,INR,ok,,https://www.samsung.com/in/support/spare-part-pricing-list-for-repair/
2026-08-14T10:22:54+00:00,Samsung,Galaxy Z Flip7,Back Glass/Cover,"Back Glass/Cover 1,240",1240.0,INR,ok,,https://www.samsung.com/in/support/spare-part-pricing-list-for-repair/
2026-08-14T10:22:54+00:00,Samsung,Galaxy Z Flip7,Battery,"Battery 1,760",1760.0,INR,ok,,https://www.samsung.com/in/support/spare-part-pricing-list-for-repair/
2026-08-14T10:22:54+00:00,Samsung,Galaxy Z Flip7,Main Screen Assembly,"Main Screen Assembly 23,270",23270.0,INR,ok,,https://www.samsung.com/in/support/spare-part-pricing-list-for-repair/
2026-08-14T10:22:54+00:00,Samsung,Galaxy Z Flip7,Sub Screen,"Sub Screen 5,810",5810.0,INR,ok,,https://www.samsung.com/in/support/spare-part-pricing-list-for-repair/
2026-08-14T10:22:56+00:00,Samsung,Galaxy Z Flip7 FE,- 128 GB,"- 128 GB 23,070",128.0,INR,ok,,https://www.samsung.com/in/support/spare-part-pricing-list-for-repair/
2026-08-14T10:22:56+00:00,Samsung,Galaxy Z Flip7 FE,- 256 GB,"- 256 GB 24,020",256.0,INR,ok,,https://www.samsung.com/in/support/spare-part-pricing-list-for-repair/
2026-08-14T10:22:56+00:00,Samsung,Galaxy Z Flip7 FE,- Component Repair,"- Component Repair 12,385",12385.0,INR,ok,,https://www.samsung.com/in/support/spare-part-pricing-list-for-repair/
2026-08-14T10:22:56+00:00,Samsung,Galaxy Z Flip7 FE,Back Glass/Cover,Back Glass/Cover 930,930.0,INR,ok,,https://www.samsung.com/in/support/spare-part-pricing-list-for-repair/
2026-08-14T10:22:56+00:00,Samsung,Galaxy Z Flip7 FE,Battery,"Battery 1,560",1560.0,INR,ok,,https://www.samsung.com/in/support/spare-part-pricing-list-for-repair/
2026-08-14T10:22:56+00:00,Samsung,Galaxy Z Flip7 FE,Main Screen Assembly,"Main Screen Assembly 21,900",21900.0,INR,ok,,https://www.samsung.com/in/support/spare-part-pricing-list-for-repair/
2026-08-14T10:22:56+00:00,Samsung,Galaxy Z Flip7 FE,Sub Screen,"Sub Screen 4,640",4640.0,INR,ok,,https://www.samsung.com/in/support/spare-part-pricing-list-for-repair/
2026-08-14T10:22:59+00:00,Samsung,Galaxy Z Fold6,- 1 TB,"- 1 TB 51,300",1.0,INR,ok,,https://www.samsung.com/in/support/spare-part-pricing-list-for-repair/
2026-08-14T10:22:59+00:00,Samsung,Galaxy Z Fold6,- 256 GB,"- 256 GB 48,270",256.0,INR,ok,,https://www.samsung.com/in/support/spare-part-pricing-list-for-repair/
2026-08-14T10:22:59+00:00,Samsung,Galaxy Z Fold6,- 512 GB,"- 512 GB 42,460",512.0,INR,ok,,https://www.samsung.com/in/support/spare-part-pricing-list-for-repair/
2026-08-14T10:22:59+00:00,Samsung,Galaxy Z Fold6,- Component Repair,"- Component Repair 34,578",34578.0,INR,ok,,https://www.samsung.com/in/support/spare-part-pricing-list-for-repair/
2026-08-14T10:22:59+00:00,Samsung,Galaxy Z Fold6,Back Glass/Cover,"Back Glass/Cover 2,670",2670.0,INR,ok,,https://www.samsung.com/in/support/spare-part-pricing-list-for-repair/
2026-08-14T10:22:59+00:00,Samsung,Galaxy Z Fold6,Battery,"Battery 1,630",1630.0,INR,ok,,https://www.samsung.com/in/support/spare-part-pricing-list-for-repair/
2026-08-14T10:22:59+00:00,Samsung,Galaxy Z Fold6,Main Screen Assembly,"Main Screen Assembly 47,420",47420.0,INR,ok,,https://www.samsung.com/in/support/spare-part-pricing-list-for-repair/
2026-08-14T10:22:59+00:00,Samsung,Galaxy Z Fold6,Sub Screen,"Sub Screen 6,300",6300.0,INR,ok,,https://www.samsung.com/in/support/spare-part-pricing-list-for-repair/
2026-08-14T10:23:02+00:00,Samsung,Galaxy Z Flip6,- 256 GB,"- 256 GB 37,040",256.0,INR,ok,,https://www.samsung.com/in/support/spare-part-pricing-list-for-repair/
2026-08-14T10:23:02+00:00,Samsung,Galaxy Z Flip6,- 512 GB,"- 512 GB 48,770",512.0,INR,ok,,https://www.samsung.com/in/support/spare-part-pricing-list-for-repair/
2026-08-14T10:23:02+00:00,Samsung,Galaxy Z Flip6,- Component Repair,"- Component Repair 13,438",13438.0,INR,ok,,https://www.samsung.com/in/support/spare-part-pricing-list-for-repair/
2026-08-14T10:23:02+00:00,Samsung,Galaxy Z Flip6,- Frame,"- Frame 9,700",9700.0,INR,ok,,https://www.samsung.com/in/support/spare-part-pricing-list-for-repair/
2026-08-14T10:23:02+00:00,Samsung,Galaxy Z Flip6,Back Glass/Cover,"Back Glass/Cover 1,540",1540.0,INR,ok,,https://www.samsung.com/in/support/spare-part-pricing-list-for-repair/
2026-08-14T10:23:02+00:00,Samsung,Galaxy Z Flip6,Battery,"Battery 1,640",1640.0,INR,ok,,https://www.samsung.com/in/support/spare-part-pricing-list-for-repair/
2026-08-14T10:23:02+00:00,Samsung,Galaxy Z Flip6,Main Screen Assembly,"Main Screen Assembly 19,830",19830.0,INR,ok,,https://www.samsung.com/in/support/spare-part-pricing-list-for-repair/
2026-08-14T10:23:02+00:00,Samsung,Galaxy Z Flip6,Sub Screen,"Sub Screen 5,150",5150.0,INR,ok,,https://www.samsung.com/in/support/spare-part-pricing-list-for-repair/
2026-08-14T10:23:05+00:00,Samsung,Galaxy Z Fold5,- 1 TB,"- 1 TB 48,460",1.0,INR,ok,,https://www.samsung.com/in/support/spare-part-pricing-list-for-repair/
2026-08-14T10:23:05+00:00,Samsung,Galaxy Z Fold5,- 256 GB,"- 256 GB 39,670",256.0,INR,ok,,https://www.samsung.com/in/support/spare-part-pricing-list-for-repair/
2026-08-14T10:23:05+00:00,Samsung,Galaxy Z Fold5,- 512 GB,"- 512 GB 43,640",512.0,INR,ok,,https://www.samsung.com/in/support/spare-part-pricing-list-for-repair/
2026-08-14T10:23:05+00:00,Samsung,Galaxy Z Fold5,- Component Repair,"- Component Repair 33,235",33235.0,INR,ok,,https://www.samsung.com/in/support/spare-part-pricing-list-for-repair/
2026-08-14T10:23:05+00:00,Samsung,Galaxy Z Fold5,Back Glass/Cover,"Back Glass/Cover 2,520",2520.0,INR,ok,,https://www.samsung.com/in/support/spare-part-pricing-list-for-repair/
2026-08-14T10:23:05+00:00,Samsung,Galaxy Z Fold5,Battery,"Battery 1,560",1560.0,INR,ok,,https://www.samsung.com/in/support/spare-part-pricing-list-for-repair/
2026-08-14T10:23:05+00:00,Samsung,Galaxy Z Fold5,Main Screen Assembly,"Main Screen Assembly 48,160",48160.0,INR,ok,,https://www.samsung.com/in/support/spare-part-pricing-list-for-repair/
2026-08-14T10:23:05+00:00,Samsung,Galaxy Z Fold5,S Pen,S Pen N/A,,INR,ok,,https://www.samsung.com/in/support/spare-part-pricing-list-for-repair/
2026-08-14T10:23:05+00:00,Samsung,Galaxy Z Fold5,Sub Screen,"Sub Screen 6,420",6420.0,INR,ok,,https://www.samsung.com/in/support/spare-part-pricing-list-for-repair/
2026-08-14T10:23:07+00:00,Samsung,Galaxy Z Flip5,- 256 GB,"- 256 GB 33,650",256.0,INR,ok,,https://www.samsung.com/in/support/spare-part-pricing-list-for-repair/
2026-08-14T10:23:07+00:00,Samsung,Galaxy Z Flip5,- 512 GB,"- 512 GB 37,040",512.0,INR,ok,,https://www.samsung.com/in/support/spare-part-pricing-list-for-repair/
2026-08-14T10:23:07+00:00,Samsung,Galaxy Z Flip5,- Component Repair,"- Component Repair 19,510",19510.0,INR,ok,,https://www.samsung.com/in/support/spare-part-pricing-list-for-repair/
2026-08-14T10:23:07+00:00,Samsung,Galaxy Z Flip5,Back Glass/Cover,"Back Glass/Cover 1,350",1350.0,INR,ok,,https://www.samsung.com/in/support/spare-part-pricing-list-for-repair/
2026-08-14T10:23:07+00:00,Samsung,Galaxy Z Flip5,Battery,"Battery 1,800",1800.0,INR,ok,,https://www.samsung.com/in/support/spare-part-pricing-list-for-repair/
2026-08-14T10:23:07+00:00,Samsung,Galaxy Z Flip5,Main Screen Assembly,"Main Screen Assembly 26,740",26740.0,INR,ok,,https://www.samsung.com/in/support/spare-part-pricing-list-for-repair/
2026-08-14T10:23:07+00:00,Samsung,Galaxy Z Flip5,Sub Screen,"Sub Screen 5,510",5510.0,INR,ok,,https://www.samsung.com/in/support/spare-part-pricing-list-for-repair/
2026-08-14T10:23:10+00:00,Samsung,Galaxy Z Fold4,- 1 TB,"- 1 TB 45,950",1.0,INR,ok,,https://www.samsung.com/in/support/spare-part-pricing-list-for-repair/
2026-08-14T10:23:10+00:00,Samsung,Galaxy Z Fold4,- 256 GB,"- 256 GB 34,360",256.0,INR,ok,,https://www.samsung.com/in/support/spare-part-pricing-list-for-repair/
2026-08-14T10:23:10+00:00,Samsung,Galaxy Z Fold4,- 512 GB,"- 512 GB 39,270",512.0,INR,ok,,https://www.samsung.com/in/support/spare-part-pricing-list-for-repair/
2026-08-14T10:23:10+00:00,Samsung,Galaxy Z Fold4,- Component Repair,"- Component Repair 40,341",40341.0,INR,ok,,https://www.samsung.com/in/support/spare-part-pricing-list-for-repair/
2026-08-14T10:23:10+00:00,Samsung,Galaxy Z Fold4,Back Glass/Cover,"Back Glass/Cover 2,520",2520.0,INR,ok,,https://www.samsung.com/in/support/spare-part-pricing-list-for-repair/
2026-08-14T10:23:10+00:00,Samsung,Galaxy Z Fold4,Battery,Battery 950,950.0,INR,ok,,https://www.samsung.com/in/support/spare-part-pricing-list-for-repair/
2026-08-14T10:23:10+00:00,Samsung,Galaxy Z Fold4,Main Screen Assembly,"Main Screen Assembly 46,420",46420.0,INR,ok,,https://www.samsung.com/in/support/spare-part-pricing-list-for-repair/
2026-08-14T10:23:10+00:00,Samsung,Galaxy Z Fold4,Sub Screen,"Sub Screen 6,450",6450.0,INR,ok,,https://www.samsung.com/in/support/spare-part-pricing-list-for-repair/
2026-08-14T10:23:13+00:00,Samsung,Galaxy Z Flip4,- 128 GB,"- 128 GB 25,630",128.0,INR,ok,,https://www.samsung.com/in/support/spare-part-pricing-list-for-repair/
2026-08-14T10:23:13+00:00,Samsung,Galaxy Z Flip4,- 256 GB,"- 256 GB 27,070",256.0,INR,ok,,https://www.samsung.com/in/support/spare-part-pricing-list-for-repair/
2026-08-14T10:23:13+00:00,Samsung,Galaxy Z Flip4,- Component Repair,"- Component Repair 23,074",23074.0,INR,ok,,https://www.samsung.com/in/support/spare-part-pricing-list-for-repair/
2026-08-14T10:23:13+00:00,Samsung,Galaxy Z Flip4,Back Glass/Cover,"Back Glass/Cover 1,520",1520.0,INR,ok,,https://www.samsung.com/in/support/spare-part-pricing-list-for-repair/
2026-08-14T10:23:13+00:00,Samsung,Galaxy Z Flip4,Battery,Battery 910,910.0,INR,ok,,https://www.samsung.com/in/support/spare-part-pricing-list-for-repair/
2026-08-14T10:23:13+00:00,Samsung,Galaxy Z Flip4,Main Screen Assembly,"Main Screen Assembly 31,180",31180.0,INR,ok,,https://www.samsung.com/in/support/spare-part-pricing-list-for-repair/
2026-08-14T10:23:13+00:00,Samsung,Galaxy Z Flip4,Sub Screen,"Sub Screen 4,430",4430.0,INR,ok,,https://www.samsung.com/in/support/spare-part-pricing-list-for-repair/
2026-08-14T10:23:15+00:00,Samsung,Galaxy Z Fold3,- 256 GB,"- 256 GB 34,510",256.0,INR,ok,,https://www.samsung.com/in/support/spare-part-pricing-list-for-repair/
2026-08-14T10:23:15+00:00,Samsung,Galaxy Z Fold3,- Component Repair,"- Component Repair 35,834",35834.0,INR,ok,,https://www.samsung.com/in/support/spare-part-pricing-list-for-repair/
2026-08-14T10:23:15+00:00,Samsung,Galaxy Z Fold3,-Front Camera,"-Front Camera 2,340",2340.0,INR,ok,,https://www.samsung.com/in/support/spare-part-pricing-list-for-repair/
2026-08-14T10:23:15+00:00,Samsung,Galaxy Z Fold3,-Rear Camera,"-Rear Camera 1,120",1120.0,INR,ok,,https://www.samsung.com/in/support/spare-part-pricing-list-for-repair/
2026-08-14T10:23:15+00:00,Samsung,Galaxy Z Fold3,-Telephoto Camera,"-Telephoto Camera 4,850",4850.0,INR,ok,,https://www.samsung.com/in/support/spare-part-pricing-list-for-repair/
2026-08-14T10:23:15+00:00,Samsung,Galaxy Z Fold3,-Ultra Wide Camera,"-Ultra Wide Camera 1,300",1300.0,INR,ok,,https://www.samsung.com/in/support/spare-part-pricing-list-for-repair/
2026-08-14T10:23:15+00:00,Samsung,Galaxy Z Fold3,Back Glass/Cover,"Back Glass/Cover 3,520",3520.0,INR,ok,,https://www.samsung.com/in/support/spare-part-pricing-list-for-repair/
2026-08-14T10:23:15+00:00,Samsung,Galaxy Z Fold3,Battery,"Battery 1,890",1890.0,INR,ok,,https://www.samsung.com/in/support/spare-part-pricing-list-for-repair/
2026-08-14T10:23:15+00:00,Samsung,Galaxy Z Fold3,Main Screen Assembly,"Main Screen Assembly 45,570",45570.0,INR,ok,,https://www.samsung.com/in/support/spare-part-pricing-list-for-repair/
2026-08-14T10:23:18+00:00,Samsung,Galaxy Z Flip3,- 128 GB,"- 128 GB 28,550",128.0,INR,ok,,https://www.samsung.com/in/support/spare-part-pricing-list-for-repair/
2026-08-14T10:23:18+00:00,Samsung,Galaxy Z Flip3,- 256 GB,"- 256 GB 29,910",256.0,INR,ok,,https://www.samsung.com/in/support/spare-part-pricing-list-for-repair/
2026-08-14T10:23:18+00:00,Samsung,Galaxy Z Flip3,- Component Repair,"- Component Repair 17,687",17687.0,INR,ok,,https://www.samsung.com/in/support/spare-part-pricing-list-for-repair/
2026-08-14T10:23:18+00:00,Samsung,Galaxy Z Flip3,-Front Camera,"-Front Camera 3,100",3100.0,INR,ok,,https://www.samsung.com/in/support/spare-part-pricing-list-for-repair/
2026-08-14T10:23:18+00:00,Samsung,Galaxy Z Flip3,-Rear Camera,"-Rear Camera 1,080",1080.0,INR,ok,,https://www.samsung.com/in/support/spare-part-pricing-list-for-repair/
2026-08-14T10:23:18+00:00,Samsung,Galaxy Z Flip3,-Telephoto Camera,"-Telephoto Camera 1,750",1750.0,INR,ok,,https://www.samsung.com/in/support/spare-part-pricing-list-for-repair/
2026-08-14T10:23:18+00:00,Samsung,Galaxy Z Flip3,Back Glass/Cover,"Back Glass/Cover 1,290",1290.0,INR,ok,,https://www.samsung.com/in/support/spare-part-pricing-list-for-repair/
2026-08-14T10:23:18+00:00,Samsung,Galaxy Z Flip3,Battery,Battery 890,890.0,INR,ok,,https://www.samsung.com/in/support/spare-part-pricing-list-for-repair/
2026-08-14T10:23:18+00:00,Samsung,Galaxy Z Flip3,Main Screen Assembly,"Main Screen Assembly 27,610",27610.0,INR,ok,,https://www.samsung.com/in/support/spare-part-pricing-list-for-repair/
2026-08-14T10:23:33+00:00,Samsung,Galaxy S26 Ultra,- 1 TB,"- 1 TB 53,850",1.0,INR,ok,,https://www.samsung.com/in/support/spare-part-pricing-list-for-repair/
2026-08-14T10:23:33+00:00,Samsung,Galaxy S26 Ultra,- 256 GB,"- 256 GB 44,640",256.0,INR,ok,,https://www.samsung.com/in/support/spare-part-pricing-list-for-repair/
2026-08-14T10:23:33+00:00,Samsung,Galaxy S26 Ultra,- 512 GB,"- 512 GB 46,670",512.0,INR,ok,,https://www.samsung.com/in/support/spare-part-pricing-list-for-repair/
2026-08-14T10:23:33+00:00,Samsung,Galaxy S26 Ultra,- Frame,"- Frame 5,190",5190.0,INR,ok,,https://www.samsung.com/in/support/spare-part-pricing-list-for-repair/
2026-08-14T10:23:33+00:00,Samsung,Galaxy S26 Ultra,- Main Screen,"- Main Screen 16,790",16790.0,INR,ok,,https://www.samsung.com/in/support/spare-part-pricing-list-for-repair/
2026-08-14T10:23:33+00:00,Samsung,Galaxy S26 Ultra,Back Glass/Cover,"Back Glass/Cover 3,100",3100.0,INR,ok,,https://www.samsung.com/in/support/spare-part-pricing-list-for-repair/
2026-08-14T10:23:33+00:00,Samsung,Galaxy S26 Ultra,Battery,"Battery 3,030",3030.0,INR,ok,,https://www.samsung.com/in/support/spare-part-pricing-list-for-repair/
2026-08-14T10:23:36+00:00,Samsung,Galaxy S26+,- 256 GB,"- 256 GB 33,510",256.0,INR,ok,,https://www.samsung.com/in/support/spare-part-pricing-list-for-repair/
2026-08-14T10:23:36+00:00,Samsung,Galaxy S26+,- 512 GB,"- 512 GB 35,170",512.0,INR,ok,,https://www.samsung.com/in/support/spare-part-pricing-list-for-repair/
2026-08-14T10:23:36+00:00,Samsung,Galaxy S26+,- Frame,"- Frame 3,690",3690.0,INR,ok,,https://www.samsung.com/in/support/spare-part-pricing-list-for-repair/
2026-08-14T10:23:36+00:00,Samsung,Galaxy S26+,- Main Screen,"- Main Screen 11,780",11780.0,INR,ok,,https://www.samsung.com/in/support/spare-part-pricing-list-for-repair/
2026-08-14T10:23:36+00:00,Samsung,Galaxy S26+,Back Glass/Cover,"Back Glass/Cover 2,660",2660.0,INR,ok,,https://www.samsung.com/in/support/spare-part-pricing-list-for-repair/
2026-08-14T10:23:36+00:00,Samsung,Galaxy S26+,Battery,"Battery 2,110",2110.0,INR,ok,,https://www.samsung.com/in/support/spare-part-pricing-list-for-repair/
2026-08-14T10:23:57+00:00,Samsung,Galaxy Z Fold8 Ultra,- 1 TB,"- 1 TB 1,11,960",1.0,INR,ok,,https://www.samsung.com/in/support/spare-part-pricing-list-for-repair/
2026-08-14T10:23:57+00:00,Samsung,Galaxy Z Fold8 Ultra,- 256 GB,"- 256 GB 72,460",256.0,INR,ok,,https://www.samsung.com/in/support/spare-part-pricing-list-for-repair/
2026-08-14T10:23:57+00:00,Samsung,Galaxy Z Fold8 Ultra,- 512 GB,"- 512 GB 82,550",512.0,INR,ok,,https://www.samsung.com/in/support/spare-part-pricing-list-for-repair/
2026-08-14T10:23:57+00:00,Samsung,Galaxy Z Fold8 Ultra,- Main Screen,"- Main Screen 40,560",40560.0,INR,ok,,https://www.samsung.com/in/support/spare-part-pricing-list-for-repair/
2026-08-14T10:23:57+00:00,Samsung,Galaxy Z Fold8 Ultra,Back Glass/Cover,"Back Glass/Cover 2,570",2570.0,INR,ok,,https://www.samsung.com/in/support/spare-part-pricing-list-for-repair/
2026-08-14T10:23:57+00:00,Samsung,Galaxy Z Fold8 Ultra,Battery,"Battery 2,340",2340.0,INR,ok,,https://www.samsung.com/in/support/spare-part-pricing-list-for-repair/
2026-08-14T10:23:57+00:00,Samsung,Galaxy Z Fold8 Ultra,Main Screen Assembly,"Main Screen Assembly 59,670",59670.0,INR,ok,,https://www.samsung.com/in/support/spare-part-pricing-list-for-repair/
2026-08-14T10:24:01+00:00,Samsung,Galaxy Z Fold8,- 1 TB,"- 1 TB 1,12,370",1.0,INR,ok,,https://www.samsung.com/in/support/spare-part-pricing-list-for-repair/
2026-08-14T10:24:01+00:00,Samsung,Galaxy Z Fold8,- 256 GB,"- 256 GB 72,680",256.0,INR,ok,,https://www.samsung.com/in/support/spare-part-pricing-list-for-repair/
2026-08-14T10:24:01+00:00,Samsung,Galaxy Z Fold8,- 512 GB,"- 512 GB 82,810",512.0,INR,ok,,https://www.samsung.com/in/support/spare-part-pricing-list-for-repair/
2026-08-14T10:24:01+00:00,Samsung,Galaxy Z Fold8,- Main Screen,"- Main Screen 35,490",35490.0,INR,ok,,https://www.samsung.com/in/support/spare-part-pricing-list-for-repair/
2026-08-14T10:24:01+00:00,Samsung,Galaxy Z Fold8,Back Glass/Cover,"Back Glass/Cover 2,300",2300.0,INR,ok,,https://www.samsung.com/in/support/spare-part-pricing-list-for-repair/
2026-08-14T10:24:01+00:00,Samsung,Galaxy Z Fold8,Battery,"Battery 2,300",2300.0,INR,ok,,https://www.samsung.com/in/support/spare-part-pricing-list-for-repair/
2026-08-14T10:24:01+00:00,Samsung,Galaxy Z Fold8,Main Screen Assembly,"Main Screen Assembly 54,130",54130.0,INR,ok,,https://www.samsung.com/in/support/spare-part-pricing-list-for-repair/
2026-08-14T10:24:05+00:00,Samsung,Galaxy Z Flip8,- 256 GB,"- 256 GB 46,670",256.0,INR,ok,,https://www.samsung.com/in/support/spare-part-pricing-list-for-repair/
2026-08-14T10:24:05+00:00,Samsung,Galaxy Z Flip8,- 512 GB,"- 512 GB 52,980",512.0,INR,ok,,https://www.samsung.com/in/support/spare-part-pricing-list-for-repair/
2026-08-14T10:24:05+00:00,Samsung,Galaxy Z Flip8,- Main Screen,"- Main Screen 13,410",13410.0,INR,ok,,https://www.samsung.com/in/support/spare-part-pricing-list-for-repair/
2026-08-14T10:24:05+00:00,Samsung,Galaxy Z Flip8,Back Glass/Cover,Back Glass/Cover 520,520.0,INR,ok,,https://www.samsung.com/in/support/spare-part-pricing-list-for-repair/
2026-08-14T10:24:05+00:00,Samsung,Galaxy Z Flip8,Battery,"Battery 2,410",2410.0,INR,ok,,https://www.samsung.com/in/support/spare-part-pricing-list-for-repair/
2026-08-14T10:24:05+00:00,Samsung,Galaxy Z Flip8,Main Screen Assembly,"Main Screen Assembly 26,760",26760.0,INR,ok,,https://www.samsung.com/in/support/spare-part-pricing-list-for-repair/
2026-08-14T10:24:08+00:00,Samsung,Galaxy Z Fold7,- 1 TB,"- 1 TB 65,910",1.0,INR,ok,,https://www.samsung.com/in/support/spare-part-pricing-list-for-repair/
2026-08-14T10:24:08+00:00,Samsung,Galaxy Z Fold7,- 256 GB,"- 256 GB 56,550",256.0,INR,ok,,https://www.samsung.com/in/support/spare-part-pricing-list-for-repair/
2026-08-14T10:24:08+00:00,Samsung,Galaxy Z Fold7,- 512 GB,"- 512 GB 63,200",512.0,INR,ok,,https://www.samsung.com/in/support/spare-part-pricing-list-for-repair/
2026-08-14T10:24:08+00:00,Samsung,Galaxy Z Fold7,- Component Repair,"- Component Repair 36,279",36279.0,INR,ok,,https://www.samsung.com/in/support/spare-part-pricing-list-for-repair/
2026-08-14T10:24:08+00:00,Samsung,Galaxy Z Fold7,Back Glass/Cover,"Back Glass/Cover 2,610",2610.0,INR,ok,,https://www.samsung.com/in/support/spare-part-pricing-list-for-repair/
2026-08-14T10:24:08+00:00,Samsung,Galaxy Z Fold7,Main Screen Assembly,"Main Screen Assembly 51,810",51810.0,INR,ok,,https://www.samsung.com/in/support/spare-part-pricing-list-for-repair/
2026-08-14T10:24:08+00:00,Samsung,Galaxy Z Fold7,Sub Screen,"Sub Screen 7,940",7940.0,INR,ok,,https://www.samsung.com/in/support/spare-part-pricing-list-for-repair/
2026-08-14T10:24:09+00:00,Samsung,Galaxy Z Fold7,Battery,"Battery 1,690",1690.0,INR,ok,,https://www.samsung.com/in/support/spare-part-pricing-list-for-repair/
2026-08-14T10:24:12+00:00,Samsung,Galaxy Z Flip7,- 256 GB,"- 256 GB 37,040",256.0,INR,ok,,https://www.samsung.com/in/support/spare-part-pricing-list-for-repair/
2026-08-14T10:24:12+00:00,Samsung,Galaxy Z Flip7,- 512 GB,"- 512 GB 41,120",512.0,INR,ok,,https://www.samsung.com/in/support/spare-part-pricing-list-for-repair/
2026-08-14T10:24:12+00:00,Samsung,Galaxy Z Flip7,- Component Repair,"- Component Repair 14,296",14296.0,INR,ok,,https://www.samsung.com/in/support/spare-part-pricing-list-for-repair/
2026-08-14T10:24:12+00:00,Samsung,Galaxy Z Flip7,Back Glass/Cover,"Back Glass/Cover 1,240",1240.0,INR,ok,,https://www.samsung.com/in/support/spare-part-pricing-list-for-repair/
2026-08-14T10:24:12+00:00,Samsung,Galaxy Z Flip7,Battery,"Battery 1,760",1760.0,INR,ok,,https://www.samsung.com/in/support/spare-part-pricing-list-for-repair/
2026-08-14T10:24:12+00:00,Samsung,Galaxy Z Flip7,Main Screen Assembly,"Main Screen Assembly 23,270",23270.0,INR,ok,,https://www.samsung.com/in/support/spare-part-pricing-list-for-repair/
2026-08-14T10:24:12+00:00,Samsung,Galaxy Z Flip7,Sub Screen,"Sub Screen 5,810",5810.0,INR,ok,,https://www.samsung.com/in/support/spare-part-pricing-list-for-repair/
2026-08-14T10:24:16+00:00,Samsung,Galaxy Z Flip7 FE,- 128 GB,"- 128 GB 23,070",128.0,INR,ok,,https://www.samsung.com/in/support/spare-part-pricing-list-for-repair/
2026-08-14T10:24:16+00:00,Samsung,Galaxy Z Flip7 FE,- 256 GB,"- 256 GB 24,020",256.0,INR,ok,,https://www.samsung.com/in/support/spare-part-pricing-list-for-repair/
2026-08-14T10:24:16+00:00,Samsung,Galaxy Z Flip7 FE,- Component Repair,"- Component Repair 12,385",12385.0,INR,ok,,https://www.samsung.com/in/support/spare-part-pricing-list-for-repair/
2026-08-14T10:24:16+00:00,Samsung,Galaxy Z Flip7 FE,Back Glass/Cover,Back Glass/Cover 930,930.0,INR,ok,,https://www.samsung.com/in/support/spare-part-pricing-list-for-repair/
2026-08-14T10:24:16+00:00,Samsung,Galaxy Z Flip7 FE,Battery,"Battery 1,560",1560.0,INR,ok,,https://www.samsung.com/in/support/spare-part-pricing-list-for-repair/
2026-08-14T10:24:16+00:00,Samsung,Galaxy Z Flip7 FE,Main Screen Assembly,"Main Screen Assembly 21,900",21900.0,INR,ok,,https://www.samsung.com/in/support/spare-part-pricing-list-for-repair/
2026-08-14T10:24:16+00:00,Samsung,Galaxy Z Flip7 FE,Sub Screen,"Sub Screen 4,640",4640.0,INR,ok,,https://www.samsung.com/in/support/spare-part-pricing-list-for-repair/
2026-08-14T10:24:20+00:00,Samsung,Galaxy Z Fold6,- 1 TB,"- 1 TB 51,300",1.0,INR,ok,,https://www.samsung.com/in/support/spare-part-pricing-list-for-repair/
2026-08-14T10:24:20+00:00,Samsung,Galaxy Z Fold6,- 256 GB,"- 256 GB 48,270",256.0,INR,ok,,https://www.samsung.com/in/support/spare-part-pricing-list-for-repair/
2026-08-14T10:24:20+00:00,Samsung,Galaxy Z Fold6,- 512 GB,"- 512 GB 42,460",512.0,INR,ok,,https://www.samsung.com/in/support/spare-part-pricing-list-for-repair/
2026-08-14T10:24:20+00:00,Samsung,Galaxy Z Fold6,- Component Repair,"- Component Repair 34,578",34578.0,INR,ok,,https://www.samsung.com/in/support/spare-part-pricing-list-for-repair/
2026-08-14T10:24:20+00:00,Samsung,Galaxy Z Fold6,Back Glass/Cover,"Back Glass/Cover 2,670",2670.0,INR,ok,,https://www.samsung.com/in/support/spare-part-pricing-list-for-repair/
2026-08-14T10:24:20+00:00,Samsung,Galaxy Z Fold6,Battery,"Battery 1,630",1630.0,INR,ok,,https://www.samsung.com/in/support/spare-part-pricing-list-for-repair/
2026-08-14T10:24:20+00:00,Samsung,Galaxy Z Fold6,Main Screen Assembly,"Main Screen Assembly 47,420",47420.0,INR,ok,,https://www.samsung.com/in/support/spare-part-pricing-list-for-repair/
2026-08-14T10:24:20+00:00,Samsung,Galaxy Z Fold6,Sub Screen,"Sub Screen 6,300",6300.0,INR,ok,,https://www.samsung.com/in/support/spare-part-pricing-list-for-repair/
2026-08-14T10:24:23+00:00,Samsung,Galaxy Z Flip6,- 256 GB,"- 256 GB 37,040",256.0,INR,ok,,https://www.samsung.com/in/support/spare-part-pricing-list-for-repair/
2026-08-14T10:24:23+00:00,Samsung,Galaxy Z Flip6,- 512 GB,"- 512 GB 48,770",512.0,INR,ok,,https://www.samsung.com/in/support/spare-part-pricing-list-for-repair/
2026-08-14T10:24:23+00:00,Samsung,Galaxy Z Flip6,- Component Repair,"- Component Repair 13,438",13438.0,INR,ok,,https://www.samsung.com/in/support/spare-part-pricing-list-for-repair/
2026-08-14T10:24:23+00:00,Samsung,Galaxy Z Flip6,- Frame,"- Frame 9,700",9700.0,INR,ok,,https://www.samsung.com/in/support/spare-part-pricing-list-for-repair/
2026-08-14T10:24:23+00:00,Samsung,Galaxy Z Flip6,Back Glass/Cover,"Back Glass/Cover 1,540",1540.0,INR,ok,,https://www.samsung.com/in/support/spare-part-pricing-list-for-repair/
2026-08-14T10:24:23+00:00,Samsung,Galaxy Z Flip6,Battery,"Battery 1,640",1640.0,INR,ok,,https://www.samsung.com/in/support/spare-part-pricing-list-for-repair/
2026-08-14T10:24:23+00:00,Samsung,Galaxy Z Flip6,Main Screen Assembly,"Main Screen Assembly 19,830",19830.0,INR,ok,,https://www.samsung.com/in/support/spare-part-pricing-list-for-repair/
2026-08-14T10:24:23+00:00,Samsung,Galaxy Z Flip6,Sub Screen,"Sub Screen 5,150",5150.0,INR,ok,,https://www.samsung.com/in/support/spare-part-pricing-list-for-repair/
2026-08-14T10:24:27+00:00,Samsung,Galaxy Z Fold5,- 1 TB,"- 1 TB 48,460",1.0,INR,ok,,https://www.samsung.com/in/support/spare-part-pricing-list-for-repair/
2026-08-14T10:24:27+00:00,Samsung,Galaxy Z Fold5,- 256 GB,"- 256 GB 39,670",256.0,INR,ok,,https://www.samsung.com/in/support/spare-part-pricing-list-for-repair/
2026-08-14T10:24:27+00:00,Samsung,Galaxy Z Fold5,- 512 GB,"- 512 GB 43,640",512.0,INR,ok,,https://www.samsung.com/in/support/spare-part-pricing-list-for-repair/
2026-08-14T10:24:27+00:00,Samsung,Galaxy Z Fold5,- Component Repair,"- Component Repair 33,235",33235.0,INR,ok,,https://www.samsung.com/in/support/spare-part-pricing-list-for-repair/
2026-08-14T10:24:27+00:00,Samsung,Galaxy Z Fold5,Back Glass/Cover,"Back Glass/Cover 2,520",2520.0,INR,ok,,https://www.samsung.com/in/support/spare-part-pricing-list-for-repair/
2026-08-14T10:24:27+00:00,Samsung,Galaxy Z Fold5,Battery,"Battery 1,560",1560.0,INR,ok,,https://www.samsung.com/in/support/spare-part-pricing-list-for-repair/
2026-08-14T10:24:27+00:00,Samsung,Galaxy Z Fold5,Main Screen Assembly,"Main Screen Assembly 48,160",48160.0,INR,ok,,https://www.samsung.com/in/support/spare-part-pricing-list-for-repair/
2026-08-14T10:24:27+00:00,Samsung,Galaxy Z Fold5,S Pen,S Pen N/A,,INR,ok,,https://www.samsung.com/in/support/spare-part-pricing-list-for-repair/
2026-08-14T10:24:27+00:00,Samsung,Galaxy Z Fold5,Sub Screen,"Sub Screen 6,420",6420.0,INR,ok,,https://www.samsung.com/in/support/spare-part-pricing-list-for-repair/
2026-08-14T10:24:31+00:00,Samsung,Galaxy Z Flip5,- 256 GB,"- 256 GB 33,650",256.0,INR,ok,,https://www.samsung.com/in/support/spare-part-pricing-list-for-repair/
2026-08-14T10:24:31+00:00,Samsung,Galaxy Z Flip5,- 512 GB,"- 512 GB 37,040",512.0,INR,ok,,https://www.samsung.com/in/support/spare-part-pricing-list-for-repair/
2026-08-14T10:24:31+00:00,Samsung,Galaxy Z Flip5,- Component Repair,"- Component Repair 19,510",19510.0,INR,ok,,https://www.samsung.com/in/support/spare-part-pricing-list-for-repair/
2026-08-14T10:24:31+00:00,Samsung,Galaxy Z Flip5,Back Glass/Cover,"Back Glass/Cover 1,350",1350.0,INR,ok,,https://www.samsung.com/in/support/spare-part-pricing-list-for-repair/
2026-08-14T10:24:31+00:00,Samsung,Galaxy Z Flip5,Battery,"Battery 1,800",1800.0,INR,ok,,https://www.samsung.com/in/support/spare-part-pricing-list-for-repair/
2026-08-14T10:24:31+00:00,Samsung,Galaxy Z Flip5,Main Screen Assembly,"Main Screen Assembly 26,740",26740.0,INR,ok,,https://www.samsung.com/in/support/spare-part-pricing-list-for-repair/
2026-08-14T10:24:31+00:00,Samsung,Galaxy Z Flip5,Sub Screen,"Sub Screen 5,510",5510.0,INR,ok,,https://www.samsung.com/in/support/spare-part-pricing-list-for-repair/
2026-08-14T10:24:34+00:00,Samsung,Galaxy Z Fold4,- 1 TB,"- 1 TB 45,950",1.0,INR,ok,,https://www.samsung.com/in/support/spare-part-pricing-list-for-repair/
2026-08-14T10:24:34+00:00,Samsung,Galaxy Z Fold4,- 256 GB,"- 256 GB 34,360",256.0,INR,ok,,https://www.samsung.com/in/support/spare-part-pricing-list-for-repair/
2026-08-14T10:24:34+00:00,Samsung,Galaxy Z Fold4,- 512 GB,"- 512 GB 39,270",512.0,INR,ok,,https://www.samsung.com/in/support/spare-part-pricing-list-for-repair/
2026-08-14T10:24:34+00:00,Samsung,Galaxy Z Fold4,- Component Repair,"- Component Repair 40,341",40341.0,INR,ok,,https://www.samsung.com/in/support/spare-part-pricing-list-for-repair/
2026-08-14T10:24:34+00:00,Samsung,Galaxy Z Fold4,Back Glass/Cover,"Back Glass/Cover 2,520",2520.0,INR,ok,,https://www.samsung.com/in/support/spare-part-pricing-list-for-repair/
2026-08-14T10:24:34+00:00,Samsung,Galaxy Z Fold4,Battery,Battery 950,950.0,INR,ok,,https://www.samsung.com/in/support/spare-part-pricing-list-for-repair/
2026-08-14T10:24:34+00:00,Samsung,Galaxy Z Fold4,Main Screen Assembly,"Main Screen Assembly 46,420",46420.0,INR,ok,,https://www.samsung.com/in/support/spare-part-pricing-list-for-repair/
2026-08-14T10:24:34+00:00,Samsung,Galaxy Z Fold4,Sub Screen,"Sub Screen 6,450",6450.0,INR,ok,,https://www.samsung.com/in/support/spare-part-pricing-list-for-repair/
2026-08-14T10:24:38+00:00,Samsung,Galaxy Z Flip4,- 128 GB,"- 128 GB 25,630",128.0,INR,ok,,https://www.samsung.com/in/support/spare-part-pricing-list-for-repair/
2026-08-14T10:24:38+00:00,Samsung,Galaxy Z Flip4,- 256 GB,"- 256 GB 27,070",256.0,INR,ok,,https://www.samsung.com/in/support/spare-part-pricing-list-for-repair/
2026-08-14T10:24:38+00:00,Samsung,Galaxy Z Flip4,- Component Repair,"- Component Repair 23,074",23074.0,INR,ok,,https://www.samsung.com/in/support/spare-part-pricing-list-for-repair/
2026-08-14T10:24:38+00:00,Samsung,Galaxy Z Flip4,Back Glass/Cover,"Back Glass/Cover 1,520",1520.0,INR,ok,,https://www.samsung.com/in/support/spare-part-pricing-list-for-repair/
2026-08-14T10:24:38+00:00,Samsung,Galaxy Z Flip4,Battery,Battery 910,910.0,INR,ok,,https://www.samsung.com/in/support/spare-part-pricing-list-for-repair/
2026-08-14T10:24:38+00:00,Samsung,Galaxy Z Flip4,Main Screen Assembly,"Main Screen Assembly 31,180",31180.0,INR,ok,,https://www.samsung.com/in/support/spare-part-pricing-list-for-repair/
2026-08-14T10:24:38+00:00,Samsung,Galaxy Z Flip4,Sub Screen,"Sub Screen 4,430",4430.0,INR,ok,,https://www.samsung.com/in/support/spare-part-pricing-list-for-repair/
2026-08-14T10:24:42+00:00,Samsung,Galaxy Z Fold3,- 256 GB,"- 256 GB 34,510",256.0,INR,ok,,https://www.samsung.com/in/support/spare-part-pricing-list-for-repair/
2026-08-14T10:24:42+00:00,Samsung,Galaxy Z Fold3,- Component Repair,"- Component Repair 35,834",35834.0,INR,ok,,https://www.samsung.com/in/support/spare-part-pricing-list-for-repair/
2026-08-14T10:24:42+00:00,Samsung,Galaxy Z Fold3,-Front Camera,"-Front Camera 2,340",2340.0,INR,ok,,https://www.samsung.com/in/support/spare-part-pricing-list-for-repair/
2026-08-14T10:24:42+00:00,Samsung,Galaxy Z Fold3,-Rear Camera,"-Rear Camera 1,120",1120.0,INR,ok,,https://www.samsung.com/in/support/spare-part-pricing-list-for-repair/
2026-08-14T10:24:42+00:00,Samsung,Galaxy Z Fold3,-Telephoto Camera,"-Telephoto Camera 4,850",4850.0,INR,ok,,https://www.samsung.com/in/support/spare-part-pricing-list-for-repair/
2026-08-14T10:24:42+00:00,Samsung,Galaxy Z Fold3,-Ultra Wide Camera,"-Ultra Wide Camera 1,300",1300.0,INR,ok,,https://www.samsung.com/in/support/spare-part-pricing-list-for-repair/
2026-08-14T10:24:42+00:00,Samsung,Galaxy Z Fold3,Back Glass/Cover,"Back Glass/Cover 3,520",3520.0,INR,ok,,https://www.samsung.com/in/support/spare-part-pricing-list-for-repair/
2026-08-14T10:24:42+00:00,Samsung,Galaxy Z Fold3,Battery,"Battery 1,890",1890.0,INR,ok,,https://www.samsung.com/in/support/spare-part-pricing-list-for-repair/
2026-08-14T10:24:42+00:00,Samsung,Galaxy Z Fold3,Main Screen Assembly,"Main Screen Assembly 45,570",45570.0,INR,ok,,https://www.samsung.com/in/support/spare-part-pricing-list-for-repair/
2026-08-14T10:24:45+00:00,Samsung,Galaxy Z Flip3,- 128 GB,"- 128 GB 28,550",128.0,INR,ok,,https://www.samsung.com/in/support/spare-part-pricing-list-for-repair/
2026-08-14T10:24:45+00:00,Samsung,Galaxy Z Flip3,- 256 GB,"- 256 GB 29,910",256.0,INR,ok,,https://www.samsung.com/in/support/spare-part-pricing-list-for-repair/
2026-08-14T10:24:45+00:00,Samsung,Galaxy Z Flip3,- Component Repair,"- Component Repair 17,687",17687.0,INR,ok,,https://www.samsung.com/in/support/spare-part-pricing-list-for-repair/
2026-08-14T10:24:45+00:00,Samsung,Galaxy Z Flip3,-Front Camera,"-Front Camera 3,100",3100.0,INR,ok,,https://www.samsung.com/in/support/spare-part-pricing-list-for-repair/
2026-08-14T10:24:45+00:00,Samsung,Galaxy Z Flip3,-Rear Camera,"-Rear Camera 1,080",1080.0,INR,ok,,https://www.samsung.com/in/support/spare-part-pricing-list-for-repair/
2026-08-14T10:24:45+00:00,Samsung,Galaxy Z Flip3,-Telephoto Camera,"-Telephoto Camera 1,750",1750.0,INR,ok,,https://www.samsung.com/in/support/spare-part-pricing-list-for-repair/
2026-08-14T10:24:45+00:00,Samsung,Galaxy Z Flip3,Back Glass/Cover,"Back Glass/Cover 1,290",1290.0,INR,ok,,https://www.samsung.com/in/support/spare-part-pricing-list-for-repair/
2026-08-14T10:24:45+00:00,Samsung,Galaxy Z Flip3,Battery,Battery 890,890.0,INR,ok,,https://www.samsung.com/in/support/spare-part-pricing-list-for-repair/
2026-08-14T10:24:45+00:00,Samsung,Galaxy Z Flip3,Main Screen Assembly,"Main Screen Assembly 27,610",27610.0,INR,ok,,https://www.samsung.com/in/support/spare-part-pricing-list-for-repair/
2026-08-14T10:25:01+00:00,Samsung,Galaxy S26 Ultra,- 1 TB,"- 1 TB 53,850",1.0,INR,ok,,https://www.samsung.com/in/support/spare-part-pricing-list-for-repair/
2026-08-14T10:25:01+00:00,Samsung,Galaxy S26 Ultra,- 256 GB,"- 256 GB 44,640",256.0,INR,ok,,https://www.samsung.com/in/support/spare-part-pricing-list-for-repair/
2026-08-14T10:25:01+00:00,Samsung,Galaxy S26 Ultra,- 512 GB,"- 512 GB 46,670",512.0,INR,ok,,https://www.samsung.com/in/support/spare-part-pricing-list-for-repair/
2026-08-14T10:25:01+00:00,Samsung,Galaxy S26 Ultra,- Frame,"- Frame 5,190",5190.0,INR,ok,,https://www.samsung.com/in/support/spare-part-pricing-list-for-repair/
2026-08-14T10:25:01+00:00,Samsung,Galaxy S26 Ultra,- Main Screen,"- Main Screen 16,790",16790.0,INR,ok,,https://www.samsung.com/in/support/spare-part-pricing-list-for-repair/
2026-08-14T10:25:01+00:00,Samsung,Galaxy S26 Ultra,Back Glass/Cover,"Back Glass/Cover 3,100",3100.0,INR,ok,,https://www.samsung.com/in/support/spare-part-pricing-list-for-repair/
2026-08-14T10:25:01+00:00,Samsung,Galaxy S26 Ultra,Battery,"Battery 3,030",3030.0,INR,ok,,https://www.samsung.com/in/support/spare-part-pricing-list-for-repair/
2026-08-14T10:25:05+00:00,Samsung,Galaxy S26+,- 256 GB,"- 256 GB 33,510",256.0,INR,ok,,https://www.samsung.com/in/support/spare-part-pricing-list-for-repair/
2026-08-14T10:25:05+00:00,Samsung,Galaxy S26+,- 512 GB,"- 512 GB 35,170",512.0,INR,ok,,https://www.samsung.com/in/support/spare-part-pricing-list-for-repair/
2026-08-14T10:25:05+00:00,Samsung,Galaxy S26+,- Frame,"- Frame 3,690",3690.0,INR,ok,,https://www.samsung.com/in/support/spare-part-pricing-list-for-repair/
2026-08-14T10:25:05+00:00,Samsung,Galaxy S26+,- Main Screen,"- Main Screen 11,780",11780.0,INR,ok,,https://www.samsung.com/in/support/spare-part-pricing-list-for-repair/
2026-08-14T10:25:05+00:00,Samsung,Galaxy S26+,Back Glass/Cover,"Back Glass/Cover 2,660",2660.0,INR,ok,,https://www.samsung.com/in/support/spare-part-pricing-list-for-repair/
2026-08-14T10:25:05+00:00,Samsung,Galaxy S26+,Battery,"Battery 2,110",2110.0,INR,ok,,https://www.samsung.com/in/support/spare-part-pricing-list-for-repair/
2026-08-14T10:25:08+00:00,Samsung,Galaxy S26,- 256 GB,"- 256 GB 33,100",256.0,INR,ok,,https://www.samsung.com/in/support/spare-part-pricing-list-for-repair/
2026-08-14T10:25:08+00:00,Samsung,Galaxy S26,- 512 GB,"- 512 GB 34,390",512.0,INR,ok,,https://www.samsung.com/in/support/spare-part-pricing-list-for-repair/
2026-08-14T10:25:08+00:00,Samsung,Galaxy S26,- Frame,"- Frame 4,030",4030.0,INR,ok,,https://www.samsung.com/in/support/spare-part-pricing-list-for-repair/
2026-08-14T10:25:08+00:00,Samsung,Galaxy S26,- Main Screen,"- Main Screen 8,190",8190.0,INR,ok,,https://www.samsung.com/in/support/spare-part-pricing-list-for-repair/
2026-08-14T10:25:08+00:00,Samsung,Galaxy S26,Back Glass/Cover,"Back Glass/Cover 2,700",2700.0,INR,ok,,https://www.samsung.com/in/support/spare-part-pricing-list-for-repair/
2026-08-14T10:25:08+00:00,Samsung,Galaxy S26,Battery,"Battery 2,130",2130.0,INR,ok,,https://www.samsung.com/in/support/spare-part-pricing-list-for-repair/
2026-08-14T10:25:12+00:00,Samsung,Galaxy S25 Edge,- 256 GB,"- 256 GB 31,390",256.0,INR,ok,,https://www.samsung.com/in/support/spare-part-pricing-list-for-repair/
2026-08-14T10:25:12+00:00,Samsung,Galaxy S25 Edge,- 512 GB,"- 512 GB 34,850",512.0,INR,ok,,https://www.samsung.com/in/support/spare-part-pricing-list-for-repair/
2026-08-14T10:25:12+00:00,Samsung,Galaxy S25 Edge,- Component Repair,- Component Repair N/A,,INR,ok,,https://www.samsung.com/in/support/spare-part-pricing-list-for-repair/
2026-08-14T10:25:12+00:00,Samsung,Galaxy S25 Edge,Back Glass/Cover,"Back Glass/Cover 2,720",2720.0,INR,ok,,https://www.samsung.com/in/support/spare-part-pricing-list-for-repair/
2026-08-14T10:25:12+00:00,Samsung,Galaxy S25 Edge,Battery,"Battery 1,550",1550.0,INR,ok,,https://www.samsung.com/in/support/spare-part-pricing-list-for-repair/
2026-08-14T10:25:12+00:00,Samsung,Galaxy S25 Edge,Main Screen Assembly,"Main Screen Assembly 19,900",19900.0,INR,ok,,https://www.samsung.com/in/support/spare-part-pricing-list-for-repair/
2026-08-14T10:25:16+00:00,Samsung,Galaxy S25 FE,- 128 GB,"- 128 GB 21,900",128.0,INR,ok,,https://www.samsung.com/in/support/spare-part-pricing-list-for-repair/
2026-08-14T10:25:16+00:00,Samsung,Galaxy S25 FE,- 256 GB,"- 256 GB 22,910",256.0,INR,ok,,https://www.samsung.com/in/support/spare-part-pricing-list-for-repair/
2026-08-14T10:25:16+00:00,Samsung,Galaxy S25 FE,- 512 GB,"- 512 GB 24,080",512.0,INR,ok,,https://www.samsung.com/in/support/spare-part-pricing-list-for-repair/
2026-08-14T10:25:16+00:00,Samsung,Galaxy S25 FE,- Frame,"- Frame 3,590",3590.0,INR,ok,,https://www.samsung.com/in/support/spare-part-pricing-list-for-repair/
2026-08-14T10:25:16+00:00,Samsung,Galaxy S25 FE,- Main Screen,"- Main Screen 5,530",5530.0,INR,ok,,https://www.samsung.com/in/support/spare-part-pricing-list-for-repair/
2026-08-14T10:25:16+00:00,Samsung,Galaxy S25 FE,Back Glass/Cover,"Back Glass/Cover 2,030",2030.0,INR,ok,,https://www.samsung.com/in/support/spare-part-pricing-list-for-repair/
2026-08-14T10:25:16+00:00,Samsung,Galaxy S25 FE,Battery,"Battery 2,190",2190.0,INR,ok,,https://www.samsung.com/in/support/spare-part-pricing-list-for-repair/
2026-08-14T10:25:19+00:00,Samsung,Galaxy S25 Ultra,- 1 TB,"- 1 TB 54,030",1.0,INR,ok,,https://www.samsung.com/in/support/spare-part-pricing-list-for-repair/
2026-08-14T10:25:19+00:00,Samsung,Galaxy S25 Ultra,- 256 GB,"- 256 GB 43,840",256.0,INR,ok,,https://www.samsung.com/in/support/spare-part-pricing-list-for-repair/
2026-08-14T10:25:19+00:00,Samsung,Galaxy S25 Ultra,- 512 GB,"- 512 GB 47,240",512.0,INR,ok,,https://www.samsung.com/in/support/spare-part-pricing-list-for-repair/
2026-08-14T10:25:19+00:00,Samsung,Galaxy S25 Ultra,- Frame,"- Frame 6,740",6740.0,INR,ok,,https://www.samsung.com/in/support/spare-part-pricing-list-for-repair/
2026-08-14T10:25:19+00:00,Samsung,Galaxy S25 Ultra,- Main Screen,"- Main Screen 15,270",15270.0,INR,ok,,https://www.samsung.com/in/support/spare-part-pricing-list-for-repair/
2026-08-14T10:25:19+00:00,Samsung,Galaxy S25 Ultra,Back Glass/Cover,"Back Glass/Cover 2,700",2700.0,INR,ok,,https://www.samsung.com/in/support/spare-part-pricing-list-for-repair/
2026-08-14T10:25:19+00:00,Samsung,Galaxy S25 Ultra,Battery,"Battery 2,440",2440.0,INR,ok,,https://www.samsung.com/in/support/spare-part-pricing-list-for-repair/
2026-08-14T10:25:19+00:00,Samsung,Galaxy S25 Ultra,S Pen,"S Pen 2,090",2090.0,INR,ok,,https://www.samsung.com/in/support/spare-part-pricing-list-for-repair/
2026-08-14T10:25:23+00:00,Samsung,Galaxy S25+,- 256 GB,"- 256 GB 33,650",256.0,INR,ok,,https://www.samsung.com/in/support/spare-part-pricing-list-for-repair/
2026-08-14T10:25:23+00:00,Samsung,Galaxy S25+,- 512 GB,"- 512 GB 37,720",512.0,INR,ok,,https://www.samsung.com/in/support/spare-part-pricing-list-for-repair/
2026-08-14T10:25:23+00:00,Samsung,Galaxy S25+,- Frame,"- Frame 3,600",3600.0,INR,ok,,https://www.samsung.com/in/support/spare-part-pricing-list-for-repair/
2026-08-14T10:25:23+00:00,Samsung,Galaxy S25+,- Main Screen,"- Main Screen 10,710",10710.0,INR,ok,,https://www.samsung.com/in/support/spare-part-pricing-list-for-repair/
2026-08-14T10:25:23+00:00,Samsung,Galaxy S25+,Back Glass/Cover,"Back Glass/Cover 2,580",2580.0,INR,ok,,https://www.samsung.com/in/support/spare-part-pricing-list-for-repair/
2026-08-14T10:25:23+00:00,Samsung,Galaxy S25+,Battery,"Battery 2,410",2410.0,INR,ok,,https://www.samsung.com/in/support/spare-part-pricing-list-for-repair/
2026-08-14T10:25:27+00:00,Samsung,Galaxy S25,- 128 GB,"- 128 GB 27,610",128.0,INR,ok,,https://www.samsung.com/in/support/spare-part-pricing-list-for-repair/
2026-08-14T10:25:27+00:00,Samsung,Galaxy S25,- 256 GB,"- 256 GB 30,890",256.0,INR,ok,,https://www.samsung.com/in/support/spare-part-pricing-list-for-repair/
2026-08-14T10:25:27+00:00,Samsung,Galaxy S25,- 512 GB,"- 512 GB 31,270",512.0,INR,ok,,https://www.samsung.com/in/support/spare-part-pricing-list-for-repair/
2026-08-14T10:25:27+00:00,Samsung,Galaxy S25,- Frame,"- Frame 3,460",3460.0,INR,ok,,https://www.samsung.com/in/support/spare-part-pricing-list-for-repair/
2026-08-14T10:25:27+00:00,Samsung,Galaxy S25,- Main Screen,"- Main Screen 7,450",7450.0,INR,ok,,https://www.samsung.com/in/support/spare-part-pricing-list-for-repair/
2026-08-14T10:25:27+00:00,Samsung,Galaxy S25,Back Glass/Cover,"Back Glass/Cover 2,310",2310.0,INR,ok,,https://www.samsung.com/in/support/spare-part-pricing-list-for-repair/
2026-08-14T10:25:27+00:00,Samsung,Galaxy S25,Battery,"Battery 2,470",2470.0,INR,ok,,https://www.samsung.com/in/support/spare-part-pricing-list-for-repair/
2026-08-14T10:25:30+00:00,Samsung,Galaxy S24 FE,- 128 GB,"- 128 GB 20,390",128.0,INR,ok,,https://www.samsung.com/in/support/spare-part-pricing-list-for-repair/
2026-08-14T10:25:30+00:00,Samsung,Galaxy S24 FE,- 256 GB,"- 256 GB 22,430",256.0,INR,ok,,https://www.samsung.com/in/support/spare-part-pricing-list-for-repair/
2026-08-14T10:25:30+00:00,Samsung,Galaxy S24 FE,- Frame,"- Frame 3,020",3020.0,INR,ok,,https://www.samsung.com/in/support/spare-part-pricing-list-for-repair/
2026-08-14T10:25:30+00:00,Samsung,Galaxy S24 FE,- Main Screen,"- Main Screen 5,130",5130.0,INR,ok,,https://www.samsung.com/in/support/spare-part-pricing-list-for-repair/
2026-08-14T10:25:30+00:00,Samsung,Galaxy S24 FE,Back Glass/Cover,"Back Glass/Cover 1,170",1170.0,INR,ok,,https://www.samsung.com/in/support/spare-part-pricing-list-for-repair/
2026-08-14T10:25:30+00:00,Samsung,Galaxy S24 FE,Battery,"Battery 1,890",1890.0,INR,ok,,https://www.samsung.com/in/support/spare-part-pricing-list-for-repair/
2026-08-14T10:25:34+00:00,Samsung,Galaxy S24 Ultra,- 1 TB,"- 1 TB 50,640",1.0,INR,ok,,https://www.samsung.com/in/support/spare-part-pricing-list-for-repair/
2026-08-14T10:25:34+00:00,Samsung,Galaxy S24 Ultra,- 256 GB,"- 256 GB 40,440",256.0,INR,ok,,https://www.samsung.com/in/support/spare-part-pricing-list-for-repair/
2026-08-14T10:25:34+00:00,Samsung,Galaxy S24 Ultra,- 512 GB,"- 512 GB 43,840",512.0,INR,ok,,https://www.samsung.com/in/support/spare-part-pricing-list-for-repair/
2026-08-14T10:25:34+00:00,Samsung,Galaxy S24 Ultra,- Frame,"- Frame 8,880",8880.0,INR,ok,,https://www.samsung.com/in/support/spare-part-pricing-list-for-repair/
2026-08-14T10:25:34+00:00,Samsung,Galaxy S24 Ultra,- Main Screen,"- Main Screen 16,160",16160.0,INR,ok,,https://www.samsung.com/in/support/spare-part-pricing-list-for-repair/
2026-08-14T10:25:34+00:00,Samsung,Galaxy S24 Ultra,Back Glass/Cover,"Back Glass/Cover 2,760",2760.0,INR,ok,,https://www.samsung.com/in/support/spare-part-pricing-list-for-repair/
2026-08-14T10:25:34+00:00,Samsung,Galaxy S24 Ultra,Battery,"Battery 2,230",2230.0,INR,ok,,https://www.samsung.com/in/support/spare-part-pricing-list-for-repair/
2026-08-14T10:25:34+00:00,Samsung,Galaxy S24 Ultra,S Pen,"S Pen 2,440",2440.0,INR,ok,,https://www.samsung.com/in/support/spare-part-pricing-list-for-repair/
2026-08-14T10:25:38+00:00,Samsung,Galaxy S24+,- 256 GB,"- 256 GB 33,650",256.0,INR,ok,,https://www.samsung.com/in/support/spare-part-pricing-list-for-repair/
2026-08-14T10:25:38+00:00,Samsung,Galaxy S24+,- 512 GB,"- 512 GB 37,040",512.0,INR,ok,,https://www.samsung.com/in/support/spare-part-pricing-list-for-repair/
2026-08-14T10:25:38+00:00,Samsung,Galaxy S24+,- Frame,"- Frame 3,460",3460.0,INR,ok,,https://www.samsung.com/in/support/spare-part-pricing-list-for-repair/
2026-08-14T10:25:38+00:00,Samsung,Galaxy S24+,- Main Screen,"- Main Screen 12,520",12520.0,INR,ok,,https://www.samsung.com/in/support/spare-part-pricing-list-for-repair/
2026-08-14T10:25:38+00:00,Samsung,Galaxy S24+,Back Glass/Cover,"Back Glass/Cover 2,600",2600.0,INR,ok,,https://www.samsung.com/in/support/spare-part-pricing-list-for-repair/
2026-08-14T10:25:38+00:00,Samsung,Galaxy S24+,Battery,"Battery 1,040",1040.0,INR,ok,,https://www.samsung.com/in/support/spare-part-pricing-list-for-repair/
2026-08-14T10:25:41+00:00,Samsung,Galaxy S24,- 128 GB,"- 128 GB 27,750",128.0,INR,ok,,https://www.samsung.com/in/support/spare-part-pricing-list-for-repair/
2026-08-14T10:25:41+00:00,Samsung,Galaxy S24,- 256 GB,"- 256 GB 23,790",256.0,INR,ok,,https://www.samsung.com/in/support/spare-part-pricing-list-for-repair/
2026-08-14T10:25:41+00:00,Samsung,Galaxy S24,- 512 GB,"- 512 GB 27,870",512.0,INR,ok,,https://www.samsung.com/in/support/spare-part-pricing-list-for-repair/
2026-08-14T10:25:41+00:00,Samsung,Galaxy S24,- Frame,"- Frame 2,690",2690.0,INR,ok,,https://www.samsung.com/in/support/spare-part-pricing-list-for-repair/
2026-08-14T10:25:41+00:00,Samsung,Galaxy S24,- Main Screen,"- Main Screen 8,600",8600.0,INR,ok,,https://www.samsung.com/in/support/spare-part-pricing-list-for-repair/
2026-08-14T10:25:41+00:00,Samsung,Galaxy S24,Back Glass/Cover,"Back Glass/Cover 2,450",2450.0,INR,ok,,https://www.samsung.com/in/support/spare-part-pricing-list-for-repair/
2026-08-14T10:25:41+00:00,Samsung,Galaxy S24,Battery,"Battery 2,280",2280.0,INR,ok,,https://www.samsung.com/in/support/spare-part-pricing-list-for-repair/
2026-08-14T10:25:45+00:00,Samsung,Galaxy S23 FE,- 128 GB,"- 128 GB 15,600",128.0,INR,ok,,https://www.samsung.com/in/support/spare-part-pricing-list-for-repair/
2026-08-14T10:25:45+00:00,Samsung,Galaxy S23 FE,- 256 GB,"- 256 GB 18,350",256.0,INR,ok,,https://www.samsung.com/in/support/spare-part-pricing-list-for-repair/
2026-08-14T10:25:45+00:00,Samsung,Galaxy S23 FE,- Frame,"- Frame 3,110",3110.0,INR,ok,,https://www.samsung.com/in/support/spare-part-pricing-list-for-repair/
2026-08-14T10:25:45+00:00,Samsung,Galaxy S23 FE,- Main Screen,"- Main Screen 5,290",5290.0,INR,ok,,https://www.samsung.com/in/support/spare-part-pricing-list-for-repair/
2026-08-14T10:25:45+00:00,Samsung,Galaxy S23 FE,Back Glass/Cover,"Back Glass/Cover 1,500",1500.0,INR,ok,,https://www.samsung.com/in/support/spare-part-pricing-list-for-repair/
2026-08-14T10:25:45+00:00,Samsung,Galaxy S23 FE,Battery,"Battery 1,900",1900.0,INR,ok,,https://www.samsung.com/in/support/spare-part-pricing-list-for-repair/
2026-08-14T10:25:49+00:00,Samsung,Galaxy S23 ultra,- 1 TB,"- 1 TB 47,240",1.0,INR,ok,,https://www.samsung.com/in/support/spare-part-pricing-list-for-repair/
2026-08-14T10:25:49+00:00,Samsung,Galaxy S23 ultra,- 256 GB,"- 256 GB 37,040",256.0,INR,ok,,https://www.samsung.com/in/support/spare-part-pricing-list-for-repair/
2026-08-14T10:25:49+00:00,Samsung,Galaxy S23 ultra,- 512 GB,"- 512 GB 40,440",512.0,INR,ok,,https://www.samsung.com/in/support/spare-part-pricing-list-for-repair/
2026-08-14T10:25:49+00:00,Samsung,Galaxy S23 ultra,- Frame,"- Frame 3,180",3180.0,INR,ok,,https://www.samsung.com/in/support/spare-part-pricing-list-for-repair/
2026-08-14T10:25:49+00:00,Samsung,Galaxy S23 ultra,- Main Screen,"- Main Screen 15,450",15450.0,INR,ok,,https://www.samsung.com/in/support/spare-part-pricing-list-for-repair/
2026-08-14T10:25:49+00:00,Samsung,Galaxy S23 ultra,Back Glass/Cover,"Back Glass/Cover 3,430",3430.0,INR,ok,,https://www.samsung.com/in/support/spare-part-pricing-list-for-repair/
2026-08-14T10:25:49+00:00,Samsung,Galaxy S23 ultra,Battery,"Battery 2,380",2380.0,INR,ok,,https://www.samsung.com/in/support/spare-part-pricing-list-for-repair/
2026-08-14T10:25:49+00:00,Samsung,Galaxy S23 ultra,Main Screen Assembly,"Main Screen Assembly 28,470",28470.0,INR,ok,,https://www.samsung.com/in/support/spare-part-pricing-list-for-repair/
2026-08-14T10:25:49+00:00,Samsung,Galaxy S23 ultra,S Pen,"S Pen 2,590",2590.0,INR,ok,,https://www.samsung.com/in/support/spare-part-pricing-list-for-repair/
2026-08-14T10:25:52+00:00,Samsung,Galaxy S23+,- 256 GB,"- 256 GB 28,550",256.0,INR,ok,,https://www.samsung.com/in/support/spare-part-pricing-list-for-repair/
2026-08-14T10:25:52+00:00,Samsung,Galaxy S23+,- 512 GB,"- 512 GB 31,950",512.0,INR,ok,,https://www.samsung.com/in/support/spare-part-pricing-list-for-repair/
2026-08-14T10:25:52+00:00,Samsung,Galaxy S23+,- Frame,"- Frame 2,440",2440.0,INR,ok,,https://www.samsung.com/in/support/spare-part-pricing-list-for-repair/
2026-08-14T10:25:52+00:00,Samsung,Galaxy S23+,- Main Screen,"- Main Screen 10,930",10930.0,INR,ok,,https://www.samsung.com/in/support/spare-part-pricing-list-for-repair/
2026-08-14T10:25:52+00:00,Samsung,Galaxy S23+,Back Glass/Cover,"Back Glass/Cover 2,440",2440.0,INR,ok,,https://www.samsung.com/in/support/spare-part-pricing-list-for-repair/
2026-08-14T10:25:52+00:00,Samsung,Galaxy S23+,Battery,"Battery 2,330",2330.0,INR,ok,,https://www.samsung.com/in/support/spare-part-pricing-list-for-repair/
2026-08-14T10:25:52+00:00,Samsung,Galaxy S23+,Main Screen Assembly,"Main Screen Assembly 13,540",13540.0,INR,ok,,https://www.samsung.com/in/support/spare-part-pricing-list-for-repair/
2026-08-14T10:25:56+00:00,Samsung,Galaxy S23,- 128 GB,"- 128 GB 21,750",128.0,INR,ok,,https://www.samsung.com/in/support/spare-part-pricing-list-for-repair/
2026-08-14T10:25:56+00:00,Samsung,Galaxy S23,- 256 GB,"- 256 GB 23,450",256.0,INR,ok,,https://www.samsung.com/in/support/spare-part-pricing-list-for-repair/
2026-08-14T10:25:56+00:00,Samsung,Galaxy S23,- Frame,"- Frame 2,450",2450.0,INR,ok,,https://www.samsung.com/in/support/spare-part-pricing-list-for-repair/
2026-08-14T10:25:56+00:00,Samsung,Galaxy S23,- Main Screen,"- Main Screen 8,990",8990.0,INR,ok,,https://www.samsung.com/in/support/spare-part-pricing-list-for-repair/
2026-08-14T10:25:56+00:00,Samsung,Galaxy S23,Back Glass/Cover,"Back Glass/Cover 2,520",2520.0,INR,ok,,https://www.samsung.com/in/support/spare-part-pricing-list-for-repair/
2026-08-14T10:25:56+00:00,Samsung,Galaxy S23,Battery,"Battery 2,130",2130.0,INR,ok,,https://www.samsung.com/in/support/spare-part-pricing-list-for-repair/
2026-08-14T10:25:56+00:00,Samsung,Galaxy S23,Main Screen Assembly,"Main Screen Assembly 19,220",19220.0,INR,ok,,https://www.samsung.com/in/support/spare-part-pricing-list-for-repair/
2026-08-14T10:26:00+00:00,Samsung,Galaxy S22 ultra,- 256 GB,"- 256 GB 31,390",256.0,INR,ok,,https://www.samsung.com/in/support/spare-part-pricing-list-for-repair/
2026-08-14T10:26:00+00:00,Samsung,Galaxy S22 ultra,- 512 GB,"- 512 GB 35,680",512.0,INR,ok,,https://www.samsung.com/in/support/spare-part-pricing-list-for-repair/
2026-08-14T10:26:00+00:00,Samsung,Galaxy S22 ultra,- Component Repair,"- Component Repair 13,688",13688.0,INR,ok,,https://www.samsung.com/in/support/spare-part-pricing-list-for-repair/
2026-08-14T10:26:00+00:00,Samsung,Galaxy S22 ultra,-Camera TOF,"-Camera TOF 5,480",5480.0,INR,ok,,https://www.samsung.com/in/support/spare-part-pricing-list-for-repair/
2026-08-14T10:26:00+00:00,Samsung,Galaxy S22 ultra,-Front Camera,"-Front Camera 2,390",2390.0,INR,ok,,https://www.samsung.com/in/support/spare-part-pricing-list-for-repair/
2026-08-14T10:26:00+00:00,Samsung,Galaxy S22 ultra,-Rear Camera,"-Rear Camera 4,880",4880.0,INR,ok,,https://www.samsung.com/in/support/spare-part-pricing-list-for-repair/
2026-08-14T10:26:00+00:00,Samsung,Galaxy S22 ultra,-Telephoto Camera,"-Telephoto Camera 2,620",2620.0,INR,ok,,https://www.samsung.com/in/support/spare-part-pricing-list-for-repair/
2026-08-14T10:26:00+00:00,Samsung,Galaxy S22 ultra,-Ultra Wide Camera,"-Ultra Wide Camera 2,280",2280.0,INR,ok,,https://www.samsung.com/in/support/spare-part-pricing-list-for-repair/
2026-08-14T10:26:00+00:00,Samsung,Galaxy S22 ultra,Back Glass/Cover,"Back Glass/Cover 3,370",3370.0,INR,ok,,https://www.samsung.com/in/support/spare-part-pricing-list-for-repair/
2026-08-14T10:26:00+00:00,Samsung,Galaxy S22 ultra,Battery,"Battery 2,120",2120.0,INR,ok,,https://www.samsung.com/in/support/spare-part-pricing-list-for-repair/
2026-08-14T10:26:00+00:00,Samsung,Galaxy S22 ultra,Main Screen Assembly,"Main Screen Assembly 21,010",21010.0,INR,ok,,https://www.samsung.com/in/support/spare-part-pricing-list-for-repair/
2026-08-14T10:26:00+00:00,Samsung,Galaxy S22 ultra,S Pen,"S Pen 2,620",2620.0,INR,ok,,https://www.samsung.com/in/support/spare-part-pricing-list-for-repair/
2026-08-14T10:26:03+00:00,Samsung,Galaxy S22+,Main Screen Assembly,"Main Screen Assembly 14,030",14030.0,INR,ok,,https://www.samsung.com/in/support/spare-part-pricing-list-for-repair/
2026-08-14T10:26:04+00:00,Samsung,Galaxy S22+,- 128 GB,"- 128 GB 24,190",128.0,INR,ok,,https://www.samsung.com/in/support/spare-part-pricing-list-for-repair/
2026-08-14T10:26:04+00:00,Samsung,Galaxy S22+,- 256 GB,"- 256 GB 33,280",256.0,INR,ok,,https://www.samsung.com/in/support/spare-part-pricing-list-for-repair/
2026-08-14T10:26:04+00:00,Samsung,Galaxy S22+,- Main Screen,"- Main Screen 9,290",9290.0,INR,ok,,https://www.samsung.com/in/support/spare-part-pricing-list-for-repair/
2026-08-14T10:26:04+00:00,Samsung,Galaxy S22+,-Front Camera,"-Front Camera 4,660",4660.0,INR,ok,,https://www.samsung.com/in/support/spare-part-pricing-list-for-repair/
2026-08-14T10:26:04+00:00,Samsung,Galaxy S22+,-Rear Camera,"-Rear Camera 2,200",2200.0,INR,ok,,https://www.samsung.com/in/support/spare-part-pricing-list-for-repair/
2026-08-14T10:26:04+00:00,Samsung,Galaxy S22+,-Telephoto Camera,"-Telephoto Camera 1,890",1890.0,INR,ok,,https://www.samsung.com/in/support/spare-part-pricing-list-for-repair/
2026-08-14T10:26:04+00:00,Samsung,Galaxy S22+,-Ultra Wide Camera,"-Ultra Wide Camera 1,960",1960.0,INR,ok,,https://www.samsung.com/in/support/spare-part-pricing-list-for-repair/
2026-08-14T10:26:04+00:00,Samsung,Galaxy S22+,Back Glass/Cover,"Back Glass/Cover 2,570",2570.0,INR,ok,,https://www.samsung.com/in/support/spare-part-pricing-list-for-repair/
2026-08-14T10:26:04+00:00,Samsung,Galaxy S22+,Battery,"Battery 1,990",1990.0,INR,ok,,https://www.samsung.com/in/support/spare-part-pricing-list-for-repair/
2026-08-14T10:26:07+00:00,Samsung,Galaxy S22,- 128 GB,"- 128 GB 23,700",128.0,INR,ok,,https://www.samsung.com/in/support/spare-part-pricing-list-for-repair/
2026-08-14T10:26:07+00:00,Samsung,Galaxy S22,- 256 GB,"- 256 GB 36,400",256.0,INR,ok,,https://www.samsung.com/in/support/spare-part-pricing-list-for-repair/
2026-08-14T10:26:07+00:00,Samsung,Galaxy S22,- Main Screen,"- Main Screen 8,730",8730.0,INR,ok,,https://www.samsung.com/in/support/spare-part-pricing-list-for-repair/
2026-08-14T10:26:07+00:00,Samsung,Galaxy S22,-Front Camera,"-Front Camera 4,660",4660.0,INR,ok,,https://www.samsung.com/in/support/spare-part-pricing-list-for-repair/
2026-08-14T10:26:07+00:00,Samsung,Galaxy S22,-Rear Camera,"-Rear Camera 2,200",2200.0,INR,ok,,https://www.samsung.com/in/support/spare-part-pricing-list-for-repair/
2026-08-14T10:26:07+00:00,Samsung,Galaxy S22,-Telephoto Camera,"-Telephoto Camera 1,890",1890.0,INR,ok,,https://www.samsung.com/in/support/spare-part-pricing-list-for-repair/
2026-08-14T10:26:07+00:00,Samsung,Galaxy S22,-Ultra Wide Camera,"-Ultra Wide Camera 1,960",1960.0,INR,ok,,https://www.samsung.com/in/support/spare-part-pricing-list-for-repair/
2026-08-14T10:26:07+00:00,Samsung,Galaxy S22,Back Glass/Cover,"Back Glass/Cover 2,200",2200.0,INR,ok,,https://www.samsung.com/in/support/spare-part-pricing-list-for-repair/
2026-08-14T10:26:07+00:00,Samsung,Galaxy S22,Battery,"Battery 1,730",1730.0,INR,ok,,https://www.samsung.com/in/support/spare-part-pricing-list-for-repair/
2026-08-14T10:26:07+00:00,Samsung,Galaxy S22,Main Screen Assembly,"Main Screen Assembly 14,000",14000.0,INR,ok,,https://www.samsung.com/in/support/spare-part-pricing-list-for-repair/
2026-08-14T10:26:11+00:00,Samsung,Galaxy S21 FE,- 128 GB,"- 128 GB 17,820",128.0,INR,ok,,https://www.samsung.com/in/support/spare-part-pricing-list-for-repair/
2026-08-14T10:26:11+00:00,Samsung,Galaxy S21 FE,- 256 GB,"- 256 GB 25,460",256.0,INR,ok,,https://www.samsung.com/in/support/spare-part-pricing-list-for-repair/
2026-08-14T10:26:11+00:00,Samsung,Galaxy S21 FE,- Component Repair,- Component Repair N/A,,INR,ok,,https://www.samsung.com/in/support/spare-part-pricing-list-for-repair/
2026-08-14T10:26:11+00:00,Samsung,Galaxy S21 FE,Back Glass/Cover,"Back Glass/Cover 1,220",1220.0,INR,ok,,https://www.samsung.com/in/support/spare-part-pricing-list-for-repair/
2026-08-14T10:26:11+00:00,Samsung,Galaxy S21 FE,Battery,"Battery 2,130",2130.0,INR,ok,,https://www.samsung.com/in/support/spare-part-pricing-list-for-repair/
2026-08-14T10:26:11+00:00,Samsung,Galaxy S21 FE,Main Screen Assembly,"Main Screen Assembly 9,130",9130.0,INR,ok,,https://www.samsung.com/in/support/spare-part-pricing-list-for-repair/
2026-08-14T10:26:15+00:00,Samsung,Galaxy S21,- 128 GB,"- 128 GB 20,380",128.0,INR,ok,,https://www.samsung.com/in/support/spare-part-pricing-list-for-repair/
2026-08-14T10:26:15+00:00,Samsung,Galaxy S21,- 256 GB,"- 256 GB 21,860",256.0,INR,ok,,https://www.samsung.com/in/support/spare-part-pricing-list-for-repair/
2026-08-14T10:26:15+00:00,Samsung,Galaxy S21,- Main Screen,"- Main Screen 12,840",12840.0,INR,ok,,https://www.samsung.com/in/support/spare-part-pricing-list-for-repair/
2026-08-14T10:26:15+00:00,Samsung,Galaxy S21,-Front Camera,"-Front Camera 2,010",2010.0,INR,ok,,https://www.samsung.com/in/support/spare-part-pricing-list-for-repair/
2026-08-14T10:26:15+00:00,Samsung,Galaxy S21,-Rear Camera,"-Rear Camera 8,110",8110.0,INR,ok,,https://www.samsung.com/in/support/spare-part-pricing-list-for-repair/
2026-08-14T10:26:15+00:00,Samsung,Galaxy S21,-Telephoto Camera,"-Telephoto Camera 2,040",2040.0,INR,ok,,https://www.samsung.com/in/support/spare-part-pricing-list-for-repair/
2026-08-14T10:26:15+00:00,Samsung,Galaxy S21,Back Glass/Cover,"Back Glass/Cover 2,100",2100.0,INR,ok,,https://www.samsung.com/in/support/spare-part-pricing-list-for-repair/
2026-08-14T10:26:15+00:00,Samsung,Galaxy S21,Battery,"Battery 1,590",1590.0,INR,ok,,https://www.samsung.com/in/support/spare-part-pricing-list-for-repair/
2026-08-14T10:26:15+00:00,Samsung,Galaxy S21,Main Screen Assembly,"Main Screen Assembly 13,910",13910.0,INR,ok,,https://www.samsung.com/in/support/spare-part-pricing-list-for-repair/
2026-08-14T10:26:15+00:00,Samsung,Galaxy S21,S Pen,S Pen N/A,,INR,ok,,https://www.samsung.com/in/support/spare-part-pricing-list-for-repair/
2026-08-14T10:26:18+00:00,Samsung,Galaxy S21+,- 128 GB,"- 128 GB 18,270",128.0,INR,ok,,https://www.samsung.com/in/support/spare-part-pricing-list-for-repair/
2026-08-14T10:26:18+00:00,Samsung,Galaxy S21+,- 256 GB,"- 256 GB 19,330",256.0,INR,ok,,https://www.samsung.com/in/support/spare-part-pricing-list-for-repair/
2026-08-14T10:26:18+00:00,Samsung,Galaxy S21+,- Main Screen,"- Main Screen 9,890",9890.0,INR,ok,,https://www.samsung.com/in/support/spare-part-pricing-list-for-repair/
2026-08-14T10:26:18+00:00,Samsung,Galaxy S21+,Back Glass/Cover,"Back Glass/Cover 3,100",3100.0,INR,ok,,https://www.samsung.com/in/support/spare-part-pricing-list-for-repair/
2026-08-14T10:26:18+00:00,Samsung,Galaxy S21+,Battery,"Battery 2,170",2170.0,INR,ok,,https://www.samsung.com/in/support/spare-part-pricing-list-for-repair/
2026-08-14T10:26:18+00:00,Samsung,Galaxy S21+,Main Screen Assembly,"Main Screen Assembly 17,380",17380.0,INR,ok,,https://www.samsung.com/in/support/spare-part-pricing-list-for-repair/
2026-08-14T10:26:18+00:00,Samsung,Galaxy S21+,S Pen,S Pen N/A,,INR,ok,,https://www.samsung.com/in/support/spare-part-pricing-list-for-repair/
2026-08-14T10:26:19+00:00,Samsung,Galaxy S21+,-Front Camera,"-Front Camera 2,010",2010.0,INR,ok,,https://www.samsung.com/in/support/spare-part-pricing-list-for-repair/
2026-08-14T10:26:19+00:00,Samsung,Galaxy S21+,-Rear Camera,"-Rear Camera 6,500",6500.0,INR,ok,,https://www.samsung.com/in/support/spare-part-pricing-list-for-repair/
2026-08-14T10:26:19+00:00,Samsung,Galaxy S21+,-Telephoto Camera,"-Telephoto Camera 2,040",2040.0,INR,ok,,https://www.samsung.com/in/support/spare-part-pricing-list-for-repair/
2026-08-14T10:26:22+00:00,Samsung,Galaxy S21 Ultra,- 256 GB,"- 256 GB 35,680",256.0,INR,ok,,https://www.samsung.com/in/support/spare-part-pricing-list-for-repair/
2026-08-14T10:26:22+00:00,Samsung,Galaxy S21 Ultra,- 512 GB,"- 512 GB 33,410",512.0,INR,ok,,https://www.samsung.com/in/support/spare-part-pricing-list-for-repair/
2026-08-14T10:26:22+00:00,Samsung,Galaxy S21 Ultra,- Component Repair,"- Component Repair 15,132",15132.0,INR,ok,,https://www.samsung.com/in/support/spare-part-pricing-list-for-repair/
2026-08-14T10:26:22+00:00,Samsung,Galaxy S21 Ultra,-Camera TOF,"-Camera TOF 2,230",2230.0,INR,ok,,https://www.samsung.com/in/support/spare-part-pricing-list-for-repair/
2026-08-14T10:26:22+00:00,Samsung,Galaxy S21 Ultra,-Front Camera,"-Front Camera 2,230",2230.0,INR,ok,,https://www.samsung.com/in/support/spare-part-pricing-list-for-repair/
2026-08-14T10:26:22+00:00,Samsung,Galaxy S21 Ultra,-Rear Camera,"-Rear Camera 2,610",2610.0,INR,ok,,https://www.samsung.com/in/support/spare-part-pricing-list-for-repair/
2026-08-14T10:26:22+00:00,Samsung,Galaxy S21 Ultra,-Telephoto Camera,"-Telephoto Camera 7,040",7040.0,INR,ok,,https://www.samsung.com/in/support/spare-part-pricing-list-for-repair/
2026-08-14T10:26:22+00:00,Samsung,Galaxy S21 Ultra,-Ultra Wide Camera,"-Ultra Wide Camera 4,780",4780.0,INR,ok,,https://www.samsung.com/in/support/spare-part-pricing-list-for-repair/
2026-08-14T10:26:22+00:00,Samsung,Galaxy S21 Ultra,Back Glass/Cover,"Back Glass/Cover 3,500",3500.0,INR,ok,,https://www.samsung.com/in/support/spare-part-pricing-list-for-repair/
2026-08-14T10:26:22+00:00,Samsung,Galaxy S21 Ultra,Battery,"Battery 2,640",2640.0,INR,ok,,https://www.samsung.com/in/support/spare-part-pricing-list-for-repair/
2026-08-14T10:26:22+00:00,Samsung,Galaxy S21 Ultra,Main Screen Assembly,"Main Screen Assembly 23,870",23870.0,INR,ok,,https://www.samsung.com/in/support/spare-part-pricing-list-for-repair/
2026-08-14T10:26:22+00:00,Samsung,Galaxy S21 Ultra,S Pen,S Pen N/A,,INR,ok,,https://www.samsung.com/in/support/spare-part-pricing-list-for-repair/
2026-08-14T10:26:26+00:00,Samsung,Galaxy S20 FE 5G,- 128 GB,"- 128 GB 15,410",128.0,INR,ok,,https://www.samsung.com/in/support/spare-part-pricing-list-for-repair/
2026-08-14T10:26:26+00:00,Samsung,Galaxy S20 FE 5G,- Component Repair,- Component Repair N/A,,INR,ok,,https://www.samsung.com/in/support/spare-part-pricing-list-for-repair/
2026-08-14T10:26:26+00:00,Samsung,Galaxy S20 FE 5G,-Front Camera,"-Front Camera 1,700",1700.0,INR,ok,,https://www.samsung.com/in/support/spare-part-pricing-list-for-repair/
2026-08-14T10:26:26+00:00,Samsung,Galaxy S20 FE 5G,-Rear Camera,-Rear Camera 780,780.0,INR,ok,,https://www.samsung.com/in/support/spare-part-pricing-list-for-repair/
2026-08-14T10:26:26+00:00,Samsung,Galaxy S20 FE 5G,-Telephoto Camera,"-Telephoto Camera 3,020",3020.0,INR,ok,,https://www.samsung.com/in/support/spare-part-pricing-list-for-repair/
2026-08-14T10:26:26+00:00,Samsung,Galaxy S20 FE 5G,-Ultra Wide Camera,"-Ultra Wide Camera 1,420",1420.0,INR,ok,,https://www.samsung.com/in/support/spare-part-pricing-list-for-repair/
2026-08-14T10:26:26+00:00,Samsung,Galaxy S20 FE 5G,Back Glass/Cover,"Back Glass/Cover 1,560",1560.0,INR,ok,,https://www.samsung.com/in/support/spare-part-pricing-list-for-repair/
2026-08-14T10:26:26+00:00,Samsung,Galaxy S20 FE 5G,Battery,"Battery 1,810",1810.0,INR,ok,,https://www.samsung.com/in/support/spare-part-pricing-list-for-repair/
2026-08-14T10:26:26+00:00,Samsung,Galaxy S20 FE 5G,Main Screen Assembly,"Main Screen Assembly 11,330",11330.0,INR,ok,,https://www.samsung.com/in/support/spare-part-pricing-list-for-repair/
2026-08-14T10:29:14+00:00,Samsung,Galaxy M47 5G,- 128 GB,"- 128 GB 24,050",128.0,INR,ok,,https://www.samsung.com/in/support/spare-part-pricing-list-for-repair/
2026-08-14T10:29:14+00:00,Samsung,Galaxy M47 5G,- 256 GB,"- 256 GB 28,500",256.0,INR,ok,,https://www.samsung.com/in/support/spare-part-pricing-list-for-repair/
2026-08-14T10:29:14+00:00,Samsung,Galaxy M47 5G,- Component Repair,- Component Repair N/A,,INR,ok,,https://www.samsung.com/in/support/spare-part-pricing-list-for-repair/
2026-08-14T10:29:14+00:00,Samsung,Galaxy M47 5G,Back Glass/Cover,"Back Glass/Cover 1,130",1130.0,INR,ok,,https://www.samsung.com/in/support/spare-part-pricing-list-for-repair/
2026-08-14T10:29:14+00:00,Samsung,Galaxy M47 5G,Battery,"Battery 2,560",2560.0,INR,ok,,https://www.samsung.com/in/support/spare-part-pricing-list-for-repair/
2026-08-14T10:29:14+00:00,Samsung,Galaxy M47 5G,Main Screen Assembly,"Main Screen Assembly 4,850",4850.0,INR,ok,,https://www.samsung.com/in/support/spare-part-pricing-list-for-repair/
2026-08-14T10:29:17+00:00,Samsung,Galaxy M17e 5G,- 128 GB,"- 128 GB 12,110",128.0,INR,ok,,https://www.samsung.com/in/support/spare-part-pricing-list-for-repair/
2026-08-14T10:29:17+00:00,Samsung,Galaxy M17e 5G,- Component Repair,- Component Repair N/A,,INR,ok,,https://www.samsung.com/in/support/spare-part-pricing-list-for-repair/
2026-08-14T10:29:17+00:00,Samsung,Galaxy M17e 5G,Back Glass/Cover,Back Glass/Cover 610,610.0,INR,ok,,https://www.samsung.com/in/support/spare-part-pricing-list-for-repair/
2026-08-14T10:29:17+00:00,Samsung,Galaxy M17e 5G,Battery,"Battery 1,680",1680.0,INR,ok,,https://www.samsung.com/in/support/spare-part-pricing-list-for-repair/
2026-08-14T10:29:17+00:00,Samsung,Galaxy M17e 5G,Main Screen Assembly,"Main Screen Assembly 3,020",3020.0,INR,ok,,https://www.samsung.com/in/support/spare-part-pricing-list-for-repair/
2026-08-14T10:29:21+00:00,Samsung,Galaxy M17 5G,- 128 GB,"- 128 GB 9,710",128.0,INR,ok,,https://www.samsung.com/in/support/spare-part-pricing-list-for-repair/
2026-08-14T10:29:21+00:00,Samsung,Galaxy M17 5G,- Component Repair,- Component Repair N/A,,INR,ok,,https://www.samsung.com/in/support/spare-part-pricing-list-for-repair/
2026-08-14T10:29:21+00:00,Samsung,Galaxy M17 5G,Back Glass/Cover,Back Glass/Cover 530,530.0,INR,ok,,https://www.samsung.com/in/support/spare-part-pricing-list-for-repair/
2026-08-14T10:29:21+00:00,Samsung,Galaxy M17 5G,Battery,"Battery 1,490",1490.0,INR,ok,,https://www.samsung.com/in/support/spare-part-pricing-list-for-repair/
2026-08-14T10:29:21+00:00,Samsung,Galaxy M17 5G,Main Screen Assembly,"Main Screen Assembly 3,910",3910.0,INR,ok,,https://www.samsung.com/in/support/spare-part-pricing-list-for-repair/
2026-08-14T10:29:25+00:00,Samsung,Galaxy M36 5G,- 128 GB,"- 128 GB 7,120",128.0,INR,ok,,https://www.samsung.com/in/support/spare-part-pricing-list-for-repair/
2026-08-14T10:29:25+00:00,Samsung,Galaxy M36 5G,- Component Repair,- Component Repair N/A,,INR,ok,,https://www.samsung.com/in/support/spare-part-pricing-list-for-repair/
2026-08-14T10:29:25+00:00,Samsung,Galaxy M36 5G,Back Glass/Cover,Back Glass/Cover 530,530.0,INR,ok,,https://www.samsung.com/in/support/spare-part-pricing-list-for-repair/
2026-08-14T10:29:25+00:00,Samsung,Galaxy M36 5G,Battery,"Battery 1,410",1410.0,INR,ok,,https://www.samsung.com/in/support/spare-part-pricing-list-for-repair/
2026-08-14T10:29:25+00:00,Samsung,Galaxy M36 5G,Main Screen Assembly,"Main Screen Assembly 4,050",4050.0,INR,ok,,https://www.samsung.com/in/support/spare-part-pricing-list-for-repair/
2026-08-14T10:29:29+00:00,Samsung,Galaxy M16 5G,- 128 GB,"- 128 GB 9,490",128.0,INR,ok,,https://www.samsung.com/in/support/spare-part-pricing-list-for-repair/
2026-08-14T10:29:29+00:00,Samsung,Galaxy M16 5G,- Component Repair,- Component Repair N/A,,INR,ok,,https://www.samsung.com/in/support/spare-part-pricing-list-for-repair/
2026-08-14T10:29:29+00:00,Samsung,Galaxy M16 5G,Back Glass/Cover,Back Glass/Cover 410,410.0,INR,ok,,https://www.samsung.com/in/support/spare-part-pricing-list-for-repair/
2026-08-14T10:29:29+00:00,Samsung,Galaxy M16 5G,Battery,"Battery 1,620",1620.0,INR,ok,,https://www.samsung.com/in/support/spare-part-pricing-list-for-repair/
2026-08-14T10:29:29+00:00,Samsung,Galaxy M16 5G,Main Screen Assembly,"Main Screen Assembly 3,730",3730.0,INR,ok,,https://www.samsung.com/in/support/spare-part-pricing-list-for-repair/
2026-08-14T10:29:32+00:00,Samsung,Galaxy M56 5G,- 128 GB,"- 128 GB 8,450",128.0,INR,ok,,https://www.samsung.com/in/support/spare-part-pricing-list-for-repair/
2026-08-14T10:29:32+00:00,Samsung,Galaxy M56 5G,- 256 GB,"- 256 GB 9,200",256.0,INR,ok,,https://www.samsung.com/in/support/spare-part-pricing-list-for-repair/
2026-08-14T10:29:32+00:00,Samsung,Galaxy M56 5G,- Component Repair,- Component Repair N/A,,INR,ok,,https://www.samsung.com/in/support/spare-part-pricing-list-for-repair/
2026-08-14T10:29:32+00:00,Samsung,Galaxy M56 5G,Back Glass/Cover,"Back Glass/Cover 1,200",1200.0,INR,ok,,https://www.samsung.com/in/support/spare-part-pricing-list-for-repair/
2026-08-14T10:29:32+00:00,Samsung,Galaxy M56 5G,Battery,"Battery 1,820",1820.0,INR,ok,,https://www.samsung.com/in/support/spare-part-pricing-list-for-repair/
2026-08-14T10:29:32+00:00,Samsung,Galaxy M56 5G,Main Screen Assembly,"Main Screen Assembly 5,560",5560.0,INR,ok,,https://www.samsung.com/in/support/spare-part-pricing-list-for-repair/
2026-08-14T10:29:32+00:00,Samsung,Galaxy M56 5G,S Pen,S Pen N/A,,INR,ok,,https://www.samsung.com/in/support/spare-part-pricing-list-for-repair/
2026-08-14T10:29:36+00:00,Samsung,Galaxy M07,- 64 GB,"- 64 GB 6,620",64.0,INR,ok,,https://www.samsung.com/in/support/spare-part-pricing-list-for-repair/
2026-08-14T10:29:36+00:00,Samsung,Galaxy M07,- Component Repair,- Component Repair N/A,,INR,ok,,https://www.samsung.com/in/support/spare-part-pricing-list-for-repair/
2026-08-14T10:29:36+00:00,Samsung,Galaxy M07,Back Glass/Cover,Back Glass/Cover 790,790.0,INR,ok,,https://www.samsung.com/in/support/spare-part-pricing-list-for-repair/
2026-08-14T10:29:36+00:00,Samsung,Galaxy M07,Battery,"Battery 1,510",1510.0,INR,ok,,https://www.samsung.com/in/support/spare-part-pricing-list-for-repair/
2026-08-14T10:29:36+00:00,Samsung,Galaxy M07,Main Screen Assembly,"Main Screen Assembly 2,840",2840.0,INR,ok,,https://www.samsung.com/in/support/spare-part-pricing-list-for-repair/
2026-08-14T10:29:36+00:00,Samsung,Galaxy M07,S Pen,S Pen N/A,,INR,ok,,https://www.samsung.com/in/support/spare-part-pricing-list-for-repair/
2026-08-14T10:29:40+00:00,Samsung,Galaxy M06 5G,- 128 GB,"- 128 GB 10,330",128.0,INR,ok,,https://www.samsung.com/in/support/spare-part-pricing-list-for-repair/
2026-08-14T10:29:40+00:00,Samsung,Galaxy M06 5G,- Component Repair,- Component Repair N/A,,INR,ok,,https://www.samsung.com/in/support/spare-part-pricing-list-for-repair/
2026-08-14T10:29:40+00:00,Samsung,Galaxy M06 5G,Back Glass/Cover,Back Glass/Cover 570,570.0,INR,ok,,https://www.samsung.com/in/support/spare-part-pricing-list-for-repair/
2026-08-14T10:29:40+00:00,Samsung,Galaxy M06 5G,Battery,"Battery 1,390",1390.0,INR,ok,,https://www.samsung.com/in/support/spare-part-pricing-list-for-repair/
2026-08-14T10:29:40+00:00,Samsung,Galaxy M06 5G,Main Screen Assembly,"Main Screen Assembly 2,650",2650.0,INR,ok,,https://www.samsung.com/in/support/spare-part-pricing-list-for-repair/
2026-08-14T10:29:40+00:00,Samsung,Galaxy M06 5G,S Pen,S Pen N/A,,INR,ok,,https://www.samsung.com/in/support/spare-part-pricing-list-for-repair/
2026-08-14T10:29:43+00:00,Samsung,Galaxy M05,- 64 GB,"- 64 GB 4,030",64.0,INR,ok,,https://www.samsung.com/in/support/spare-part-pricing-list-for-repair/
2026-08-14T10:29:43+00:00,Samsung,Galaxy M05,- Component Repair,- Component Repair N/A,,INR,ok,,https://www.samsung.com/in/support/spare-part-pricing-list-for-repair/
2026-08-14T10:29:43+00:00,Samsung,Galaxy M05,Back Glass/Cover,Back Glass/Cover 360,360.0,INR,ok,,https://www.samsung.com/in/support/spare-part-pricing-list-for-repair/
2026-08-14T10:29:43+00:00,Samsung,Galaxy M05,Battery,Battery 960,960.0,INR,ok,,https://www.samsung.com/in/support/spare-part-pricing-list-for-repair/
2026-08-14T10:29:43+00:00,Samsung,Galaxy M05,Main Screen Assembly,"Main Screen Assembly 2,280",2280.0,INR,ok,,https://www.samsung.com/in/support/spare-part-pricing-list-for-repair/
2026-08-14T10:29:43+00:00,Samsung,Galaxy M05,S Pen,S Pen N/A,,INR,ok,,https://www.samsung.com/in/support/spare-part-pricing-list-for-repair/
2026-08-14T10:29:47+00:00,Samsung,Galaxy M35 5G,- 128 GB,"- 128 GB 8,160",128.0,INR,ok,,https://www.samsung.com/in/support/spare-part-pricing-list-for-repair/
2026-08-14T10:29:47+00:00,Samsung,Galaxy M35 5G,- 256 GB,"- 256 GB 7,500",256.0,INR,ok,,https://www.samsung.com/in/support/spare-part-pricing-list-for-repair/
2026-08-14T10:29:47+00:00,Samsung,Galaxy M35 5G,- Component Repair,- Component Repair N/A,,INR,ok,,https://www.samsung.com/in/support/spare-part-pricing-list-for-repair/
2026-08-14T10:29:47+00:00,Samsung,Galaxy M35 5G,Back Glass/Cover,Back Glass/Cover 630,630.0,INR,ok,,https://www.samsung.com/in/support/spare-part-pricing-list-for-repair/
2026-08-14T10:29:47+00:00,Samsung,Galaxy M35 5G,Battery,"Battery 2,230",2230.0,INR,ok,,https://www.samsung.com/in/support/spare-part-pricing-list-for-repair/
2026-08-14T10:29:47+00:00,Samsung,Galaxy M35 5G,Main Screen Assembly,"Main Screen Assembly 4,940",4940.0,INR,ok,,https://www.samsung.com/in/support/spare-part-pricing-list-for-repair/
2026-08-14T10:29:51+00:00,Samsung,Galaxy M55s 5G,- 128 GB,"- 128 GB 17,960",128.0,INR,ok,,https://www.samsung.com/in/support/spare-part-pricing-list-for-repair/
2026-08-14T10:29:51+00:00,Samsung,Galaxy M55s 5G,- 256 GB,"- 256 GB 17,860",256.0,INR,ok,,https://www.samsung.com/in/support/spare-part-pricing-list-for-repair/
2026-08-14T10:29:51+00:00,Samsung,Galaxy M55s 5G,- Component Repair,- Component Repair N/A,,INR,ok,,https://www.samsung.com/in/support/spare-part-pricing-list-for-repair/
2026-08-14T10:29:51+00:00,Samsung,Galaxy M55s 5G,Back Glass/Cover,"Back Glass/Cover 1,200",1200.0,INR,ok,,https://www.samsung.com/in/support/spare-part-pricing-list-for-repair/
2026-08-14T10:29:51+00:00,Samsung,Galaxy M55s 5G,Battery,"Battery 2,670",2670.0,INR,ok,,https://www.samsung.com/in/support/spare-part-pricing-list-for-repair/
2026-08-14T10:29:51+00:00,Samsung,Galaxy M55s 5G,Main Screen Assembly,"Main Screen Assembly 6,490",6490.0,INR,ok,,https://www.samsung.com/in/support/spare-part-pricing-list-for-repair/
2026-08-14T10:29:55+00:00,Samsung,Galaxy M55 5G,- 128 GB,"- 128 GB 19,010",128.0,INR,ok,,https://www.samsung.com/in/support/spare-part-pricing-list-for-repair/
2026-08-14T10:29:55+00:00,Samsung,Galaxy M55 5G,- 256 GB,"- 256 GB 23,740",256.0,INR,ok,,https://www.samsung.com/in/support/spare-part-pricing-list-for-repair/
2026-08-14T10:29:55+00:00,Samsung,Galaxy M55 5G,- Component Repair,- Component Repair N/A,,INR,ok,,https://www.samsung.com/in/support/spare-part-pricing-list-for-repair/
2026-08-14T10:29:55+00:00,Samsung,Galaxy M55 5G,Back Glass/Cover,"Back Glass/Cover 1,200",1200.0,INR,ok,,https://www.samsung.com/in/support/spare-part-pricing-list-for-repair/
2026-08-14T10:29:55+00:00,Samsung,Galaxy M55 5G,Battery,"Battery 2,670",2670.0,INR,ok,,https://www.samsung.com/in/support/spare-part-pricing-list-for-repair/
2026-08-14T10:29:55+00:00,Samsung,Galaxy M55 5G,Main Screen Assembly,"Main Screen Assembly 6,490",6490.0,INR,ok,,https://www.samsung.com/in/support/spare-part-pricing-list-for-repair/
2026-08-14T10:29:58+00:00,Samsung,Galaxy M15 5G,- 128 GB,"- 128 GB 5,840",128.0,INR,ok,,https://www.samsung.com/in/support/spare-part-pricing-list-for-repair/
2026-08-14T10:29:58+00:00,Samsung,Galaxy M15 5G,- Component Repair,- Component Repair N/A,,INR,ok,,https://www.samsung.com/in/support/spare-part-pricing-list-for-repair/
2026-08-14T10:29:58+00:00,Samsung,Galaxy M15 5G,Back Glass/Cover,Back Glass/Cover 560,560.0,INR,ok,,https://www.samsung.com/in/support/spare-part-pricing-list-for-repair/
2026-08-14T10:29:58+00:00,Samsung,Galaxy M15 5G,Battery,"Battery 2,190",2190.0,INR,ok,,https://www.samsung.com/in/support/spare-part-pricing-list-for-repair/
2026-08-14T10:29:58+00:00,Samsung,Galaxy M15 5G,Main Screen Assembly,"Main Screen Assembly 4,060",4060.0,INR,ok,,https://www.samsung.com/in/support/spare-part-pricing-list-for-repair/
2026-08-14T10:29:58+00:00,Samsung,Galaxy M15 5G,S Pen,S Pen N/A,,INR,ok,,https://www.samsung.com/in/support/spare-part-pricing-list-for-repair/
2026-08-14T10:30:02+00:00,Samsung,Galaxy M34 5G,- 128 GB,"- 128 GB 7,480",128.0,INR,ok,,https://www.samsung.com/in/support/spare-part-pricing-list-for-repair/
2026-08-14T10:30:02+00:00,Samsung,Galaxy M34 5G,- Component Repair,- Component Repair N/A,,INR,ok,,https://www.samsung.com/in/support/spare-part-pricing-list-for-repair/
2026-08-14T10:30:02+00:00,Samsung,Galaxy M34 5G,Back Glass/Cover,Back Glass/Cover 770,770.0,INR,ok,,https://www.samsung.com/in/support/spare-part-pricing-list-for-repair/
2026-08-14T10:30:02+00:00,Samsung,Galaxy M34 5G,Battery,"Battery 1,960",1960.0,INR,ok,,https://www.samsung.com/in/support/spare-part-pricing-list-for-repair/
2026-08-14T10:30:02+00:00,Samsung,Galaxy M34 5G,Main Screen Assembly,"Main Screen Assembly 4,940",4940.0,INR,ok,,https://www.samsung.com/in/support/spare-part-pricing-list-for-repair/
2026-08-14T10:30:02+00:00,Samsung,Galaxy M34 5G,S Pen,S Pen N/A,,INR,ok,,https://www.samsung.com/in/support/spare-part-pricing-list-for-repair/
2026-08-14T10:30:06+00:00,Samsung,Galaxy M14 5G,- 128 GB,"- 128 GB 8,130",128.0,INR,ok,,https://www.samsung.com/in/support/spare-part-pricing-list-for-repair/
2026-08-14T10:30:06+00:00,Samsung,Galaxy M14 5G,- Component Repair,- Component Repair N/A,,INR,ok,,https://www.samsung.com/in/support/spare-part-pricing-list-for-repair/
2026-08-14T10:30:06+00:00,Samsung,Galaxy M14 5G,Back Glass/Cover,Back Glass/Cover 470,470.0,INR,ok,,https://www.samsung.com/in/support/spare-part-pricing-list-for-repair/
2026-08-14T10:30:06+00:00,Samsung,Galaxy M14 5G,Battery,"Battery 1,200",1200.0,INR,ok,,https://www.samsung.com/in/support/spare-part-pricing-list-for-repair/
2026-08-14T10:30:06+00:00,Samsung,Galaxy M14 5G,Main Screen Assembly,"Main Screen Assembly 3,500",3500.0,INR,ok,,https://www.samsung.com/in/support/spare-part-pricing-list-for-repair/
2026-08-14T10:30:06+00:00,Samsung,Galaxy M14 5G,S Pen,S Pen N/A,,INR,ok,,https://www.samsung.com/in/support/spare-part-pricing-list-for-repair/
2026-08-14T10:30:09+00:00,Samsung,Galaxy M33 5G 8GB,- 128 GB,"- 128 GB 7,460",128.0,INR,ok,,https://www.samsung.com/in/support/spare-part-pricing-list-for-repair/
2026-08-14T10:30:09+00:00,Samsung,Galaxy M33 5G 8GB,- Component Repair,- Component Repair N/A,,INR,ok,,https://www.samsung.com/in/support/spare-part-pricing-list-for-repair/
2026-08-14T10:30:09+00:00,Samsung,Galaxy M33 5G 8GB,-Camera TOF,-Camera TOF 320,320.0,INR,ok,,https://www.samsung.com/in/support/spare-part-pricing-list-for-repair/
2026-08-14T10:30:09+00:00,Samsung,Galaxy M33 5G 8GB,-Front Camera,-Front Camera 440,440.0,INR,ok,,https://www.samsung.com/in/support/spare-part-pricing-list-for-repair/
2026-08-14T10:30:09+00:00,Samsung,Galaxy M33 5G 8GB,-Rear Camera,-Rear Camera 300,300.0,INR,ok,,https://www.samsung.com/in/support/spare-part-pricing-list-for-repair/
2026-08-14T10:30:09+00:00,Samsung,Galaxy M33 5G 8GB,-Telephoto Camera,"-Telephoto Camera 1,300",1300.0,INR,ok,,https://www.samsung.com/in/support/spare-part-pricing-list-for-repair/
2026-08-14T10:30:09+00:00,Samsung,Galaxy M33 5G 8GB,-Ultra Wide Camera,-Ultra Wide Camera 540,540.0,INR,ok,,https://www.samsung.com/in/support/spare-part-pricing-list-for-repair/
2026-08-14T10:30:09+00:00,Samsung,Galaxy M33 5G 8GB,Back Glass/Cover,Back Glass/Cover 820,820.0,INR,ok,,https://www.samsung.com/in/support/spare-part-pricing-list-for-repair/
2026-08-14T10:30:09+00:00,Samsung,Galaxy M33 5G 8GB,Battery,"Battery 2,020",2020.0,INR,ok,,https://www.samsung.com/in/support/spare-part-pricing-list-for-repair/
2026-08-14T10:30:09+00:00,Samsung,Galaxy M33 5G 8GB,Main Screen Assembly,"Main Screen Assembly 4,690",4690.0,INR,ok,,https://www.samsung.com/in/support/spare-part-pricing-list-for-repair/
2026-08-14T10:30:13+00:00,Samsung,Galaxy M13 5G,- 128 GB,"- 128 GB 4,450",128.0,INR,ok,,https://www.samsung.com/in/support/spare-part-pricing-list-for-repair/
2026-08-14T10:30:13+00:00,Samsung,Galaxy M13 5G,- 64 GB,"- 64 GB 4,090",64.0,INR,ok,,https://www.samsung.com/in/support/spare-part-pricing-list-for-repair/
2026-08-14T10:30:13+00:00,Samsung,Galaxy M13 5G,- Component Repair,- Component Repair N/A,,INR,ok,,https://www.samsung.com/in/support/spare-part-pricing-list-for-repair/
2026-08-14T10:30:13+00:00,Samsung,Galaxy M13 5G,Back Glass/Cover,Back Glass/Cover 690,690.0,INR,ok,,https://www.samsung.com/in/support/spare-part-pricing-list-for-repair/
2026-08-14T10:30:13+00:00,Samsung,Galaxy M13 5G,Battery,Battery 770,770.0,INR,ok,,https://www.samsung.com/in/support/spare-part-pricing-list-for-repair/
2026-08-14T10:30:13+00:00,Samsung,Galaxy M13 5G,Main Screen Assembly,"Main Screen Assembly 2,980",2980.0,INR,ok,,https://www.samsung.com/in/support/spare-part-pricing-list-for-repair/
2026-08-14T10:30:17+00:00,Samsung,Galaxy M14,- 64 GB,"- 64 GB 4,580",64.0,INR,ok,,https://www.samsung.com/in/support/spare-part-pricing-list-for-repair/
2026-08-14T10:30:17+00:00,Samsung,Galaxy M14,- Component Repair,- Component Repair N/A,,INR,ok,,https://www.samsung.com/in/support/spare-part-pricing-list-for-repair/
2026-08-14T10:30:17+00:00,Samsung,Galaxy M14,Back Glass/Cover,Back Glass/Cover 280,280.0,INR,ok,,https://www.samsung.com/in/support/spare-part-pricing-list-for-repair/
2026-08-14T10:30:17+00:00,Samsung,Galaxy M14,Battery,Battery 820,820.0,INR,ok,,https://www.samsung.com/in/support/spare-part-pricing-list-for-repair/
2026-08-14T10:30:17+00:00,Samsung,Galaxy M14,Main Screen Assembly,"Main Screen Assembly 2,600",2600.0,INR,ok,,https://www.samsung.com/in/support/spare-part-pricing-list-for-repair/
2026-08-14T10:30:20+00:00,Samsung,Galaxy M13,- 128 GB,"- 128 GB 3,460",128.0,INR,ok,,https://www.samsung.com/in/support/spare-part-pricing-list-for-repair/
2026-08-14T10:30:20+00:00,Samsung,Galaxy M13,- 64 GB,"- 64 GB 3,070",64.0,INR,ok,,https://www.samsung.com/in/support/spare-part-pricing-list-for-repair/
2026-08-14T10:30:20+00:00,Samsung,Galaxy M13,- Component Repair,- Component Repair N/A,,INR,ok,,https://www.samsung.com/in/support/spare-part-pricing-list-for-repair/
2026-08-14T10:30:20+00:00,Samsung,Galaxy M13,Back Glass/Cover,Back Glass/Cover 670,670.0,INR,ok,,https://www.samsung.com/in/support/spare-part-pricing-list-for-repair/
2026-08-14T10:30:20+00:00,Samsung,Galaxy M13,Battery,Battery 930,930.0,INR,ok,,https://www.samsung.com/in/support/spare-part-pricing-list-for-repair/
2026-08-14T10:30:20+00:00,Samsung,Galaxy M13,Main Screen Assembly,"Main Screen Assembly 3,500",3500.0,INR,ok,,https://www.samsung.com/in/support/spare-part-pricing-list-for-repair/
2026-08-14T10:30:24+00:00,Samsung,Galaxy M52 5G 8GB,- 128 GB,"- 128 GB 15,400",128.0,INR,ok,,https://www.samsung.com/in/support/spare-part-pricing-list-for-repair/
2026-08-14T10:30:24+00:00,Samsung,Galaxy M52 5G 8GB,- Component Repair,- Component Repair N/A,,INR,ok,,https://www.samsung.com/in/support/spare-part-pricing-list-for-repair/
2026-08-14T10:30:24+00:00,Samsung,Galaxy M52 5G 8GB,-Front Camera,"-Front Camera 1,590",1590.0,INR,ok,,https://www.samsung.com/in/support/spare-part-pricing-list-for-repair/
2026-08-14T10:30:24+00:00,Samsung,Galaxy M52 5G 8GB,-Rear Camera,-Rear Camera 350,350.0,INR,ok,,https://www.samsung.com/in/support/spare-part-pricing-list-for-repair/
2026-08-14T10:30:24+00:00,Samsung,Galaxy M52 5G 8GB,-Telephoto Camera,-Telephoto Camera 750,750.0,INR,ok,,https://www.samsung.com/in/support/spare-part-pricing-list-for-repair/
2026-08-14T10:30:24+00:00,Samsung,Galaxy M52 5G 8GB,-Ultra Wide Camera,"-Ultra Wide Camera 2,630",2630.0,INR,ok,,https://www.samsung.com/in/support/spare-part-pricing-list-for-repair/
2026-08-14T10:30:24+00:00,Samsung,Galaxy M52 5G 8GB,Back Glass/Cover,"Back Glass/Cover 1,290",1290.0,INR,ok,,https://www.samsung.com/in/support/spare-part-pricing-list-for-repair/
2026-08-14T10:30:24+00:00,Samsung,Galaxy M52 5G 8GB,Battery,"Battery 1,430",1430.0,INR,ok,,https://www.samsung.com/in/support/spare-part-pricing-list-for-repair/
2026-08-14T10:30:24+00:00,Samsung,Galaxy M52 5G 8GB,Main Screen Assembly,"Main Screen Assembly 6,950",6950.0,INR,ok,,https://www.samsung.com/in/support/spare-part-pricing-list-for-repair/
2026-08-14T10:30:28+00:00,Samsung,Galaxy M32 5G,- 128 GB,"- 128 GB 7,510",128.0,INR,ok,,https://www.samsung.com/in/support/spare-part-pricing-list-for-repair/
2026-08-14T10:30:28+00:00,Samsung,Galaxy M32 5G,- Component Repair,- Component Repair N/A,,INR,ok,,https://www.samsung.com/in/support/spare-part-pricing-list-for-repair/
2026-08-14T10:30:28+00:00,Samsung,Galaxy M32 5G,-Camera TOF,-Camera TOF 680,680.0,INR,ok,,https://www.samsung.com/in/support/spare-part-pricing-list-for-repair/
2026-08-14T10:30:28+00:00,Samsung,Galaxy M32 5G,-Front Camera,-Front Camera 330,330.0,INR,ok,,https://www.samsung.com/in/support/spare-part-pricing-list-for-repair/
2026-08-14T10:30:28+00:00,Samsung,Galaxy M32 5G,-Rear Camera,"-Rear Camera 1,700",1700.0,INR,ok,,https://www.samsung.com/in/support/spare-part-pricing-list-for-repair/
2026-08-14T10:30:28+00:00,Samsung,Galaxy M32 5G,-Telephoto Camera,-Telephoto Camera 350,350.0,INR,ok,,https://www.samsung.com/in/support/spare-part-pricing-list-for-repair/
2026-08-14T10:30:28+00:00,Samsung,Galaxy M32 5G,-Ultra Wide Camera,-Ultra Wide Camera 610,610.0,INR,ok,,https://www.samsung.com/in/support/spare-part-pricing-list-for-repair/
2026-08-14T10:30:28+00:00,Samsung,Galaxy M32 5G,Back Glass/Cover,Back Glass/Cover 970,970.0,INR,ok,,https://www.samsung.com/in/support/spare-part-pricing-list-for-repair/
2026-08-14T10:30:28+00:00,Samsung,Galaxy M32 5G,Battery,"Battery 1,670",1670.0,INR,ok,,https://www.samsung.com/in/support/spare-part-pricing-list-for-repair/
2026-08-14T10:30:28+00:00,Samsung,Galaxy M32 5G,Main Screen Assembly,"Main Screen Assembly 3,930",3930.0,INR,ok,,https://www.samsung.com/in/support/spare-part-pricing-list-for-repair/
2026-08-14T10:30:31+00:00,Samsung,Galaxy M53 5G,- 128 GB,"- 128 GB 8,930",128.0,INR,ok,,https://www.samsung.com/in/support/spare-part-pricing-list-for-repair/
2026-08-14T10:30:31+00:00,Samsung,Galaxy M53 5G,- Component Repair,- Component Repair N/A,,INR,ok,,https://www.samsung.com/in/support/spare-part-pricing-list-for-repair/
2026-08-14T10:30:31+00:00,Samsung,Galaxy M53 5G,-Camera TOF,"-Camera TOF 3,010",3010.0,INR,ok,,https://www.samsung.com/in/support/spare-part-pricing-list-for-repair/
2026-08-14T10:30:31+00:00,Samsung,Galaxy M53 5G,-Rear Camera,-Rear Camera 300,300.0,INR,ok,,https://www.samsung.com/in/support/spare-part-pricing-list-for-repair/
2026-08-14T10:30:31+00:00,Samsung,Galaxy M53 5G,-Telephoto Camera,"-Telephoto Camera 1,570",1570.0,INR,ok,,https://www.samsung.com/in/support/spare-part-pricing-list-for-repair/
2026-08-14T10:30:31+00:00,Samsung,Galaxy M53 5G,-Ultra Wide Camera,-Ultra Wide Camera 600,600.0,INR,ok,,https://www.samsung.com/in/support/spare-part-pricing-list-for-repair/
2026-08-14T10:30:31+00:00,Samsung,Galaxy M53 5G,Back Glass/Cover,Back Glass/Cover 820,820.0,INR,ok,,https://www.samsung.com/in/support/spare-part-pricing-list-for-repair/
2026-08-14T10:30:31+00:00,Samsung,Galaxy M53 5G,Battery,"Battery 1,890",1890.0,INR,ok,,https://www.samsung.com/in/support/spare-part-pricing-list-for-repair/
2026-08-14T10:30:31+00:00,Samsung,Galaxy M53 5G,Main Screen Assembly,"Main Screen Assembly 6,920",6920.0,INR,ok,,https://www.samsung.com/in/support/spare-part-pricing-list-for-repair/
2026-08-14T10:30:35+00:00,Samsung,Galaxy M04,- 128 GB,"- 128 GB 6,920",128.0,INR,ok,,https://www.samsung.com/in/support/spare-part-pricing-list-for-repair/
2026-08-14T10:30:35+00:00,Samsung,Galaxy M04,- 64 GB,"- 64 GB 5,300",64.0,INR,ok,,https://www.samsung.com/in/support/spare-part-pricing-list-for-repair/
2026-08-14T10:30:35+00:00,Samsung,Galaxy M04,- Component Repair,- Component Repair N/A,,INR,ok,,https://www.samsung.com/in/support/spare-part-pricing-list-for-repair/
2026-08-14T10:30:35+00:00,Samsung,Galaxy M04,Back Glass/Cover,Back Glass/Cover 360,360.0,INR,ok,,https://www.samsung.com/in/support/spare-part-pricing-list-for-repair/
2026-08-14T10:30:35+00:00,Samsung,Galaxy M04,Battery,"Battery 1,370",1370.0,INR,ok,,https://www.samsung.com/in/support/spare-part-pricing-list-for-repair/
2026-08-14T10:30:35+00:00,Samsung,Galaxy M04,Main Screen Assembly,"Main Screen Assembly 2,690",2690.0,INR,ok,,https://www.samsung.com/in/support/spare-part-pricing-list-for-repair/
2026-08-14T10:30:39+00:00,Samsung,Galaxy M42 5G 8GB,- 128 GB,"- 128 GB 9,100",128.0,INR,ok,,https://www.samsung.com/in/support/spare-part-pricing-list-for-repair/
2026-08-14T10:30:39+00:00,Samsung,Galaxy M42 5G 8GB,- Component Repair,- Component Repair N/A,,INR,ok,,https://www.samsung.com/in/support/spare-part-pricing-list-for-repair/
2026-08-14T10:30:39+00:00,Samsung,Galaxy M42 5G 8GB,-Camera TOF,-Camera TOF 370,370.0,INR,ok,,https://www.samsung.com/in/support/spare-part-pricing-list-for-repair/
2026-08-14T10:30:39+00:00,Samsung,Galaxy M42 5G 8GB,-Front Camera,"-Front Camera 1,680",1680.0,INR,ok,,https://www.samsung.com/in/support/spare-part-pricing-list-for-repair/
2026-08-14T10:30:39+00:00,Samsung,Galaxy M42 5G 8GB,-Rear Camera,-Rear Camera 640,640.0,INR,ok,,https://www.samsung.com/in/support/spare-part-pricing-list-for-repair/
2026-08-14T10:30:39+00:00,Samsung,Galaxy M42 5G 8GB,-Telephoto Camera,"-Telephoto Camera 1,090",1090.0,INR,ok,,https://www.samsung.com/in/support/spare-part-pricing-list-for-repair/
2026-08-14T10:30:39+00:00,Samsung,Galaxy M42 5G 8GB,-Ultra Wide Camera,-Ultra Wide Camera 350,350.0,INR,ok,,https://www.samsung.com/in/support/spare-part-pricing-list-for-repair/
2026-08-14T10:30:39+00:00,Samsung,Galaxy M42 5G 8GB,Back Glass/Cover,Back Glass/Cover 980,980.0,INR,ok,,https://www.samsung.com/in/support/spare-part-pricing-list-for-repair/
2026-08-14T10:30:39+00:00,Samsung,Galaxy M42 5G 8GB,Battery,"Battery 1,510",1510.0,INR,ok,,https://www.samsung.com/in/support/spare-part-pricing-list-for-repair/
2026-08-14T10:30:39+00:00,Samsung,Galaxy M42 5G 8GB,Main Screen Assembly,"Main Screen Assembly 3,290",3290.0,INR,ok,,https://www.samsung.com/in/support/spare-part-pricing-list-for-repair/
2026-08-14T10:30:42+00:00,Samsung,Galaxy M32,- 128 GB,"- 128 GB 4,470",128.0,INR,ok,,https://www.samsung.com/in/support/spare-part-pricing-list-for-repair/
2026-08-14T10:30:42+00:00,Samsung,Galaxy M32,- Component Repair,- Component Repair N/A,,INR,ok,,https://www.samsung.com/in/support/spare-part-pricing-list-for-repair/
2026-08-14T10:30:42+00:00,Samsung,Galaxy M32,-Front Camera,"-Front Camera 1,050",1050.0,INR,ok,,https://www.samsung.com/in/support/spare-part-pricing-list-for-repair/
2026-08-14T10:30:42+00:00,Samsung,Galaxy M32,-Rear Camera,-Rear Camera 280,280.0,INR,ok,,https://www.samsung.com/in/support/spare-part-pricing-list-for-repair/
2026-08-14T10:30:42+00:00,Samsung,Galaxy M32,-Ultra Wide Camera,-Ultra Wide Camera 600,600.0,INR,ok,,https://www.samsung.com/in/support/spare-part-pricing-list-for-repair/
2026-08-14T10:30:42+00:00,Samsung,Galaxy M32,Back Glass/Cover,Back Glass/Cover 820,820.0,INR,ok,,https://www.samsung.com/in/support/spare-part-pricing-list-for-repair/
2026-08-14T10:30:42+00:00,Samsung,Galaxy M32,Battery,"Battery 1,340",1340.0,INR,ok,,https://www.samsung.com/in/support/spare-part-pricing-list-for-repair/
2026-08-14T10:30:42+00:00,Samsung,Galaxy M32,Main Screen Assembly,"Main Screen Assembly 4,650",4650.0,INR,ok,,https://www.samsung.com/in/support/spare-part-pricing-list-for-repair/
2026-08-14T10:30:46+00:00,Samsung,Galaxy M21 2021 Edition,- 128 GB,"- 128 GB 4,460",128.0,INR,ok,,https://www.samsung.com/in/support/spare-part-pricing-list-for-repair/
2026-08-14T10:30:46+00:00,Samsung,Galaxy M21 2021 Edition,- 64 GB,"- 64 GB 3,940",64.0,INR,ok,,https://www.samsung.com/in/support/spare-part-pricing-list-for-repair/
2026-08-14T10:30:46+00:00,Samsung,Galaxy M21 2021 Edition,- Component Repair,- Component Repair N/A,,INR,ok,,https://www.samsung.com/in/support/spare-part-pricing-list-for-repair/
2026-08-14T10:30:46+00:00,Samsung,Galaxy M21 2021 Edition,-Front Camera,"-Front Camera 2,860",2860.0,INR,ok,,https://www.samsung.com/in/support/spare-part-pricing-list-for-repair/
2026-08-14T10:30:46+00:00,Samsung,Galaxy M21 2021 Edition,-Rear Camera,"-Rear Camera 1,140",1140.0,INR,ok,,https://www.samsung.com/in/support/spare-part-pricing-list-for-repair/
2026-08-14T10:30:46+00:00,Samsung,Galaxy M21 2021 Edition,Back Glass/Cover,Back Glass/Cover 940,940.0,INR,ok,,https://www.samsung.com/in/support/spare-part-pricing-list-for-repair/
2026-08-14T10:30:46+00:00,Samsung,Galaxy M21 2021 Edition,Battery,Battery 800,800.0,INR,ok,,https://www.samsung.com/in/support/spare-part-pricing-list-for-repair/
2026-08-14T10:30:46+00:00,Samsung,Galaxy M21 2021 Edition,Main Screen Assembly,"Main Screen Assembly 5,140",5140.0,INR,ok,,https://www.samsung.com/in/support/spare-part-pricing-list-for-repair/
2026-08-14T10:30:50+00:00,Samsung,Galaxy M12,- 128 GB,"- 128 GB 3,410",128.0,INR,ok,,https://www.samsung.com/in/support/spare-part-pricing-list-for-repair/
2026-08-14T10:30:50+00:00,Samsung,Galaxy M12,- Component Repair,- Component Repair N/A,,INR,ok,,https://www.samsung.com/in/support/spare-part-pricing-list-for-repair/
2026-08-14T10:30:50+00:00,Samsung,Galaxy M12,-Camera TOF,-Camera TOF 460,460.0,INR,ok,,https://www.samsung.com/in/support/spare-part-pricing-list-for-repair/
2026-08-14T10:30:50+00:00,Samsung,Galaxy M12,-Front Camera,"-Front Camera 1,570",1570.0,INR,ok,,https://www.samsung.com/in/support/spare-part-pricing-list-for-repair/
2026-08-14T10:30:50+00:00,Samsung,Galaxy M12,-Rear Camera,-Rear Camera 330,330.0,INR,ok,,https://www.samsung.com/in/support/spare-part-pricing-list-for-repair/
2026-08-14T10:30:50+00:00,Samsung,Galaxy M12,-Telephoto Camera,-Telephoto Camera 440,440.0,INR,ok,,https://www.samsung.com/in/support/spare-part-pricing-list-for-repair/
2026-08-14T10:30:50+00:00,Samsung,Galaxy M12,-Ultra Wide Camera,-Ultra Wide Camera 330,330.0,INR,ok,,https://www.samsung.com/in/support/spare-part-pricing-list-for-repair/
2026-08-14T10:30:50+00:00,Samsung,Galaxy M12,Back Glass/Cover,"Back Glass/Cover 1,010",1010.0,INR,ok,,https://www.samsung.com/in/support/spare-part-pricing-list-for-repair/
2026-08-14T10:30:50+00:00,Samsung,Galaxy M12,Battery,Battery 800,800.0,INR,ok,,https://www.samsung.com/in/support/spare-part-pricing-list-for-repair/
2026-08-14T10:30:50+00:00,Samsung,Galaxy M12,Main Screen Assembly,"Main Screen Assembly 4,150",4150.0,INR,ok,,https://www.samsung.com/in/support/spare-part-pricing-list-for-repair/
2026-08-14T10:30:54+00:00,Samsung,Galaxy M02,- 32 GB,"- 32 GB 2,180",32.0,INR,ok,,https://www.samsung.com/in/support/spare-part-pricing-list-for-repair/
2026-08-14T10:30:54+00:00,Samsung,Galaxy M02,- Component Repair,- Component Repair N/A,,INR,ok,,https://www.samsung.com/in/support/spare-part-pricing-list-for-repair/
2026-08-14T10:30:54+00:00,Samsung,Galaxy M02,-Rear Camera,-Rear Camera 790,790.0,INR,ok,,https://www.samsung.com/in/support/spare-part-pricing-list-for-repair/
2026-08-14T10:30:54+00:00,Samsung,Galaxy M02,-Telephoto Camera,-Telephoto Camera 410,410.0,INR,ok,,https://www.samsung.com/in/support/spare-part-pricing-list-for-repair/
2026-08-14T10:30:54+00:00,Samsung,Galaxy M02,Back Glass/Cover,Back Glass/Cover 330,330.0,INR,ok,,https://www.samsung.com/in/support/spare-part-pricing-list-for-repair/
2026-08-14T10:30:54+00:00,Samsung,Galaxy M02,Battery,Battery 940,940.0,INR,ok,,https://www.samsung.com/in/support/spare-part-pricing-list-for-repair/
2026-08-14T10:30:54+00:00,Samsung,Galaxy M02,Main Screen Assembly,"Main Screen Assembly 2,330",2330.0,INR,ok,,https://www.samsung.com/in/support/spare-part-pricing-list-for-repair/
2026-08-14T10:31:10+00:00,Samsung,Galaxy F70 Pro 5G,- 128 GB,"- 128 GB 23,890",128.0,INR,ok,,https://www.samsung.com/in/support/spare-part-pricing-list-for-repair/
2026-08-14T10:31:10+00:00,Samsung,Galaxy F70 Pro 5G,- 256 GB,"- 256 GB 30,800",256.0,INR,ok,,https://www.samsung.com/in/support/spare-part-pricing-list-for-repair/
2026-08-14T10:31:10+00:00,Samsung,Galaxy F70 Pro 5G,- Component Repair,- Component Repair N/A,,INR,ok,,https://www.samsung.com/in/support/spare-part-pricing-list-for-repair/
2026-08-14T10:31:10+00:00,Samsung,Galaxy F70 Pro 5G,Back Glass/Cover,"Back Glass/Cover 1,100",1100.0,INR,ok,,https://www.samsung.com/in/support/spare-part-pricing-list-for-repair/
2026-08-14T10:31:10+00:00,Samsung,Galaxy F70 Pro 5G,Battery,"Battery 2,560",2560.0,INR,ok,,https://www.samsung.com/in/support/spare-part-pricing-list-for-repair/
2026-08-14T10:31:10+00:00,Samsung,Galaxy F70 Pro 5G,Main Screen Assembly,"Main Screen Assembly 4,850",4850.0,INR,ok,,https://www.samsung.com/in/support/spare-part-pricing-list-for-repair/
2026-08-14T10:31:13+00:00,Samsung,Galaxy F70e 5G,- 128 GB,"- 128 GB 14,330",128.0,INR,ok,,https://www.samsung.com/in/support/spare-part-pricing-list-for-repair/
2026-08-14T10:31:13+00:00,Samsung,Galaxy F70e 5G,- Component Repair,- Component Repair N/A,,INR,ok,,https://www.samsung.com/in/support/spare-part-pricing-list-for-repair/
2026-08-14T10:31:13+00:00,Samsung,Galaxy F70e 5G,Back Glass/Cover,Back Glass/Cover 610,610.0,INR,ok,,https://www.samsung.com/in/support/spare-part-pricing-list-for-repair/
2026-08-14T10:31:13+00:00,Samsung,Galaxy F70e 5G,Battery,"Battery 1,680",1680.0,INR,ok,,https://www.samsung.com/in/support/spare-part-pricing-list-for-repair/
2026-08-14T10:31:13+00:00,Samsung,Galaxy F70e 5G,Main Screen Assembly,"Main Screen Assembly 3,020",3020.0,INR,ok,,https://www.samsung.com/in/support/spare-part-pricing-list-for-repair/
2026-08-14T10:31:17+00:00,Samsung,Galaxy F36 5G,- 128 GB,"- 128 GB 7,900",128.0,INR,ok,,https://www.samsung.com/in/support/spare-part-pricing-list-for-repair/
2026-08-14T10:31:17+00:00,Samsung,Galaxy F36 5G,- Component Repair,- Component Repair N/A,,INR,ok,,https://www.samsung.com/in/support/spare-part-pricing-list-for-repair/
2026-08-14T10:31:17+00:00,Samsung,Galaxy F36 5G,Back Glass/Cover,Back Glass/Cover 420,420.0,INR,ok,,https://www.samsung.com/in/support/spare-part-pricing-list-for-repair/
2026-08-14T10:31:17+00:00,Samsung,Galaxy F36 5G,Battery,"Battery 1,410",1410.0,INR,ok,,https://www.samsung.com/in/support/spare-part-pricing-list-for-repair/
2026-08-14T10:31:17+00:00,Samsung,Galaxy F36 5G,Main Screen Assembly,"Main Screen Assembly 4,050",4050.0,INR,ok,,https://www.samsung.com/in/support/spare-part-pricing-list-for-repair/
2026-08-14T10:31:21+00:00,Samsung,Galaxy F17 5G,- 128 GB,"- 128 GB 10,150",128.0,INR,ok,,https://www.samsung.com/in/support/spare-part-pricing-list-for-repair/
2026-08-14T10:31:21+00:00,Samsung,Galaxy F17 5G,- Component Repair,- Component Repair N/A,,INR,ok,,https://www.samsung.com/in/support/spare-part-pricing-list-for-repair/
2026-08-14T10:31:21+00:00,Samsung,Galaxy F17 5G,Back Glass/Cover,Back Glass/Cover 530,530.0,INR,ok,,https://www.samsung.com/in/support/spare-part-pricing-list-for-repair/
2026-08-14T10:31:21+00:00,Samsung,Galaxy F17 5G,Battery,"Battery 1,490",1490.0,INR,ok,,https://www.samsung.com/in/support/spare-part-pricing-list-for-repair/
2026-08-14T10:31:21+00:00,Samsung,Galaxy F17 5G,Main Screen Assembly,"Main Screen Assembly 3,910",3910.0,INR,ok,,https://www.samsung.com/in/support/spare-part-pricing-list-for-repair/
2026-08-14T10:31:24+00:00,Samsung,Galaxy F07,- 64 GB,"- 64 GB 6,260",64.0,INR,ok,,https://www.samsung.com/in/support/spare-part-pricing-list-for-repair/
2026-08-14T10:31:24+00:00,Samsung,Galaxy F07,- Component Repair,- Component Repair N/A,,INR,ok,,https://www.samsung.com/in/support/spare-part-pricing-list-for-repair/
2026-08-14T10:31:24+00:00,Samsung,Galaxy F07,Back Glass/Cover,Back Glass/Cover 770,770.0,INR,ok,,https://www.samsung.com/in/support/spare-part-pricing-list-for-repair/
2026-08-14T10:31:24+00:00,Samsung,Galaxy F07,Battery,"Battery 1,510",1510.0,INR,ok,,https://www.samsung.com/in/support/spare-part-pricing-list-for-repair/
2026-08-14T10:31:24+00:00,Samsung,Galaxy F07,Main Screen Assembly,"Main Screen Assembly 2,840",2840.0,INR,ok,,https://www.samsung.com/in/support/spare-part-pricing-list-for-repair/
2026-08-14T10:31:28+00:00,Samsung,Galaxy F56 5G,- 128 GB,"- 128 GB 8,450",128.0,INR,ok,,https://www.samsung.com/in/support/spare-part-pricing-list-for-repair/
2026-08-14T10:31:28+00:00,Samsung,Galaxy F56 5G,- 256 GB,"- 256 GB 15,400",256.0,INR,ok,,https://www.samsung.com/in/support/spare-part-pricing-list-for-repair/
2026-08-14T10:31:28+00:00,Samsung,Galaxy F56 5G,- Component Repair,- Component Repair N/A,,INR,ok,,https://www.samsung.com/in/support/spare-part-pricing-list-for-repair/
2026-08-14T10:31:28+00:00,Samsung,Galaxy F56 5G,Back Glass/Cover,"Back Glass/Cover 1,380",1380.0,INR,ok,,https://www.samsung.com/in/support/spare-part-pricing-list-for-repair/
2026-08-14T10:31:28+00:00,Samsung,Galaxy F56 5G,Battery,"Battery 1,820",1820.0,INR,ok,,https://www.samsung.com/in/support/spare-part-pricing-list-for-repair/
2026-08-14T10:31:28+00:00,Samsung,Galaxy F56 5G,Main Screen Assembly,"Main Screen Assembly 5,560",5560.0,INR,ok,,https://www.samsung.com/in/support/spare-part-pricing-list-for-repair/
2026-08-14T10:31:32+00:00,Samsung,Galaxy F16 5G,- 128 GB,"- 128 GB 9,630",128.0,INR,ok,,https://www.samsung.com/in/support/spare-part-pricing-list-for-repair/
2026-08-14T10:31:32+00:00,Samsung,Galaxy F16 5G,- Component Repair,- Component Repair N/A,,INR,ok,,https://www.samsung.com/in/support/spare-part-pricing-list-for-repair/
2026-08-14T10:31:32+00:00,Samsung,Galaxy F16 5G,Back Glass/Cover,Back Glass/Cover 380,380.0,INR,ok,,https://www.samsung.com/in/support/spare-part-pricing-list-for-repair/
2026-08-14T10:31:32+00:00,Samsung,Galaxy F16 5G,Battery,"Battery 1,620",1620.0,INR,ok,,https://www.samsung.com/in/support/spare-part-pricing-list-for-repair/
2026-08-14T10:31:32+00:00,Samsung,Galaxy F16 5G,Main Screen Assembly,"Main Screen Assembly 3,730",3730.0,INR,ok,,https://www.samsung.com/in/support/spare-part-pricing-list-for-repair/
2026-08-14T10:31:35+00:00,Samsung,Galaxy F06 5G,- 128 GB,"- 128 GB 10,330",128.0,INR,ok,,https://www.samsung.com/in/support/spare-part-pricing-list-for-repair/
2026-08-14T10:31:35+00:00,Samsung,Galaxy F06 5G,- 64 GB,"- 64 GB 5,580",64.0,INR,ok,,https://www.samsung.com/in/support/spare-part-pricing-list-for-repair/
2026-08-14T10:31:35+00:00,Samsung,Galaxy F06 5G,- Component Repair,- Component Repair N/A,,INR,ok,,https://www.samsung.com/in/support/spare-part-pricing-list-for-repair/
2026-08-14T10:31:35+00:00,Samsung,Galaxy F06 5G,Back Glass/Cover,Back Glass/Cover 570,570.0,INR,ok,,https://www.samsung.com/in/support/spare-part-pricing-list-for-repair/
2026-08-14T10:31:35+00:00,Samsung,Galaxy F06 5G,Battery,"Battery 1,390",1390.0,INR,ok,,https://www.samsung.com/in/support/spare-part-pricing-list-for-repair/
2026-08-14T10:31:35+00:00,Samsung,Galaxy F06 5G,Main Screen Assembly,"Main Screen Assembly 2,650",2650.0,INR,ok,,https://www.samsung.com/in/support/spare-part-pricing-list-for-repair/
2026-08-14T10:31:35+00:00,Samsung,Galaxy F06 5G,S Pen,S Pen N/A,,INR,ok,,https://www.samsung.com/in/support/spare-part-pricing-list-for-repair/
2026-08-14T10:31:39+00:00,Samsung,Galaxy F55 5G,- 128 GB,"- 128 GB 18,000",128.0,INR,ok,,https://www.samsung.com/in/support/spare-part-pricing-list-for-repair/
2026-08-14T10:31:39+00:00,Samsung,Galaxy F55 5G,- 256 GB,"- 256 GB 19,430",256.0,INR,ok,,https://www.samsung.com/in/support/spare-part-pricing-list-for-repair/
2026-08-14T10:31:39+00:00,Samsung,Galaxy F55 5G,- Component Repair,- Component Repair N/A,,INR,ok,,https://www.samsung.com/in/support/spare-part-pricing-list-for-repair/
2026-08-14T10:31:39+00:00,Samsung,Galaxy F55 5G,Back Glass/Cover,"Back Glass/Cover 1,370",1370.0,INR,ok,,https://www.samsung.com/in/support/spare-part-pricing-list-for-repair/
2026-08-14T10:31:39+00:00,Samsung,Galaxy F55 5G,Battery,"Battery 2,670",2670.0,INR,ok,,https://www.samsung.com/in/support/spare-part-pricing-list-for-repair/
2026-08-14T10:31:39+00:00,Samsung,Galaxy F55 5G,Main Screen Assembly,"Main Screen Assembly 6,490",6490.0,INR,ok,,https://www.samsung.com/in/support/spare-part-pricing-list-for-repair/
2026-08-14T10:31:39+00:00,Samsung,Galaxy F55 5G,S Pen,S Pen N/A,,INR,ok,,https://www.samsung.com/in/support/spare-part-pricing-list-for-repair/
2026-08-14T10:31:43+00:00,Samsung,Galaxy F15 5G,- 128 GB,"- 128 GB 4,830",128.0,INR,ok,,https://www.samsung.com/in/support/spare-part-pricing-list-for-repair/
2026-08-14T10:31:43+00:00,Samsung,Galaxy F15 5G,- Component Repair,- Component Repair N/A,,INR,ok,,https://www.samsung.com/in/support/spare-part-pricing-list-for-repair/
2026-08-14T10:31:43+00:00,Samsung,Galaxy F15 5G,Back Glass/Cover,Back Glass/Cover 620,620.0,INR,ok,,https://www.samsung.com/in/support/spare-part-pricing-list-for-repair/
2026-08-14T10:31:43+00:00,Samsung,Galaxy F15 5G,Battery,"Battery 2,190",2190.0,INR,ok,,https://www.samsung.com/in/support/spare-part-pricing-list-for-repair/
2026-08-14T10:31:43+00:00,Samsung,Galaxy F15 5G,Main Screen Assembly,"Main Screen Assembly 4,060",4060.0,INR,ok,,https://www.samsung.com/in/support/spare-part-pricing-list-for-repair/
2026-08-14T10:31:46+00:00,Samsung,Galaxy F34 5G,- 128 GB,"- 128 GB 6,720",128.0,INR,ok,,https://www.samsung.com/in/support/spare-part-pricing-list-for-repair/
2026-08-14T10:31:46+00:00,Samsung,Galaxy F34 5G,- Component Repair,- Component Repair N/A,,INR,ok,,https://www.samsung.com/in/support/spare-part-pricing-list-for-repair/
2026-08-14T10:31:46+00:00,Samsung,Galaxy F34 5G,Back Glass/Cover,Back Glass/Cover 770,770.0,INR,ok,,https://www.samsung.com/in/support/spare-part-pricing-list-for-repair/
2026-08-14T10:31:46+00:00,Samsung,Galaxy F34 5G,Battery,"Battery 1,960",1960.0,INR,ok,,https://www.samsung.com/in/support/spare-part-pricing-list-for-repair/
2026-08-14T10:31:46+00:00,Samsung,Galaxy F34 5G,Main Screen Assembly,"Main Screen Assembly 4,940",4940.0,INR,ok,,https://www.samsung.com/in/support/spare-part-pricing-list-for-repair/
2026-08-14T10:31:46+00:00,Samsung,Galaxy F34 5G,S Pen,S Pen N/A,,INR,ok,,https://www.samsung.com/in/support/spare-part-pricing-list-for-repair/
2026-08-14T10:31:50+00:00,Samsung,Galaxy F54 5G,- 128 GB,"- 128 GB 9,220",128.0,INR,ok,,https://www.samsung.com/in/support/spare-part-pricing-list-for-repair/
2026-08-14T10:31:50+00:00,Samsung,Galaxy F54 5G,- Component Repair,- Component Repair N/A,,INR,ok,,https://www.samsung.com/in/support/spare-part-pricing-list-for-repair/
2026-08-14T10:31:50+00:00,Samsung,Galaxy F54 5G,Back Glass/Cover,Back Glass/Cover 860,860.0,INR,ok,,https://www.samsung.com/in/support/spare-part-pricing-list-for-repair/
2026-08-14T10:31:50+00:00,Samsung,Galaxy F54 5G,Battery,"Battery 2,550",2550.0,INR,ok,,https://www.samsung.com/in/support/spare-part-pricing-list-for-repair/
2026-08-14T10:31:50+00:00,Samsung,Galaxy F54 5G,Main Screen Assembly,"Main Screen Assembly 5,850",5850.0,INR,ok,,https://www.samsung.com/in/support/spare-part-pricing-list-for-repair/
2026-08-14T10:31:54+00:00,Samsung,Galaxy F04,- 64 GB,"- 64 GB 3,080",64.0,INR,ok,,https://www.samsung.com/in/support/spare-part-pricing-list-for-repair/
2026-08-14T10:31:54+00:00,Samsung,Galaxy F04,- Component Repair,- Component Repair N/A,,INR,ok,,https://www.samsung.com/in/support/spare-part-pricing-list-for-repair/
2026-08-14T10:31:54+00:00,Samsung,Galaxy F04,Back Glass/Cover,Back Glass/Cover 270,270.0,INR,ok,,https://www.samsung.com/in/support/spare-part-pricing-list-for-repair/
2026-08-14T10:31:54+00:00,Samsung,Galaxy F04,Battery,"Battery 1,370",1370.0,INR,ok,,https://www.samsung.com/in/support/spare-part-pricing-list-for-repair/
2026-08-14T10:31:54+00:00,Samsung,Galaxy F04,Main Screen Assembly,"Main Screen Assembly 2,690",2690.0,INR,ok,,https://www.samsung.com/in/support/spare-part-pricing-list-for-repair/
2026-08-14T10:31:57+00:00,Samsung,Galaxy F14 5G,- 128 GB,"- 128 GB 6,460",128.0,INR,ok,,https://www.samsung.com/in/support/spare-part-pricing-list-for-repair/
2026-08-14T10:31:57+00:00,Samsung,Galaxy F14 5G,- Component Repair,- Component Repair N/A,,INR,ok,,https://www.samsung.com/in/support/spare-part-pricing-list-for-repair/
2026-08-14T10:31:57+00:00,Samsung,Galaxy F14 5G,Back Glass/Cover,Back Glass/Cover 550,550.0,INR,ok,,https://www.samsung.com/in/support/spare-part-pricing-list-for-repair/
2026-08-14T10:31:57+00:00,Samsung,Galaxy F14 5G,Battery,"Battery 1,200",1200.0,INR,ok,,https://www.samsung.com/in/support/spare-part-pricing-list-for-repair/
2026-08-14T10:31:57+00:00,Samsung,Galaxy F14 5G,Main Screen Assembly,"Main Screen Assembly 3,500",3500.0,INR,ok,,https://www.samsung.com/in/support/spare-part-pricing-list-for-repair/
2026-08-14T10:32:01+00:00,Samsung,Galaxy F14,- 64 GB,"- 64 GB 4,940",64.0,INR,ok,,https://www.samsung.com/in/support/spare-part-pricing-list-for-repair/
2026-08-14T10:32:01+00:00,Samsung,Galaxy F14,- Component Repair,- Component Repair N/A,,INR,ok,,https://www.samsung.com/in/support/spare-part-pricing-list-for-repair/
2026-08-14T10:32:01+00:00,Samsung,Galaxy F14,Back Glass/Cover,Back Glass/Cover 280,280.0,INR,ok,,https://www.samsung.com/in/support/spare-part-pricing-list-for-repair/
2026-08-14T10:32:01+00:00,Samsung,Galaxy F14,Battery,Battery 820,820.0,INR,ok,,https://www.samsung.com/in/support/spare-part-pricing-list-for-repair/
2026-08-14T10:32:01+00:00,Samsung,Galaxy F14,Main Screen Assembly,"Main Screen Assembly 2,600",2600.0,INR,ok,,https://www.samsung.com/in/support/spare-part-pricing-list-for-repair/
2026-08-14T10:32:05+00:00,Samsung,Galaxy F13,- 128 GB,"- 128 GB 3,210",128.0,INR,ok,,https://www.samsung.com/in/support/spare-part-pricing-list-for-repair/
2026-08-14T10:32:05+00:00,Samsung,Galaxy F13,- 64 GB,"- 64 GB 2,970",64.0,INR,ok,,https://www.samsung.com/in/support/spare-part-pricing-list-for-repair/
2026-08-14T10:32:05+00:00,Samsung,Galaxy F13,- Component Repair,- Component Repair N/A,,INR,ok,,https://www.samsung.com/in/support/spare-part-pricing-list-for-repair/
2026-08-14T10:32:05+00:00,Samsung,Galaxy F13,-Front Camera,-Front Camera 280,280.0,INR,ok,,https://www.samsung.com/in/support/spare-part-pricing-list-for-repair/
2026-08-14T10:32:05+00:00,Samsung,Galaxy F13,-Rear Camera,"-Rear Camera 1,300",1300.0,INR,ok,,https://www.samsung.com/in/support/spare-part-pricing-list-for-repair/
2026-08-14T10:32:05+00:00,Samsung,Galaxy F13,-Telephoto Camera,-Telephoto Camera 560,560.0,INR,ok,,https://www.samsung.com/in/support/spare-part-pricing-list-for-repair/
2026-08-14T10:32:05+00:00,Samsung,Galaxy F13,-Ultra Wide Camera,-Ultra Wide Camera 760,760.0,INR,ok,,https://www.samsung.com/in/support/spare-part-pricing-list-for-repair/
2026-08-14T10:32:05+00:00,Samsung,Galaxy F13,Back Glass/Cover,Back Glass/Cover 760,760.0,INR,ok,,https://www.samsung.com/in/support/spare-part-pricing-list-for-repair/
2026-08-14T10:32:05+00:00,Samsung,Galaxy F13,Battery,Battery 930,930.0,INR,ok,,https://www.samsung.com/in/support/spare-part-pricing-list-for-repair/
2026-08-14T10:32:05+00:00,Samsung,Galaxy F13,Main Screen Assembly,"Main Screen Assembly 3,500",3500.0,INR,ok,,https://www.samsung.com/in/support/spare-part-pricing-list-for-repair/
2026-08-14T10:32:08+00:00,Samsung,Galaxy F23 6GB,- 128 GB,"- 128 GB 7,200",128.0,INR,ok,,https://www.samsung.com/in/support/spare-part-pricing-list-for-repair/
2026-08-14T10:32:08+00:00,Samsung,Galaxy F23 6GB,- Component Repair,- Component Repair N/A,,INR,ok,,https://www.samsung.com/in/support/spare-part-pricing-list-for-repair/
2026-08-14T10:32:08+00:00,Samsung,Galaxy F23 6GB,-Rear Camera,-Rear Camera 330,330.0,INR,ok,,https://www.samsung.com/in/support/spare-part-pricing-list-for-repair/
2026-08-14T10:32:08+00:00,Samsung,Galaxy F23 6GB,-Telephoto Camera,"-Telephoto Camera 1,300",1300.0,INR,ok,,https://www.samsung.com/in/support/spare-part-pricing-list-for-repair/
2026-08-14T10:32:08+00:00,Samsung,Galaxy F23 6GB,-Ultra Wide Camera,-Ultra Wide Camera 600,600.0,INR,ok,,https://www.samsung.com/in/support/spare-part-pricing-list-for-repair/
2026-08-14T10:32:08+00:00,Samsung,Galaxy F23 6GB,Back Glass/Cover,Back Glass/Cover 860,860.0,INR,ok,,https://www.samsung.com/in/support/spare-part-pricing-list-for-repair/
2026-08-14T10:32:08+00:00,Samsung,Galaxy F23 6GB,Battery,"Battery 1,920",1920.0,INR,ok,,https://www.samsung.com/in/support/spare-part-pricing-list-for-repair/
2026-08-14T10:32:08+00:00,Samsung,Galaxy F23 6GB,Main Screen Assembly,"Main Screen Assembly 3,630",3630.0,INR,ok,,https://www.samsung.com/in/support/spare-part-pricing-list-for-repair/
2026-08-14T10:32:12+00:00,Samsung,Galaxy F42 5G 8GB,- 128 GB,"- 128 GB 9,830",128.0,INR,ok,,https://www.samsung.com/in/support/spare-part-pricing-list-for-repair/
2026-08-14T10:32:12+00:00,Samsung,Galaxy F42 5G 8GB,- Component Repair,- Component Repair N/A,,INR,ok,,https://www.samsung.com/in/support/spare-part-pricing-list-for-repair/
2026-08-14T10:32:12+00:00,Samsung,Galaxy F42 5G 8GB,-Front Camera,-Front Camera 670,670.0,INR,ok,,https://www.samsung.com/in/support/spare-part-pricing-list-for-repair/
2026-08-14T10:32:12+00:00,Samsung,Galaxy F42 5G 8GB,-Rear Camera,-Rear Camera 580,580.0,INR,ok,,https://www.samsung.com/in/support/spare-part-pricing-list-for-repair/
2026-08-14T10:32:12+00:00,Samsung,Galaxy F42 5G 8GB,-Telephoto Camera,"-Telephoto Camera 2,100",2100.0,INR,ok,,https://www.samsung.com/in/support/spare-part-pricing-list-for-repair/
2026-08-14T10:32:12+00:00,Samsung,Galaxy F42 5G 8GB,Back Glass/Cover,Back Glass/Cover 790,790.0,INR,ok,,https://www.samsung.com/in/support/spare-part-pricing-list-for-repair/
2026-08-14T10:32:12+00:00,Samsung,Galaxy F42 5G 8GB,Battery,"Battery 1,840",1840.0,INR,ok,,https://www.samsung.com/in/support/spare-part-pricing-list-for-repair/
2026-08-14T10:32:12+00:00,Samsung,Galaxy F42 5G 8GB,Main Screen Assembly,"Main Screen Assembly 4,060",4060.0,INR,ok,,https://www.samsung.com/in/support/spare-part-pricing-list-for-repair/
2026-08-14T10:32:16+00:00,Samsung,Galaxy F22,- 128 GB,"- 128 GB 3,710",128.0,INR,ok,,https://www.samsung.com/in/support/spare-part-pricing-list-for-repair/
2026-08-14T10:32:16+00:00,Samsung,Galaxy F22,- 64 GB,"- 64 GB 3,210",64.0,INR,ok,,https://www.samsung.com/in/support/spare-part-pricing-list-for-repair/
2026-08-14T10:32:16+00:00,Samsung,Galaxy F22,- Component Repair,- Component Repair N/A,,INR,ok,,https://www.samsung.com/in/support/spare-part-pricing-list-for-repair/
2026-08-14T10:32:16+00:00,Samsung,Galaxy F22,-Rear Camera,-Rear Camera 330,330.0,INR,ok,,https://www.samsung.com/in/support/spare-part-pricing-list-for-repair/
2026-08-14T10:32:16+00:00,Samsung,Galaxy F22,-Telephoto Camera,-Telephoto Camera 740,740.0,INR,ok,,https://www.samsung.com/in/support/spare-part-pricing-list-for-repair/
2026-08-14T10:32:16+00:00,Samsung,Galaxy F22,-Ultra Wide Camera,-Ultra Wide Camera 600,600.0,INR,ok,,https://www.samsung.com/in/support/spare-part-pricing-list-for-repair/
2026-08-14T10:32:16+00:00,Samsung,Galaxy F22,Back Glass/Cover,Back Glass/Cover 880,880.0,INR,ok,,https://www.samsung.com/in/support/spare-part-pricing-list-for-repair/
2026-08-14T10:32:16+00:00,Samsung,Galaxy F22,Battery,"Battery 1,520",1520.0,INR,ok,,https://www.samsung.com/in/support/spare-part-pricing-list-for-repair/
2026-08-14T10:32:16+00:00,Samsung,Galaxy F22,Main Screen Assembly,"Main Screen Assembly 5,240",5240.0,INR,ok,,https://www.samsung.com/in/support/spare-part-pricing-list-for-repair/
2026-08-14T10:32:20+00:00,Samsung,Galaxy F12,- 128 GB,"- 128 GB 3,090",128.0,INR,ok,,https://www.samsung.com/in/support/spare-part-pricing-list-for-repair/
2026-08-14T10:32:20+00:00,Samsung,Galaxy F12,- Component Repair,- Component Repair N/A,,INR,ok,,https://www.samsung.com/in/support/spare-part-pricing-list-for-repair/
2026-08-14T10:32:20+00:00,Samsung,Galaxy F12,-Camera TOF,-Camera TOF 330,330.0,INR,ok,,https://www.samsung.com/in/support/spare-part-pricing-list-for-repair/
2026-08-14T10:32:20+00:00,Samsung,Galaxy F12,-Front Camera,-Front Camera 440,440.0,INR,ok,,https://www.samsung.com/in/support/spare-part-pricing-list-for-repair/
2026-08-14T10:32:20+00:00,Samsung,Galaxy F12,-Rear Camera,"-Rear Camera 1,570",1570.0,INR,ok,,https://www.samsung.com/in/support/spare-part-pricing-list-for-repair/
2026-08-14T10:32:20+00:00,Samsung,Galaxy F12,-Ultra Wide Camera,-Ultra Wide Camera 460,460.0,INR,ok,,https://www.samsung.com/in/support/spare-part-pricing-list-for-repair/
2026-08-14T10:32:20+00:00,Samsung,Galaxy F12,Back Glass/Cover,"Back Glass/Cover 1,200",1200.0,INR,ok,,https://www.samsung.com/in/support/spare-part-pricing-list-for-repair/
2026-08-14T10:32:20+00:00,Samsung,Galaxy F12,Battery,Battery 800,800.0,INR,ok,,https://www.samsung.com/in/support/spare-part-pricing-list-for-repair/
2026-08-14T10:32:20+00:00,Samsung,Galaxy F12,Main Screen Assembly,"Main Screen Assembly 4,150",4150.0,INR,ok,,https://www.samsung.com/in/support/spare-part-pricing-list-for-repair/
2026-08-14T10:32:23+00:00,Samsung,Galaxy F02s,- 64 GB,"- 64 GB 3,780",64.0,INR,ok,,https://www.samsung.com/in/support/spare-part-pricing-list-for-repair/
2026-08-14T10:32:23+00:00,Samsung,Galaxy F02s,- Component Repair,- Component Repair N/A,,INR,ok,,https://www.samsung.com/in/support/spare-part-pricing-list-for-repair/
2026-08-14T10:32:23+00:00,Samsung,Galaxy F02s,-Camera TOF,-Camera TOF 250,250.0,INR,ok,,https://www.samsung.com/in/support/spare-part-pricing-list-for-repair/
2026-08-14T10:32:23+00:00,Samsung,Galaxy F02s,-Front Camera,-Front Camera 500,500.0,INR,ok,,https://www.samsung.com/in/support/spare-part-pricing-list-for-repair/
2026-08-14T10:32:23+00:00,Samsung,Galaxy F02s,-Rear Camera,-Rear Camera 940,940.0,INR,ok,,https://www.samsung.com/in/support/spare-part-pricing-list-for-repair/
2026-08-14T10:32:23+00:00,Samsung,Galaxy F02s,-Telephoto Camera,-Telephoto Camera 380,380.0,INR,ok,,https://www.samsung.com/in/support/spare-part-pricing-list-for-repair/
2026-08-14T10:32:23+00:00,Samsung,Galaxy F02s,Back Glass/Cover,Back Glass/Cover 840,840.0,INR,ok,,https://www.samsung.com/in/support/spare-part-pricing-list-for-repair/
2026-08-14T10:32:23+00:00,Samsung,Galaxy F02s,Battery,"Battery 1,130",1130.0,INR,ok,,https://www.samsung.com/in/support/spare-part-pricing-list-for-repair/
2026-08-14T10:32:23+00:00,Samsung,Galaxy F02s,Main Screen Assembly,"Main Screen Assembly 3,130",3130.0,INR,ok,,https://www.samsung.com/in/support/spare-part-pricing-list-for-repair/
2026-08-14T10:32:27+00:00,Samsung,Galaxy F62,- 128 GB,"- 128 GB 12,140",128.0,INR,ok,,https://www.samsung.com/in/support/spare-part-pricing-list-for-repair/
2026-08-14T10:32:27+00:00,Samsung,Galaxy F62,- Component Repair,- Component Repair N/A,,INR,ok,,https://www.samsung.com/in/support/spare-part-pricing-list-for-repair/
2026-08-14T10:32:27+00:00,Samsung,Galaxy F62,-Camera TOF,-Camera TOF 360,360.0,INR,ok,,https://www.samsung.com/in/support/spare-part-pricing-list-for-repair/
2026-08-14T10:32:27+00:00,Samsung,Galaxy F62,-Front Camera,"-Front Camera 1,630",1630.0,INR,ok,,https://www.samsung.com/in/support/spare-part-pricing-list-for-repair/
2026-08-14T10:32:27+00:00,Samsung,Galaxy F62,-Rear Camera,"-Rear Camera 2,530",2530.0,INR,ok,,https://www.samsung.com/in/support/spare-part-pricing-list-for-repair/
2026-08-14T10:32:27+00:00,Samsung,Galaxy F62,-Telephoto Camera,-Telephoto Camera 370,370.0,INR,ok,,https://www.samsung.com/in/support/spare-part-pricing-list-for-repair/
2026-08-14T10:32:27+00:00,Samsung,Galaxy F62,-Ultra Wide Camera,-Ultra Wide Camera 820,820.0,INR,ok,,https://www.samsung.com/in/support/spare-part-pricing-list-for-repair/
2026-08-14T10:32:27+00:00,Samsung,Galaxy F62,Back Glass/Cover,"Back Glass/Cover 1,000",1000.0,INR,ok,,https://www.samsung.com/in/support/spare-part-pricing-list-for-repair/
2026-08-14T10:32:27+00:00,Samsung,Galaxy F62,Battery,"Battery 1,370",1370.0,INR,ok,,https://www.samsung.com/in/support/spare-part-pricing-list-for-repair/
2026-08-14T10:32:27+00:00,Samsung,Galaxy F62,Main Screen Assembly,"Main Screen Assembly 5,600",5600.0,INR,ok,,https://www.samsung.com/in/support/spare-part-pricing-list-for-repair/
2026-08-14T10:32:42+00:00,Samsung,Galaxy Tab S11 Ultra 5G,- 256 GB,"- 256 GB 41,530",256.0,INR,ok,,https://www.samsung.com/in/support/spare-part-pricing-list-for-repair/
2026-08-14T10:32:42+00:00,Samsung,Galaxy Tab S11 Ultra 5G,- 512 GB,"- 512 GB 46,280",512.0,INR,ok,,https://www.samsung.com/in/support/spare-part-pricing-list-for-repair/
2026-08-14T10:32:42+00:00,Samsung,Galaxy Tab S11 Ultra 5G,- Component Repair,- Component Repair N/A,,INR,ok,,https://www.samsung.com/in/support/spare-part-pricing-list-for-repair/
2026-08-14T10:32:42+00:00,Samsung,Galaxy Tab S11 Ultra 5G,Back Glass/Cover,"Back Glass/Cover 6,800",6800.0,INR,ok,,https://www.samsung.com/in/support/spare-part-pricing-list-for-repair/
2026-08-14T10:32:42+00:00,Samsung,Galaxy Tab S11 Ultra 5G,Battery,"Battery 3,940",3940.0,INR,ok,,https://www.samsung.com/in/support/spare-part-pricing-list-for-repair/
2026-08-14T10:32:42+00:00,Samsung,Galaxy Tab S11 Ultra 5G,Main Screen Assembly,"Main Screen Assembly 28,200",28200.0,INR,ok,,https://www.samsung.com/in/support/spare-part-pricing-list-for-repair/
2026-08-14T10:32:46+00:00,Samsung,Galaxy Tab S11 Ultra Wi-Fi,- 256 GB,"- 256 GB 35,880",256.0,INR,ok,,https://www.samsung.com/in/support/spare-part-pricing-list-for-repair/
2026-08-14T10:32:46+00:00,Samsung,Galaxy Tab S11 Ultra Wi-Fi,- 512 GB,"- 512 GB 37,300",512.0,INR,ok,,https://www.samsung.com/in/support/spare-part-pricing-list-for-repair/
2026-08-14T10:32:46+00:00,Samsung,Galaxy Tab S11 Ultra Wi-Fi,- Component Repair,- Component Repair N/A,,INR,ok,,https://www.samsung.com/in/support/spare-part-pricing-list-for-repair/
2026-08-14T10:32:46+00:00,Samsung,Galaxy Tab S11 Ultra Wi-Fi,Back Glass/Cover,"Back Glass/Cover 6,800",6800.0,INR,ok,,https://www.samsung.com/in/support/spare-part-pricing-list-for-repair/
2026-08-14T10:32:46+00:00,Samsung,Galaxy Tab S11 Ultra Wi-Fi,Battery,"Battery 3,940",3940.0,INR,ok,,https://www.samsung.com/in/support/spare-part-pricing-list-for-repair/
2026-08-14T10:32:46+00:00,Samsung,Galaxy Tab S11 Ultra Wi-Fi,Main Screen Assembly,"Main Screen Assembly 28,200",28200.0,INR,ok,,https://www.samsung.com/in/support/spare-part-pricing-list-for-repair/
2026-08-14T10:32:49+00:00,Samsung,Galaxy Tab S11 5G,- Component Repair,- Component Repair N/A,,INR,ok,,https://www.samsung.com/in/support/spare-part-pricing-list-for-repair/
2026-08-14T10:32:49+00:00,Samsung,Galaxy Tab S11 5G,Back Glass/Cover,"Back Glass/Cover 6,490",6490.0,INR,ok,,https://www.samsung.com/in/support/spare-part-pricing-list-for-repair/
2026-08-14T10:32:49+00:00,Samsung,Galaxy Tab S11 5G,Main Screen Assembly,"Main Screen Assembly 15,780",15780.0,INR,ok,,https://www.samsung.com/in/support/spare-part-pricing-list-for-repair/
2026-08-14T10:32:50+00:00,Samsung,Galaxy Tab S11 5G,- 128 GB,"- 128 GB 34,870",128.0,INR,ok,,https://www.samsung.com/in/support/spare-part-pricing-list-for-repair/
2026-08-14T10:32:50+00:00,Samsung,Galaxy Tab S11 5G,- 256 GB,"- 256 GB 35,950",256.0,INR,ok,,https://www.samsung.com/in/support/spare-part-pricing-list-for-repair/
2026-08-14T10:32:50+00:00,Samsung,Galaxy Tab S11 5G,Battery,"Battery 2,690",2690.0,INR,ok,,https://www.samsung.com/in/support/spare-part-pricing-list-for-repair/
2026-08-14T10:32:53+00:00,Samsung,Galaxy Tab S11 Wi-Fi,- 128 GB,"- 128 GB 31,460",128.0,INR,ok,,https://www.samsung.com/in/support/spare-part-pricing-list-for-repair/
2026-08-14T10:32:53+00:00,Samsung,Galaxy Tab S11 Wi-Fi,- 256 GB,"- 256 GB 32,410",256.0,INR,ok,,https://www.samsung.com/in/support/spare-part-pricing-list-for-repair/
2026-08-14T10:32:53+00:00,Samsung,Galaxy Tab S11 Wi-Fi,- 512 GB,"- 512 GB 37,270",512.0,INR,ok,,https://www.samsung.com/in/support/spare-part-pricing-list-for-repair/
2026-08-14T10:32:53+00:00,Samsung,Galaxy Tab S11 Wi-Fi,- Component Repair,- Component Repair N/A,,INR,ok,,https://www.samsung.com/in/support/spare-part-pricing-list-for-repair/
2026-08-14T10:32:53+00:00,Samsung,Galaxy Tab S11 Wi-Fi,Back Glass/Cover,"Back Glass/Cover 6,490",6490.0,INR,ok,,https://www.samsung.com/in/support/spare-part-pricing-list-for-repair/
2026-08-14T10:32:53+00:00,Samsung,Galaxy Tab S11 Wi-Fi,Battery,"Battery 3,080",3080.0,INR,ok,,https://www.samsung.com/in/support/spare-part-pricing-list-for-repair/
2026-08-14T10:32:53+00:00,Samsung,Galaxy Tab S11 Wi-Fi,Main Screen Assembly,"Main Screen Assembly 15,780",15780.0,INR,ok,,https://www.samsung.com/in/support/spare-part-pricing-list-for-repair/
2026-08-14T10:32:57+00:00,Samsung,Galaxy Tab S10 FE+ Wi-Fi,- 128 GB,"- 128 GB 22,400",128.0,INR,ok,,https://www.samsung.com/in/support/spare-part-pricing-list-for-repair/
2026-08-14T10:32:57+00:00,Samsung,Galaxy Tab S10 FE+ Wi-Fi,- 256 GB,"- 256 GB 13,220",256.0,INR,ok,,https://www.samsung.com/in/support/spare-part-pricing-list-for-repair/
2026-08-14T10:32:57+00:00,Samsung,Galaxy Tab S10 FE+ Wi-Fi,- Component Repair,- Component Repair N/A,,INR,ok,,https://www.samsung.com/in/support/spare-part-pricing-list-for-repair/
2026-08-14T10:32:57+00:00,Samsung,Galaxy Tab S10 FE+ Wi-Fi,Back Glass/Cover,"Back Glass/Cover 5,780",5780.0,INR,ok,,https://www.samsung.com/in/support/spare-part-pricing-list-for-repair/
2026-08-14T10:32:57+00:00,Samsung,Galaxy Tab S10 FE+ Wi-Fi,Battery,"Battery 3,200",3200.0,INR,ok,,https://www.samsung.com/in/support/spare-part-pricing-list-for-repair/
2026-08-14T10:32:57+00:00,Samsung,Galaxy Tab S10 FE+ Wi-Fi,Main Screen Assembly,"Main Screen Assembly 10,900",10900.0,INR,ok,,https://www.samsung.com/in/support/spare-part-pricing-list-for-repair/
2026-08-14T10:33:01+00:00,Samsung,Galaxy Tab S10 FE+ 5G,- 128 GB,"- 128 GB 14,090",128.0,INR,ok,,https://www.samsung.com/in/support/spare-part-pricing-list-for-repair/
2026-08-14T10:33:01+00:00,Samsung,Galaxy Tab S10 FE+ 5G,- 256 GB,"- 256 GB 14,410",256.0,INR,ok,,https://www.samsung.com/in/support/spare-part-pricing-list-for-repair/
2026-08-14T10:33:01+00:00,Samsung,Galaxy Tab S10 FE+ 5G,- Component Repair,- Component Repair N/A,,INR,ok,,https://www.samsung.com/in/support/spare-part-pricing-list-for-repair/
2026-08-14T10:33:01+00:00,Samsung,Galaxy Tab S10 FE+ 5G,Back Glass/Cover,"Back Glass/Cover 5,780",5780.0,INR,ok,,https://www.samsung.com/in/support/spare-part-pricing-list-for-repair/
2026-08-14T10:33:01+00:00,Samsung,Galaxy Tab S10 FE+ 5G,Battery,"Battery 3,200",3200.0,INR,ok,,https://www.samsung.com/in/support/spare-part-pricing-list-for-repair/
2026-08-14T10:33:01+00:00,Samsung,Galaxy Tab S10 FE+ 5G,Main Screen Assembly,"Main Screen Assembly 10,900",10900.0,INR,ok,,https://www.samsung.com/in/support/spare-part-pricing-list-for-repair/
2026-08-14T10:33:04+00:00,Samsung,Galaxy Tab S10 FE 5G,- 128 GB,"- 128 GB 20,650",128.0,INR,ok,,https://www.samsung.com/in/support/spare-part-pricing-list-for-repair/
2026-08-14T10:33:04+00:00,Samsung,Galaxy Tab S10 FE 5G,- 256 GB,"- 256 GB 14,400",256.0,INR,ok,,https://www.samsung.com/in/support/spare-part-pricing-list-for-repair/
2026-08-14T10:33:04+00:00,Samsung,Galaxy Tab S10 FE 5G,- Component Repair,- Component Repair N/A,,INR,ok,,https://www.samsung.com/in/support/spare-part-pricing-list-for-repair/
2026-08-14T10:33:04+00:00,Samsung,Galaxy Tab S10 FE 5G,Back Glass/Cover,"Back Glass/Cover 5,240",5240.0,INR,ok,,https://www.samsung.com/in/support/spare-part-pricing-list-for-repair/
2026-08-14T10:33:04+00:00,Samsung,Galaxy Tab S10 FE 5G,Battery,"Battery 2,990",2990.0,INR,ok,,https://www.samsung.com/in/support/spare-part-pricing-list-for-repair/
2026-08-14T10:33:04+00:00,Samsung,Galaxy Tab S10 FE 5G,Main Screen Assembly,"Main Screen Assembly 7,460",7460.0,INR,ok,,https://www.samsung.com/in/support/spare-part-pricing-list-for-repair/
2026-08-14T10:33:08+00:00,Samsung,Galaxy Tab S10 FE Wi-Fi,- 128 GB,"- 128 GB 17,500",128.0,INR,ok,,https://www.samsung.com/in/support/spare-part-pricing-list-for-repair/
2026-08-14T10:33:08+00:00,Samsung,Galaxy Tab S10 FE Wi-Fi,- 256 GB,"- 256 GB 13,120",256.0,INR,ok,,https://www.samsung.com/in/support/spare-part-pricing-list-for-repair/
2026-08-14T10:33:08+00:00,Samsung,Galaxy Tab S10 FE Wi-Fi,- Component Repair,- Component Repair N/A,,INR,ok,,https://www.samsung.com/in/support/spare-part-pricing-list-for-repair/
2026-08-14T10:33:08+00:00,Samsung,Galaxy Tab S10 FE Wi-Fi,Back Glass/Cover,"Back Glass/Cover 5,240",5240.0,INR,ok,,https://www.samsung.com/in/support/spare-part-pricing-list-for-repair/
2026-08-14T10:33:08+00:00,Samsung,Galaxy Tab S10 FE Wi-Fi,Battery,"Battery 2,990",2990.0,INR,ok,,https://www.samsung.com/in/support/spare-part-pricing-list-for-repair/
2026-08-14T10:33:08+00:00,Samsung,Galaxy Tab S10 FE Wi-Fi,Main Screen Assembly,"Main Screen Assembly 7,460",7460.0,INR,ok,,https://www.samsung.com/in/support/spare-part-pricing-list-for-repair/
2026-08-14T10:33:12+00:00,Samsung,Galaxy Tab S10 Ultra 5G,- 256 GB,"- 256 GB 43,050",256.0,INR,ok,,https://www.samsung.com/in/support/spare-part-pricing-list-for-repair/
2026-08-14T10:33:12+00:00,Samsung,Galaxy Tab S10 Ultra 5G,- 512 GB,"- 512 GB 45,310",512.0,INR,ok,,https://www.samsung.com/in/support/spare-part-pricing-list-for-repair/
2026-08-14T10:33:12+00:00,Samsung,Galaxy Tab S10 Ultra 5G,- Component Repair,- Component Repair N/A,,INR,ok,,https://www.samsung.com/in/support/spare-part-pricing-list-for-repair/
2026-08-14T10:33:12+00:00,Samsung,Galaxy Tab S10 Ultra 5G,Back Glass/Cover,"Back Glass/Cover 7,300",7300.0,INR,ok,,https://www.samsung.com/in/support/spare-part-pricing-list-for-repair/
2026-08-14T10:33:12+00:00,Samsung,Galaxy Tab S10 Ultra 5G,Battery,"Battery 3,770",3770.0,INR,ok,,https://www.samsung.com/in/support/spare-part-pricing-list-for-repair/
2026-08-14T10:33:12+00:00,Samsung,Galaxy Tab S10 Ultra 5G,Main Screen Assembly,"Main Screen Assembly 27,720",27720.0,INR,ok,,https://www.samsung.com/in/support/spare-part-pricing-list-for-repair/
2026-08-14T10:33:15+00:00,Samsung,Galaxy Tab S10 Ultra,- 256 GB,"- 256 GB 38,150",256.0,INR,ok,,https://www.samsung.com/in/support/spare-part-pricing-list-for-repair/
2026-08-14T10:33:15+00:00,Samsung,Galaxy Tab S10 Ultra,- 512 GB,"- 512 GB 41,710",512.0,INR,ok,,https://www.samsung.com/in/support/spare-part-pricing-list-for-repair/
2026-08-14T10:33:15+00:00,Samsung,Galaxy Tab S10 Ultra,- Component Repair,- Component Repair N/A,,INR,ok,,https://www.samsung.com/in/support/spare-part-pricing-list-for-repair/
2026-08-14T10:33:15+00:00,Samsung,Galaxy Tab S10 Ultra,Back Glass/Cover,"Back Glass/Cover 7,300",7300.0,INR,ok,,https://www.samsung.com/in/support/spare-part-pricing-list-for-repair/
2026-08-14T10:33:15+00:00,Samsung,Galaxy Tab S10 Ultra,Battery,"Battery 3,770",3770.0,INR,ok,,https://www.samsung.com/in/support/spare-part-pricing-list-for-repair/
2026-08-14T10:33:15+00:00,Samsung,Galaxy Tab S10 Ultra,Main Screen Assembly,"Main Screen Assembly 27,720",27720.0,INR,ok,,https://www.samsung.com/in/support/spare-part-pricing-list-for-repair/
2026-08-14T10:33:19+00:00,Samsung,Galaxy Tab S10+ 5G,- 256 GB,"- 256 GB 42,350",256.0,INR,ok,,https://www.samsung.com/in/support/spare-part-pricing-list-for-repair/
2026-08-14T10:33:19+00:00,Samsung,Galaxy Tab S10+ 5G,- Component Repair,- Component Repair N/A,,INR,ok,,https://www.samsung.com/in/support/spare-part-pricing-list-for-repair/
2026-08-14T10:33:19+00:00,Samsung,Galaxy Tab S10+ 5G,Back Glass/Cover,"Back Glass/Cover 6,410",6410.0,INR,ok,,https://www.samsung.com/in/support/spare-part-pricing-list-for-repair/
2026-08-14T10:33:19+00:00,Samsung,Galaxy Tab S10+ 5G,Battery,"Battery 3,080",3080.0,INR,ok,,https://www.samsung.com/in/support/spare-part-pricing-list-for-repair/
2026-08-14T10:33:19+00:00,Samsung,Galaxy Tab S10+ 5G,Main Screen Assembly,"Main Screen Assembly 19,840",19840.0,INR,ok,,https://www.samsung.com/in/support/spare-part-pricing-list-for-repair/
2026-08-14T10:33:23+00:00,Samsung,Galaxy Tab S10+,- 256 GB,"- 256 GB 37,100",256.0,INR,ok,,https://www.samsung.com/in/support/spare-part-pricing-list-for-repair/
2026-08-14T10:33:23+00:00,Samsung,Galaxy Tab S10+,- Component Repair,- Component Repair N/A,,INR,ok,,https://www.samsung.com/in/support/spare-part-pricing-list-for-repair/
2026-08-14T10:33:23+00:00,Samsung,Galaxy Tab S10+,Back Glass/Cover,"Back Glass/Cover 6,410",6410.0,INR,ok,,https://www.samsung.com/in/support/spare-part-pricing-list-for-repair/
2026-08-14T10:33:23+00:00,Samsung,Galaxy Tab S10+,Battery,"Battery 3,080",3080.0,INR,ok,,https://www.samsung.com/in/support/spare-part-pricing-list-for-repair/
2026-08-14T10:33:23+00:00,Samsung,Galaxy Tab S10+,Main Screen Assembly,"Main Screen Assembly 19,840",19840.0,INR,ok,,https://www.samsung.com/in/support/spare-part-pricing-list-for-repair/
2026-08-14T10:33:26+00:00,Samsung,Galaxy Tab S9 FE+ Wi-Fi,- 256 GB,"- 256 GB 20,320",256.0,INR,ok,,https://www.samsung.com/in/support/spare-part-pricing-list-for-repair/
2026-08-14T10:33:26+00:00,Samsung,Galaxy Tab S9 FE+ Wi-Fi,- Component Repair,- Component Repair N/A,,INR,ok,,https://www.samsung.com/in/support/spare-part-pricing-list-for-repair/
2026-08-14T10:33:26+00:00,Samsung,Galaxy Tab S9 FE+ Wi-Fi,Back Glass/Cover,"Back Glass/Cover 5,700",5700.0,INR,ok,,https://www.samsung.com/in/support/spare-part-pricing-list-for-repair/
2026-08-14T10:33:26+00:00,Samsung,Galaxy Tab S9 FE+ Wi-Fi,Battery,"Battery 3,410",3410.0,INR,ok,,https://www.samsung.com/in/support/spare-part-pricing-list-for-repair/
2026-08-14T10:33:26+00:00,Samsung,Galaxy Tab S9 FE+ Wi-Fi,Main Screen Assembly,"Main Screen Assembly 10,860",10860.0,INR,ok,,https://www.samsung.com/in/support/spare-part-pricing-list-for-repair/
2026-08-14T10:33:30+00:00,Samsung,Galaxy Tab S9 FE 5G,- 256 GB,"- 256 GB 15,010",256.0,INR,ok,,https://www.samsung.com/in/support/spare-part-pricing-list-for-repair/
2026-08-14T10:33:30+00:00,Samsung,Galaxy Tab S9 FE 5G,- Component Repair,- Component Repair N/A,,INR,ok,,https://www.samsung.com/in/support/spare-part-pricing-list-for-repair/
2026-08-14T10:33:30+00:00,Samsung,Galaxy Tab S9 FE 5G,Back Glass/Cover,"Back Glass/Cover 5,440",5440.0,INR,ok,,https://www.samsung.com/in/support/spare-part-pricing-list-for-repair/
2026-08-14T10:33:30+00:00,Samsung,Galaxy Tab S9 FE 5G,Battery,"Battery 1,790",1790.0,INR,ok,,https://www.samsung.com/in/support/spare-part-pricing-list-for-repair/
2026-08-14T10:33:30+00:00,Samsung,Galaxy Tab S9 FE 5G,Main Screen Assembly,"Main Screen Assembly 7,240",7240.0,INR,ok,,https://www.samsung.com/in/support/spare-part-pricing-list-for-repair/
2026-08-14T10:33:34+00:00,Samsung,Galaxy Tab S9 FE Wi-Fi,- 128 GB,"- 128 GB 12,950",128.0,INR,ok,,https://www.samsung.com/in/support/spare-part-pricing-list-for-repair/
2026-08-14T10:33:34+00:00,Samsung,Galaxy Tab S9 FE Wi-Fi,- 256 GB,"- 256 GB 14,080",256.0,INR,ok,,https://www.samsung.com/in/support/spare-part-pricing-list-for-repair/
2026-08-14T10:33:34+00:00,Samsung,Galaxy Tab S9 FE Wi-Fi,- Component Repair,- Component Repair N/A,,INR,ok,,https://www.samsung.com/in/support/spare-part-pricing-list-for-repair/
2026-08-14T10:33:34+00:00,Samsung,Galaxy Tab S9 FE Wi-Fi,Back Glass/Cover,"Back Glass/Cover 5,440",5440.0,INR,ok,,https://www.samsung.com/in/support/spare-part-pricing-list-for-repair/
2026-08-14T10:33:34+00:00,Samsung,Galaxy Tab S9 FE Wi-Fi,Battery,"Battery 1,790",1790.0,INR,ok,,https://www.samsung.com/in/support/spare-part-pricing-list-for-repair/
2026-08-14T10:33:34+00:00,Samsung,Galaxy Tab S9 FE Wi-Fi,Main Screen Assembly,"Main Screen Assembly 7,240",7240.0,INR,ok,,https://www.samsung.com/in/support/spare-part-pricing-list-for-repair/
2026-08-14T10:33:37+00:00,Samsung,Galaxy Tab A11+ 5G,- 128 GB,"- 128 GB 12,640",128.0,INR,ok,,https://www.samsung.com/in/support/spare-part-pricing-list-for-repair/
2026-08-14T10:33:37+00:00,Samsung,Galaxy Tab A11+ 5G,- 256 GB,"- 256 GB 14,000",256.0,INR,ok,,https://www.samsung.com/in/support/spare-part-pricing-list-for-repair/
2026-08-14T10:33:37+00:00,Samsung,Galaxy Tab A11+ 5G,- Component Repair,- Component Repair N/A,,INR,ok,,https://www.samsung.com/in/support/spare-part-pricing-list-for-repair/
2026-08-14T10:33:37+00:00,Samsung,Galaxy Tab A11+ 5G,Back Glass/Cover,"Back Glass/Cover 1,540",1540.0,INR,ok,,https://www.samsung.com/in/support/spare-part-pricing-list-for-repair/
2026-08-14T10:33:37+00:00,Samsung,Galaxy Tab A11+ 5G,Battery,"Battery 1,920",1920.0,INR,ok,,https://www.samsung.com/in/support/spare-part-pricing-list-for-repair/
2026-08-14T10:33:37+00:00,Samsung,Galaxy Tab A11+ 5G,Main Screen Assembly,"Main Screen Assembly 4,500",4500.0,INR,ok,,https://www.samsung.com/in/support/spare-part-pricing-list-for-repair/
2026-08-14T10:33:41+00:00,Samsung,Galaxy Tab A11+ Wi-Fi,- 128 GB,"- 128 GB 9,800",128.0,INR,ok,,https://www.samsung.com/in/support/spare-part-pricing-list-for-repair/
2026-08-14T10:33:41+00:00,Samsung,Galaxy Tab A11+ Wi-Fi,- 256 GB,"- 256 GB 12,250",256.0,INR,ok,,https://www.samsung.com/in/support/spare-part-pricing-list-for-repair/
2026-08-14T10:33:41+00:00,Samsung,Galaxy Tab A11+ Wi-Fi,- Component Repair,- Component Repair N/A,,INR,ok,,https://www.samsung.com/in/support/spare-part-pricing-list-for-repair/
2026-08-14T10:33:41+00:00,Samsung,Galaxy Tab A11+ Wi-Fi,Back Glass/Cover,"Back Glass/Cover 1,470",1470.0,INR,ok,,https://www.samsung.com/in/support/spare-part-pricing-list-for-repair/
2026-08-14T10:33:41+00:00,Samsung,Galaxy Tab A11+ Wi-Fi,Battery,"Battery 1,920",1920.0,INR,ok,,https://www.samsung.com/in/support/spare-part-pricing-list-for-repair/
2026-08-14T10:33:41+00:00,Samsung,Galaxy Tab A11+ Wi-Fi,Main Screen Assembly,"Main Screen Assembly 4,500",4500.0,INR,ok,,https://www.samsung.com/in/support/spare-part-pricing-list-for-repair/
2026-08-14T10:33:45+00:00,Samsung,Galaxy Tab A11,- 128 GB,"- 128 GB 8,940",128.0,INR,ok,,https://www.samsung.com/in/support/spare-part-pricing-list-for-repair/
2026-08-14T10:33:45+00:00,Samsung,Galaxy Tab A11,- 64 GB,"- 64 GB 6,570",64.0,INR,ok,,https://www.samsung.com/in/support/spare-part-pricing-list-for-repair/
2026-08-14T10:33:45+00:00,Samsung,Galaxy Tab A11,- Component Repair,- Component Repair N/A,,INR,ok,,https://www.samsung.com/in/support/spare-part-pricing-list-for-repair/
2026-08-14T10:33:45+00:00,Samsung,Galaxy Tab A11,Back Glass/Cover,"Back Glass/Cover 1,210",1210.0,INR,ok,,https://www.samsung.com/in/support/spare-part-pricing-list-for-repair/
2026-08-14T10:33:45+00:00,Samsung,Galaxy Tab A11,Battery,"Battery 1,330",1330.0,INR,ok,,https://www.samsung.com/in/support/spare-part-pricing-list-for-repair/
2026-08-14T10:33:45+00:00,Samsung,Galaxy Tab A11,Main Screen Assembly,"Main Screen Assembly 4,100",4100.0,INR,ok,,https://www.samsung.com/in/support/spare-part-pricing-list-for-repair/
2026-08-14T10:33:48+00:00,Samsung,Galaxy Tab A11 Wi-Fi,- 128 GB,"- 128 GB 8,520",128.0,INR,ok,,https://www.samsung.com/in/support/spare-part-pricing-list-for-repair/
2026-08-14T10:33:48+00:00,Samsung,Galaxy Tab A11 Wi-Fi,- 64 GB,"- 64 GB 6,730",64.0,INR,ok,,https://www.samsung.com/in/support/spare-part-pricing-list-for-repair/
2026-08-14T10:33:48+00:00,Samsung,Galaxy Tab A11 Wi-Fi,- Component Repair,- Component Repair N/A,,INR,ok,,https://www.samsung.com/in/support/spare-part-pricing-list-for-repair/
2026-08-14T10:33:48+00:00,Samsung,Galaxy Tab A11 Wi-Fi,Back Glass/Cover,"Back Glass/Cover 1,170",1170.0,INR,ok,,https://www.samsung.com/in/support/spare-part-pricing-list-for-repair/
2026-08-14T10:33:48+00:00,Samsung,Galaxy Tab A11 Wi-Fi,Battery,"Battery 1,330",1330.0,INR,ok,,https://www.samsung.com/in/support/spare-part-pricing-list-for-repair/
2026-08-14T10:33:48+00:00,Samsung,Galaxy Tab A11 Wi-Fi,Main Screen Assembly,"Main Screen Assembly 4,200",4200.0,INR,ok,,https://www.samsung.com/in/support/spare-part-pricing-list-for-repair/
2026-08-14T10:33:52+00:00,Samsung,Galaxy Tab A9 LTE,- 64 GB,"- 64 GB 7,020",64.0,INR,ok,,https://www.samsung.com/in/support/spare-part-pricing-list-for-repair/
2026-08-14T10:33:52+00:00,Samsung,Galaxy Tab A9 LTE,- Component Repair,- Component Repair N/A,,INR,ok,,https://www.samsung.com/in/support/spare-part-pricing-list-for-repair/
2026-08-14T10:33:52+00:00,Samsung,Galaxy Tab A9 LTE,Back Glass/Cover,"Back Glass/Cover 1,260",1260.0,INR,ok,,https://www.samsung.com/in/support/spare-part-pricing-list-for-repair/
2026-08-14T10:33:52+00:00,Samsung,Galaxy Tab A9 LTE,Battery,"Battery 1,330",1330.0,INR,ok,,https://www.samsung.com/in/support/spare-part-pricing-list-for-repair/
2026-08-14T10:33:52+00:00,Samsung,Galaxy Tab A9 LTE,Main Screen Assembly,"Main Screen Assembly 4,000",4000.0,INR,ok,,https://www.samsung.com/in/support/spare-part-pricing-list-for-repair/
2026-08-14T10:33:56+00:00,Samsung,Galaxy Tab A9+ 5G,- 128 GB,"- 128 GB 12,760",128.0,INR,ok,,https://www.samsung.com/in/support/spare-part-pricing-list-for-repair/
2026-08-14T10:33:56+00:00,Samsung,Galaxy Tab A9+ 5G,- Component Repair,- Component Repair N/A,,INR,ok,,https://www.samsung.com/in/support/spare-part-pricing-list-for-repair/
2026-08-14T10:33:56+00:00,Samsung,Galaxy Tab A9+ 5G,Back Glass/Cover,"Back Glass/Cover 1,790",1790.0,INR,ok,,https://www.samsung.com/in/support/spare-part-pricing-list-for-repair/
2026-08-14T10:33:56+00:00,Samsung,Galaxy Tab A9+ 5G,Battery,"Battery 2,040",2040.0,INR,ok,,https://www.samsung.com/in/support/spare-part-pricing-list-for-repair/
2026-08-14T10:33:56+00:00,Samsung,Galaxy Tab A9+ 5G,Main Screen Assembly,"Main Screen Assembly 4,630",4630.0,INR,ok,,https://www.samsung.com/in/support/spare-part-pricing-list-for-repair/
2026-08-14T10:34:00+00:00,Samsung,Galaxy Tab A9+,- 64 GB,"- 64 GB 9,700",64.0,INR,ok,,https://www.samsung.com/in/support/spare-part-pricing-list-for-repair/
2026-08-14T10:34:00+00:00,Samsung,Galaxy Tab A9+,- Component Repair,- Component Repair N/A,,INR,ok,,https://www.samsung.com/in/support/spare-part-pricing-list-for-repair/
2026-08-14T10:34:00+00:00,Samsung,Galaxy Tab A9+,Back Glass/Cover,"Back Glass/Cover 1,870",1870.0,INR,ok,,https://www.samsung.com/in/support/spare-part-pricing-list-for-repair/
2026-08-14T10:34:00+00:00,Samsung,Galaxy Tab A9+,Battery,"Battery 2,040",2040.0,INR,ok,,https://www.samsung.com/in/support/spare-part-pricing-list-for-repair/
2026-08-14T10:34:00+00:00,Samsung,Galaxy Tab A9+,Main Screen Assembly,"Main Screen Assembly 4,630",4630.0,INR,ok,,https://www.samsung.com/in/support/spare-part-pricing-list-for-repair/
2026-08-14T10:34:03+00:00,Samsung,Galaxy Tab A9 Wi-Fi,- 64 GB,"- 64 GB 5,690",64.0,INR,ok,,https://www.samsung.com/in/support/spare-part-pricing-list-for-repair/
2026-08-14T10:34:03+00:00,Samsung,Galaxy Tab A9 Wi-Fi,- Component Repair,- Component Repair N/A,,INR,ok,,https://www.samsung.com/in/support/spare-part-pricing-list-for-repair/
2026-08-14T10:34:03+00:00,Samsung,Galaxy Tab A9 Wi-Fi,Back Glass/Cover,"Back Glass/Cover 1,260",1260.0,INR,ok,,https://www.samsung.com/in/support/spare-part-pricing-list-for-repair/
2026-08-14T10:34:03+00:00,Samsung,Galaxy Tab A9 Wi-Fi,Battery,"Battery 1,330",1330.0,INR,ok,,https://www.samsung.com/in/support/spare-part-pricing-list-for-repair/
2026-08-14T10:34:03+00:00,Samsung,Galaxy Tab A9 Wi-Fi,Main Screen Assembly,"Main Screen Assembly 3,310",3310.0,INR,ok,,https://www.samsung.com/in/support/spare-part-pricing-list-for-repair/
2026-08-14T10:34:03+00:00,Samsung,Galaxy Tab A9 Wi-Fi,S Pen,S Pen N/A,,INR,ok,,https://www.samsung.com/in/support/spare-part-pricing-list-for-repair/
2026-08-14T10:34:07+00:00,Samsung,Galaxy Tab S9 Ultra 5G,- 512 GB,"- 512 GB 45,190",512.0,INR,ok,,https://www.samsung.com/in/support/spare-part-pricing-list-for-repair/
2026-08-14T10:34:07+00:00,Samsung,Galaxy Tab S9 Ultra 5G,- Component Repair,- Component Repair N/A,,INR,ok,,https://www.samsung.com/in/support/spare-part-pricing-list-for-repair/
2026-08-14T10:34:07+00:00,Samsung,Galaxy Tab S9 Ultra 5G,Back Glass/Cover,"Back Glass/Cover 6,720",6720.0,INR,ok,,https://www.samsung.com/in/support/spare-part-pricing-list-for-repair/
2026-08-14T10:34:07+00:00,Samsung,Galaxy Tab S9 Ultra 5G,Battery,"Battery 4,330",4330.0,INR,ok,,https://www.samsung.com/in/support/spare-part-pricing-list-for-repair/
2026-08-14T10:34:07+00:00,Samsung,Galaxy Tab S9 Ultra 5G,Main Screen Assembly,"Main Screen Assembly 26,670",26670.0,INR,ok,,https://www.samsung.com/in/support/spare-part-pricing-list-for-repair/
2026-08-14T10:34:07+00:00,Samsung,Galaxy Tab S9 Ultra 5G,S Pen,S Pen N/A,,INR,ok,,https://www.samsung.com/in/support/spare-part-pricing-list-for-repair/
2026-08-14T10:34:11+00:00,Samsung,Galaxy Tab S9 Ultra,- 512 GB,"- 512 GB 33,960",512.0,INR,ok,,https://www.samsung.com/in/support/spare-part-pricing-list-for-repair/
2026-08-14T10:34:11+00:00,Samsung,Galaxy Tab S9 Ultra,- Component Repair,- Component Repair N/A,,INR,ok,,https://www.samsung.com/in/support/spare-part-pricing-list-for-repair/
2026-08-14T10:34:11+00:00,Samsung,Galaxy Tab S9 Ultra,Back Glass/Cover,"Back Glass/Cover 6,870",6870.0,INR,ok,,https://www.samsung.com/in/support/spare-part-pricing-list-for-repair/
2026-08-14T10:34:11+00:00,Samsung,Galaxy Tab S9 Ultra,Battery,"Battery 4,330",4330.0,INR,ok,,https://www.samsung.com/in/support/spare-part-pricing-list-for-repair/
2026-08-14T10:34:11+00:00,Samsung,Galaxy Tab S9 Ultra,Main Screen Assembly,"Main Screen Assembly 26,670",26670.0,INR,ok,,https://www.samsung.com/in/support/spare-part-pricing-list-for-repair/
2026-08-14T10:34:11+00:00,Samsung,Galaxy Tab S9 Ultra,S Pen,S Pen N/A,,INR,ok,,https://www.samsung.com/in/support/spare-part-pricing-list-for-repair/
2026-08-14T10:34:14+00:00,Samsung,Galaxy Tab S9+ 5G,- 256 GB,"- 256 GB 36,750",256.0,INR,ok,,https://www.samsung.com/in/support/spare-part-pricing-list-for-repair/
2026-08-14T10:34:14+00:00,Samsung,Galaxy Tab S9+ 5G,- Component Repair,- Component Repair N/A,,INR,ok,,https://www.samsung.com/in/support/spare-part-pricing-list-for-repair/
2026-08-14T10:34:14+00:00,Samsung,Galaxy Tab S9+ 5G,Back Glass/Cover,"Back Glass/Cover 6,410",6410.0,INR,ok,,https://www.samsung.com/in/support/spare-part-pricing-list-for-repair/
2026-08-14T10:34:14+00:00,Samsung,Galaxy Tab S9+ 5G,Battery,"Battery 3,190",3190.0,INR,ok,,https://www.samsung.com/in/support/spare-part-pricing-list-for-repair/
2026-08-14T10:34:14+00:00,Samsung,Galaxy Tab S9+ 5G,Main Screen Assembly,"Main Screen Assembly 22,760",22760.0,INR,ok,,https://www.samsung.com/in/support/spare-part-pricing-list-for-repair/
2026-08-14T10:34:14+00:00,Samsung,Galaxy Tab S9+ 5G,S Pen,S Pen N/A,,INR,ok,,https://www.samsung.com/in/support/spare-part-pricing-list-for-repair/
2026-08-14T10:34:18+00:00,Samsung,Galaxy Tab S9+,- 512 GB,"- 512 GB 31,850",512.0,INR,ok,,https://www.samsung.com/in/support/spare-part-pricing-list-for-repair/
2026-08-14T10:34:18+00:00,Samsung,Galaxy Tab S9+,- Component Repair,- Component Repair N/A,,INR,ok,,https://www.samsung.com/in/support/spare-part-pricing-list-for-repair/
2026-08-14T10:34:18+00:00,Samsung,Galaxy Tab S9+,Back Glass/Cover,"Back Glass/Cover 6,450",6450.0,INR,ok,,https://www.samsung.com/in/support/spare-part-pricing-list-for-repair/
2026-08-14T10:34:18+00:00,Samsung,Galaxy Tab S9+,Battery,"Battery 3,190",3190.0,INR,ok,,https://www.samsung.com/in/support/spare-part-pricing-list-for-repair/
2026-08-14T10:34:18+00:00,Samsung,Galaxy Tab S9+,Main Screen Assembly,"Main Screen Assembly 22,760",22760.0,INR,ok,,https://www.samsung.com/in/support/spare-part-pricing-list-for-repair/
2026-08-14T10:34:18+00:00,Samsung,Galaxy Tab S9+,S Pen,"S Pen 2,590",2590.0,INR,ok,,https://www.samsung.com/in/support/spare-part-pricing-list-for-repair/
2026-08-14T10:34:22+00:00,Samsung,Galaxy Tab S9 5G,- 128 GB,"- 128 GB 34,380",128.0,INR,ok,,https://www.samsung.com/in/support/spare-part-pricing-list-for-repair/
2026-08-14T10:34:22+00:00,Samsung,Galaxy Tab S9 5G,- Component Repair,- Component Repair N/A,,INR,ok,,https://www.samsung.com/in/support/spare-part-pricing-list-for-repair/
2026-08-14T10:34:22+00:00,Samsung,Galaxy Tab S9 5G,Back Glass/Cover,"Back Glass/Cover 7,010",7010.0,INR,ok,,https://www.samsung.com/in/support/spare-part-pricing-list-for-repair/
2026-08-14T10:34:22+00:00,Samsung,Galaxy Tab S9 5G,Battery,"Battery 2,570",2570.0,INR,ok,,https://www.samsung.com/in/support/spare-part-pricing-list-for-repair/
2026-08-14T10:34:22+00:00,Samsung,Galaxy Tab S9 5G,Main Screen Assembly,"Main Screen Assembly 12,780",12780.0,INR,ok,,https://www.samsung.com/in/support/spare-part-pricing-list-for-repair/
2026-08-14T10:34:22+00:00,Samsung,Galaxy Tab S9 5G,S Pen,S Pen N/A,,INR,ok,,https://www.samsung.com/in/support/spare-part-pricing-list-for-repair/
2026-08-14T10:34:25+00:00,Samsung,Galaxy Tab S9,- 256 GB,"- 256 GB 29,400",256.0,INR,ok,,https://www.samsung.com/in/support/spare-part-pricing-list-for-repair/
2026-08-14T10:34:25+00:00,Samsung,Galaxy Tab S9,- Component Repair,- Component Repair N/A,,INR,ok,,https://www.samsung.com/in/support/spare-part-pricing-list-for-repair/
2026-08-14T10:34:25+00:00,Samsung,Galaxy Tab S9,Back Glass/Cover,"Back Glass/Cover 7,010",7010.0,INR,ok,,https://www.samsung.com/in/support/spare-part-pricing-list-for-repair/
2026-08-14T10:34:25+00:00,Samsung,Galaxy Tab S9,Battery,"Battery 2,570",2570.0,INR,ok,,https://www.samsung.com/in/support/spare-part-pricing-list-for-repair/
2026-08-14T10:34:25+00:00,Samsung,Galaxy Tab S9,Main Screen Assembly,"Main Screen Assembly 12,780",12780.0,INR,ok,,https://www.samsung.com/in/support/spare-part-pricing-list-for-repair/
2026-08-14T10:34:29+00:00,Samsung,Galaxy Tab S8 Ultra 5G,- 128 GB,"- 128 GB 40,670",128.0,INR,ok,,https://www.samsung.com/in/support/spare-part-pricing-list-for-repair/
2026-08-14T10:34:29+00:00,Samsung,Galaxy Tab S8 Ultra 5G,- 256 GB,"- 256 GB 41,110",256.0,INR,ok,,https://www.samsung.com/in/support/spare-part-pricing-list-for-repair/
2026-08-14T10:34:29+00:00,Samsung,Galaxy Tab S8 Ultra 5G,- Component Repair,- Component Repair N/A,,INR,ok,,https://www.samsung.com/in/support/spare-part-pricing-list-for-repair/
2026-08-14T10:34:29+00:00,Samsung,Galaxy Tab S8 Ultra 5G,-Front Camera,"-Front Camera 1,980",1980.0,INR,ok,,https://www.samsung.com/in/support/spare-part-pricing-list-for-repair/
2026-08-14T10:34:29+00:00,Samsung,Galaxy Tab S8 Ultra 5G,-Rear Camera,"-Rear Camera 2,450",2450.0,INR,ok,,https://www.samsung.com/in/support/spare-part-pricing-list-for-repair/
2026-08-14T10:34:29+00:00,Samsung,Galaxy Tab S8 Ultra 5G,Back Glass/Cover,"Back Glass/Cover 6,670",6670.0,INR,ok,,https://www.samsung.com/in/support/spare-part-pricing-list-for-repair/
2026-08-14T10:34:29+00:00,Samsung,Galaxy Tab S8 Ultra 5G,Battery,"Battery 3,560",3560.0,INR,ok,,https://www.samsung.com/in/support/spare-part-pricing-list-for-repair/
2026-08-14T10:34:29+00:00,Samsung,Galaxy Tab S8 Ultra 5G,Main Screen Assembly,"Main Screen Assembly 32,120",32120.0,INR,ok,,https://www.samsung.com/in/support/spare-part-pricing-list-for-repair/
2026-08-14T10:34:29+00:00,Samsung,Galaxy Tab S8 Ultra 5G,S Pen,S Pen N/A,,INR,ok,,https://www.samsung.com/in/support/spare-part-pricing-list-for-repair/
2026-08-14T10:34:33+00:00,Samsung,Galaxy Tab S8 Ultr Wi-Fi,- 128 GB,"- 128 GB 32,880",128.0,INR,ok,,https://www.samsung.com/in/support/spare-part-pricing-list-for-repair/
2026-08-14T10:34:33+00:00,Samsung,Galaxy Tab S8 Ultr Wi-Fi,- 256 GB,"- 256 GB 38,300",256.0,INR,ok,,https://www.samsung.com/in/support/spare-part-pricing-list-for-repair/
2026-08-14T10:34:33+00:00,Samsung,Galaxy Tab S8 Ultr Wi-Fi,- Component Repair,- Component Repair N/A,,INR,ok,,https://www.samsung.com/in/support/spare-part-pricing-list-for-repair/
2026-08-14T10:34:33+00:00,Samsung,Galaxy Tab S8 Ultr Wi-Fi,-Front Camera,"-Front Camera 1,980",1980.0,INR,ok,,https://www.samsung.com/in/support/spare-part-pricing-list-for-repair/
2026-08-14T10:34:33+00:00,Samsung,Galaxy Tab S8 Ultr Wi-Fi,-Rear Camera,"-Rear Camera 2,450",2450.0,INR,ok,,https://www.samsung.com/in/support/spare-part-pricing-list-for-repair/
2026-08-14T10:34:33+00:00,Samsung,Galaxy Tab S8 Ultr Wi-Fi,Back Glass/Cover,"Back Glass/Cover 8,230",8230.0,INR,ok,,https://www.samsung.com/in/support/spare-part-pricing-list-for-repair/
2026-08-14T10:34:33+00:00,Samsung,Galaxy Tab S8 Ultr Wi-Fi,Battery,"Battery 3,560",3560.0,INR,ok,,https://www.samsung.com/in/support/spare-part-pricing-list-for-repair/
2026-08-14T10:34:33+00:00,Samsung,Galaxy Tab S8 Ultr Wi-Fi,Main Screen Assembly,"Main Screen Assembly 32,120",32120.0,INR,ok,,https://www.samsung.com/in/support/spare-part-pricing-list-for-repair/
2026-08-14T10:34:33+00:00,Samsung,Galaxy Tab S8 Ultr Wi-Fi,S Pen,S Pen N/A,,INR,ok,,https://www.samsung.com/in/support/spare-part-pricing-list-for-repair/
2026-08-14T10:34:36+00:00,Samsung,Galaxy Tab S8+,- 128 GB,"- 128 GB 35,520",128.0,INR,ok,,https://www.samsung.com/in/support/spare-part-pricing-list-for-repair/
2026-08-14T10:34:36+00:00,Samsung,Galaxy Tab S8+,- Component Repair,- Component Repair N/A,,INR,ok,,https://www.samsung.com/in/support/spare-part-pricing-list-for-repair/
2026-08-14T10:34:36+00:00,Samsung,Galaxy Tab S8+,-Front Camera,"-Front Camera 2,460",2460.0,INR,ok,,https://www.samsung.com/in/support/spare-part-pricing-list-for-repair/
2026-08-14T10:34:36+00:00,Samsung,Galaxy Tab S8+,-Rear Camera,"-Rear Camera 1,000",1000.0,INR,ok,,https://www.samsung.com/in/support/spare-part-pricing-list-for-repair/
2026-08-14T10:34:36+00:00,Samsung,Galaxy Tab S8+,Back Glass/Cover,"Back Glass/Cover 6,410",6410.0,INR,ok,,https://www.samsung.com/in/support/spare-part-pricing-list-for-repair/
2026-08-14T10:34:36+00:00,Samsung,Galaxy Tab S8+,Battery,"Battery 3,520",3520.0,INR,ok,,https://www.samsung.com/in/support/spare-part-pricing-list-for-repair/
2026-08-14T10:34:36+00:00,Samsung,Galaxy Tab S8+,Main Screen Assembly,"Main Screen Assembly 20,290",20290.0,INR,ok,,https://www.samsung.com/in/support/spare-part-pricing-list-for-repair/
2026-08-14T10:34:36+00:00,Samsung,Galaxy Tab S8+,S Pen,S Pen N/A,,INR,ok,,https://www.samsung.com/in/support/spare-part-pricing-list-for-repair/
2026-08-14T10:34:40+00:00,Samsung,Galaxy Tab S8+ Wi-Fi,- 128 GB,"- 128 GB 25,320",128.0,INR,ok,,https://www.samsung.com/in/support/spare-part-pricing-list-for-repair/
2026-08-14T10:34:40+00:00,Samsung,Galaxy Tab S8+ Wi-Fi,- Component Repair,- Component Repair N/A,,INR,ok,,https://www.samsung.com/in/support/spare-part-pricing-list-for-repair/
2026-08-14T10:34:40+00:00,Samsung,Galaxy Tab S8+ Wi-Fi,-Front Camera,"-Front Camera 2,460",2460.0,INR,ok,,https://www.samsung.com/in/support/spare-part-pricing-list-for-repair/
2026-08-14T10:34:40+00:00,Samsung,Galaxy Tab S8+ Wi-Fi,-Rear Camera,"-Rear Camera 1,000",1000.0,INR,ok,,https://www.samsung.com/in/support/spare-part-pricing-list-for-repair/
2026-08-14T10:34:40+00:00,Samsung,Galaxy Tab S8+ Wi-Fi,Back Glass/Cover,"Back Glass/Cover 6,410",6410.0,INR,ok,,https://www.samsung.com/in/support/spare-part-pricing-list-for-repair/
2026-08-14T10:34:40+00:00,Samsung,Galaxy Tab S8+ Wi-Fi,Battery,"Battery 3,520",3520.0,INR,ok,,https://www.samsung.com/in/support/spare-part-pricing-list-for-repair/
2026-08-14T10:34:40+00:00,Samsung,Galaxy Tab S8+ Wi-Fi,Main Screen Assembly,"Main Screen Assembly 20,290",20290.0,INR,ok,,https://www.samsung.com/in/support/spare-part-pricing-list-for-repair/
2026-08-14T10:34:40+00:00,Samsung,Galaxy Tab S8+ Wi-Fi,S Pen,S Pen N/A,,INR,ok,,https://www.samsung.com/in/support/spare-part-pricing-list-for-repair/
2026-08-14T10:34:44+00:00,Samsung,Galaxy Tab S8 5G,- 128 GB,"- 128 GB 35,490",128.0,INR,ok,,https://www.samsung.com/in/support/spare-part-pricing-list-for-repair/
2026-08-14T10:34:44+00:00,Samsung,Galaxy Tab S8 5G,- Component Repair,- Component Repair N/A,,INR,ok,,https://www.samsung.com/in/support/spare-part-pricing-list-for-repair/
2026-08-14T10:34:44+00:00,Samsung,Galaxy Tab S8 5G,-Front Camera,"-Front Camera 2,460",2460.0,INR,ok,,https://www.samsung.com/in/support/spare-part-pricing-list-for-repair/
2026-08-14T10:34:44+00:00,Samsung,Galaxy Tab S8 5G,-Rear Camera,"-Rear Camera 1,000",1000.0,INR,ok,,https://www.samsung.com/in/support/spare-part-pricing-list-for-repair/
2026-08-14T10:34:44+00:00,Samsung,Galaxy Tab S8 5G,Back Glass/Cover,"Back Glass/Cover 6,440",6440.0,INR,ok,,https://www.samsung.com/in/support/spare-part-pricing-list-for-repair/
2026-08-14T10:34:44+00:00,Samsung,Galaxy Tab S8 5G,Battery,"Battery 2,480",2480.0,INR,ok,,https://www.samsung.com/in/support/spare-part-pricing-list-for-repair/
2026-08-14T10:34:44+00:00,Samsung,Galaxy Tab S8 5G,Main Screen Assembly,"Main Screen Assembly 8,190",8190.0,INR,ok,,https://www.samsung.com/in/support/spare-part-pricing-list-for-repair/
2026-08-14T10:34:44+00:00,Samsung,Galaxy Tab S8 5G,S Pen,S Pen N/A,,INR,ok,,https://www.samsung.com/in/support/spare-part-pricing-list-for-repair/
2026-08-14T10:34:47+00:00,Samsung,Galaxy Tab S8 Wi-Fi,- 128 GB,"- 128 GB 19,280",128.0,INR,ok,,https://www.samsung.com/in/support/spare-part-pricing-list-for-repair/
2026-08-14T10:34:47+00:00,Samsung,Galaxy Tab S8 Wi-Fi,- Component Repair,- Component Repair N/A,,INR,ok,,https://www.samsung.com/in/support/spare-part-pricing-list-for-repair/
2026-08-14T10:34:47+00:00,Samsung,Galaxy Tab S8 Wi-Fi,-Front Camera,"-Front Camera 2,460",2460.0,INR,ok,,https://www.samsung.com/in/support/spare-part-pricing-list-for-repair/
2026-08-14T10:34:47+00:00,Samsung,Galaxy Tab S8 Wi-Fi,-Rear Camera,"-Rear Camera 1,000",1000.0,INR,ok,,https://www.samsung.com/in/support/spare-part-pricing-list-for-repair/
2026-08-14T10:34:47+00:00,Samsung,Galaxy Tab S8 Wi-Fi,Back Glass/Cover,"Back Glass/Cover 6,440",6440.0,INR,ok,,https://www.samsung.com/in/support/spare-part-pricing-list-for-repair/
2026-08-14T10:34:47+00:00,Samsung,Galaxy Tab S8 Wi-Fi,Battery,"Battery 2,480",2480.0,INR,ok,,https://www.samsung.com/in/support/spare-part-pricing-list-for-repair/
2026-08-14T10:34:47+00:00,Samsung,Galaxy Tab S8 Wi-Fi,Main Screen Assembly,"Main Screen Assembly 8,190",8190.0,INR,ok,,https://www.samsung.com/in/support/spare-part-pricing-list-for-repair/
2026-08-14T10:34:47+00:00,Samsung,Galaxy Tab S8 Wi-Fi,S Pen,S Pen N/A,,INR,ok,,https://www.samsung.com/in/support/spare-part-pricing-list-for-repair/
2026-08-14T10:34:51+00:00,Samsung,Galaxy Tab S7+ LTE,- 128 GB,"- 128 GB 24,240",128.0,INR,ok,,https://www.samsung.com/in/support/spare-part-pricing-list-for-repair/
2026-08-14T10:34:51+00:00,Samsung,Galaxy Tab S7+ LTE,- Component Repair,- Component Repair N/A,,INR,ok,,https://www.samsung.com/in/support/spare-part-pricing-list-for-repair/
2026-08-14T10:34:51+00:00,Samsung,Galaxy Tab S7+ LTE,-Front Camera,-Front Camera 720,720.0,INR,ok,,https://www.samsung.com/in/support/spare-part-pricing-list-for-repair/
2026-08-14T10:34:51+00:00,Samsung,Galaxy Tab S7+ LTE,-Rear Camera,"-Rear Camera 2,220",2220.0,INR,ok,,https://www.samsung.com/in/support/spare-part-pricing-list-for-repair/
2026-08-14T10:34:51+00:00,Samsung,Galaxy Tab S7+ LTE,Battery,"Battery 2,910",2910.0,INR,ok,,https://www.samsung.com/in/support/spare-part-pricing-list-for-repair/
2026-08-14T10:34:51+00:00,Samsung,Galaxy Tab S7+ LTE,Main Screen Assembly,"Main Screen Assembly 21,700",21700.0,INR,ok,,https://www.samsung.com/in/support/spare-part-pricing-list-for-repair/
2026-08-14T10:34:51+00:00,Samsung,Galaxy Tab S7+ LTE,S Pen,"S Pen 2,500",2500.0,INR,ok,,https://www.samsung.com/in/support/spare-part-pricing-list-for-repair/
2026-08-14T10:34:55+00:00,Samsung,Galaxy Tab S7+ Wi-Fi,- 128 GB,"- 128 GB 16,090",128.0,INR,ok,,https://www.samsung.com/in/support/spare-part-pricing-list-for-repair/
2026-08-14T10:34:55+00:00,Samsung,Galaxy Tab S7+ Wi-Fi,- Component Repair,- Component Repair N/A,,INR,ok,,https://www.samsung.com/in/support/spare-part-pricing-list-for-repair/
2026-08-14T10:34:55+00:00,Samsung,Galaxy Tab S7+ Wi-Fi,-Front Camera,-Front Camera 720,720.0,INR,ok,,https://www.samsung.com/in/support/spare-part-pricing-list-for-repair/
2026-08-14T10:34:55+00:00,Samsung,Galaxy Tab S7+ Wi-Fi,-Rear Camera,"-Rear Camera 2,220",2220.0,INR,ok,,https://www.samsung.com/in/support/spare-part-pricing-list-for-repair/
2026-08-14T10:34:55+00:00,Samsung,Galaxy Tab S7+ Wi-Fi,Battery,"Battery 2,910",2910.0,INR,ok,,https://www.samsung.com/in/support/spare-part-pricing-list-for-repair/
2026-08-14T10:34:55+00:00,Samsung,Galaxy Tab S7+ Wi-Fi,Main Screen Assembly,"Main Screen Assembly 21,700",21700.0,INR,ok,,https://www.samsung.com/in/support/spare-part-pricing-list-for-repair/
2026-08-14T10:34:55+00:00,Samsung,Galaxy Tab S7+ Wi-Fi,S Pen,"S Pen 2,500",2500.0,INR,ok,,https://www.samsung.com/in/support/spare-part-pricing-list-for-repair/
2026-08-14T10:34:59+00:00,Samsung,Galaxy Tab A8 LTE,- 128 GB,"- 128 GB 17,640",128.0,INR,ok,,https://www.samsung.com/in/support/spare-part-pricing-list-for-repair/
2026-08-14T10:34:59+00:00,Samsung,Galaxy Tab A8 LTE,- 32 GB,"- 32 GB 6,580",32.0,INR,ok,,https://www.samsung.com/in/support/spare-part-pricing-list-for-repair/
2026-08-14T10:34:59+00:00,Samsung,Galaxy Tab A8 LTE,- 64 GB,"- 64 GB 6,650",64.0,INR,ok,,https://www.samsung.com/in/support/spare-part-pricing-list-for-repair/
2026-08-14T10:34:59+00:00,Samsung,Galaxy Tab A8 LTE,- Component Repair,- Component Repair N/A,,INR,ok,,https://www.samsung.com/in/support/spare-part-pricing-list-for-repair/
2026-08-14T10:34:59+00:00,Samsung,Galaxy Tab A8 LTE,-Front Camera,-Front Camera 220,220.0,INR,ok,,https://www.samsung.com/in/support/spare-part-pricing-list-for-repair/
2026-08-14T10:34:59+00:00,Samsung,Galaxy Tab A8 LTE,-Rear Camera,-Rear Camera 490,490.0,INR,ok,,https://www.samsung.com/in/support/spare-part-pricing-list-for-repair/
2026-08-14T10:34:59+00:00,Samsung,Galaxy Tab A8 LTE,Back Glass/Cover,"Back Glass/Cover 1,590",1590.0,INR,ok,,https://www.samsung.com/in/support/spare-part-pricing-list-for-repair/
2026-08-14T10:34:59+00:00,Samsung,Galaxy Tab A8 LTE,Battery,"Battery 2,750",2750.0,INR,ok,,https://www.samsung.com/in/support/spare-part-pricing-list-for-repair/
2026-08-14T10:34:59+00:00,Samsung,Galaxy Tab A8 LTE,Main Screen Assembly,"Main Screen Assembly 6,590",6590.0,INR,ok,,https://www.samsung.com/in/support/spare-part-pricing-list-for-repair/
2026-08-14T10:34:59+00:00,Samsung,Galaxy Tab A8 LTE,S Pen,S Pen N/A,,INR,ok,,https://www.samsung.com/in/support/spare-part-pricing-list-for-repair/
2026-08-14T10:35:02+00:00,Samsung,Galaxy Tab A8 Wi-Fi 4GB,- 128 GB,"- 128 GB 16,740",128.0,INR,ok,,https://www.samsung.com/in/support/spare-part-pricing-list-for-repair/
2026-08-14T10:35:02+00:00,Samsung,Galaxy Tab A8 Wi-Fi 4GB,- 32 GB,"- 32 GB 5,600",32.0,INR,ok,,https://www.samsung.com/in/support/spare-part-pricing-list-for-repair/
2026-08-14T10:35:02+00:00,Samsung,Galaxy Tab A8 Wi-Fi 4GB,- 64 GB,"- 64 GB 6,300",64.0,INR,ok,,https://www.samsung.com/in/support/spare-part-pricing-list-for-repair/
2026-08-14T10:35:02+00:00,Samsung,Galaxy Tab A8 Wi-Fi 4GB,- Component Repair,- Component Repair N/A,,INR,ok,,https://www.samsung.com/in/support/spare-part-pricing-list-for-repair/
2026-08-14T10:35:02+00:00,Samsung,Galaxy Tab A8 Wi-Fi 4GB,-Front Camera,-Front Camera 220,220.0,INR,ok,,https://www.samsung.com/in/support/spare-part-pricing-list-for-repair/
2026-08-14T10:35:02+00:00,Samsung,Galaxy Tab A8 Wi-Fi 4GB,-Rear Camera,-Rear Camera 490,490.0,INR,ok,,https://www.samsung.com/in/support/spare-part-pricing-list-for-repair/
2026-08-14T10:35:02+00:00,Samsung,Galaxy Tab A8 Wi-Fi 4GB,Back Glass/Cover,"Back Glass/Cover 1,570",1570.0,INR,ok,,https://www.samsung.com/in/support/spare-part-pricing-list-for-repair/
2026-08-14T10:35:02+00:00,Samsung,Galaxy Tab A8 Wi-Fi 4GB,Battery,"Battery 2,750",2750.0,INR,ok,,https://www.samsung.com/in/support/spare-part-pricing-list-for-repair/
2026-08-14T10:35:02+00:00,Samsung,Galaxy Tab A8 Wi-Fi 4GB,Main Screen Assembly,"Main Screen Assembly 6,590",6590.0,INR,ok,,https://www.samsung.com/in/support/spare-part-pricing-list-for-repair/
2026-08-14T10:35:02+00:00,Samsung,Galaxy Tab A8 Wi-Fi 4GB,S Pen,S Pen N/A,,INR,ok,,https://www.samsung.com/in/support/spare-part-pricing-list-for-repair/
2026-08-14T10:35:06+00:00,Samsung,Galaxy Tab A7 Lite LTE,- 32 GB,"- 32 GB 5,270",32.0,INR,ok,,https://www.samsung.com/in/support/spare-part-pricing-list-for-repair/
2026-08-14T10:35:06+00:00,Samsung,Galaxy Tab A7 Lite LTE,- Component Repair,- Component Repair N/A,,INR,ok,,https://www.samsung.com/in/support/spare-part-pricing-list-for-repair/
2026-08-14T10:35:06+00:00,Samsung,Galaxy Tab A7 Lite LTE,-Front Camera,-Front Camera 370,370.0,INR,ok,,https://www.samsung.com/in/support/spare-part-pricing-list-for-repair/
2026-08-14T10:35:06+00:00,Samsung,Galaxy Tab A7 Lite LTE,-Rear Camera,-Rear Camera 680,680.0,INR,ok,,https://www.samsung.com/in/support/spare-part-pricing-list-for-repair/
2026-08-14T10:35:06+00:00,Samsung,Galaxy Tab A7 Lite LTE,Back Glass/Cover,Back Glass/Cover 820,820.0,INR,ok,,https://www.samsung.com/in/support/spare-part-pricing-list-for-repair/
2026-08-14T10:35:06+00:00,Samsung,Galaxy Tab A7 Lite LTE,Battery,"Battery 1,480",1480.0,INR,ok,,https://www.samsung.com/in/support/spare-part-pricing-list-for-repair/
2026-08-14T10:35:06+00:00,Samsung,Galaxy Tab A7 Lite LTE,Main Screen Assembly,"Main Screen Assembly 4,780",4780.0,INR,ok,,https://www.samsung.com/in/support/spare-part-pricing-list-for-repair/
2026-08-14T10:35:10+00:00,Samsung,Galaxy Tab A7 Lite,- 32 GB,"- 32 GB 4,300",32.0,INR,ok,,https://www.samsung.com/in/support/spare-part-pricing-list-for-repair/
2026-08-14T10:35:10+00:00,Samsung,Galaxy Tab A7 Lite,- Component Repair,- Component Repair N/A,,INR,ok,,https://www.samsung.com/in/support/spare-part-pricing-list-for-repair/
2026-08-14T10:35:10+00:00,Samsung,Galaxy Tab A7 Lite,-Front Camera,-Front Camera 370,370.0,INR,ok,,https://www.samsung.com/in/support/spare-part-pricing-list-for-repair/
2026-08-14T10:35:10+00:00,Samsung,Galaxy Tab A7 Lite,-Rear Camera,-Rear Camera 680,680.0,INR,ok,,https://www.samsung.com/in/support/spare-part-pricing-list-for-repair/
2026-08-14T10:35:10+00:00,Samsung,Galaxy Tab A7 Lite,Back Glass/Cover,Back Glass/Cover 810,810.0,INR,ok,,https://www.samsung.com/in/support/spare-part-pricing-list-for-repair/
2026-08-14T10:35:10+00:00,Samsung,Galaxy Tab A7 Lite,Battery,"Battery 1,480",1480.0,INR,ok,,https://www.samsung.com/in/support/spare-part-pricing-list-for-repair/
2026-08-14T10:35:10+00:00,Samsung,Galaxy Tab A7 Lite,Main Screen Assembly,"Main Screen Assembly 4,000",4000.0,INR,ok,,https://www.samsung.com/in/support/spare-part-pricing-list-for-repair/
2026-08-14T10:35:10+00:00,Samsung,Galaxy Tab A7 Lite,S Pen,S Pen N/A,,INR,ok,,https://www.samsung.com/in/support/spare-part-pricing-list-for-repair/
2026-08-14T10:35:34+00:00,Apple,iPhone Air,Back glass damage,"Back glass damage INR 14,900",14900.0,INR,ok,,https://support.apple.com/en-in/iphone/repair?services=service
2026-08-14T10:35:34+00:00,Apple,iPhone Air,Battery service,"Battery service INR 11,800",11800.0,INR,ok,,https://support.apple.com/en-in/iphone/repair?services=service
2026-08-14T10:35:34+00:00,Apple,iPhone Air,Rear camera damage,"Rear camera damage INR 16,900",16900.0,INR,ok,,https://support.apple.com/en-in/iphone/repair?services=service
2026-08-14T10:35:34+00:00,Apple,iPhone Air,Screen damage,"Screen damage INR 32,900",32900.0,INR,ok,,https://support.apple.com/en-in/iphone/repair?services=service
2026-08-14T10:35:35+00:00,Apple,iPhone Air,Other damage,"Other damage INR 81,900",81900.0,INR,ok,,https://support.apple.com/en-in/iphone/repair?services=service
2026-08-14T10:35:35+00:00,Apple,iPhone Air,Screen and back glass damage,"Screen and back glass damage INR 40,500",40500.0,INR,ok,,https://support.apple.com/en-in/iphone/repair?services=service
2026-08-14T10:35:41+00:00,Apple,iPhone 17 Pro Max,Back glass damage,"Back glass damage INR 14,900",14900.0,INR,ok,,https://support.apple.com/en-in/iphone/repair?services=service
2026-08-14T10:35:41+00:00,Apple,iPhone 17 Pro Max,Battery service,"Battery service INR 11,800",11800.0,INR,ok,,https://support.apple.com/en-in/iphone/repair?services=service
2026-08-14T10:35:41+00:00,Apple,iPhone 17 Pro Max,Other damage,"Other damage INR 89,900",89900.0,INR,ok,,https://support.apple.com/en-in/iphone/repair?services=service
2026-08-14T10:35:41+00:00,Apple,iPhone 17 Pro Max,Rear camera damage,"Rear camera damage INR 25,900",25900.0,INR,ok,,https://support.apple.com/en-in/iphone/repair?services=service
2026-08-14T10:35:41+00:00,Apple,iPhone 17 Pro Max,Screen and back glass damage,"Screen and back glass damage INR 46,800",46800.0,INR,ok,,https://support.apple.com/en-in/iphone/repair?services=service
2026-08-14T10:35:41+00:00,Apple,iPhone 17 Pro Max,Screen damage,"Screen damage INR 38,900",38900.0,INR,ok,,https://support.apple.com/en-in/iphone/repair?services=service
2026-08-14T10:35:45+00:00,Apple,iPhone 17 Pro,Back glass damage,"Back glass damage INR 14,900",14900.0,INR,ok,,https://support.apple.com/en-in/iphone/repair?services=service
2026-08-14T10:35:45+00:00,Apple,iPhone 17 Pro,Battery service,"Battery service INR 11,800",11800.0,INR,ok,,https://support.apple.com/en-in/iphone/repair?services=service
2026-08-14T10:35:45+00:00,Apple,iPhone 17 Pro,Other damage,"Other damage INR 89,900",89900.0,INR,ok,,https://support.apple.com/en-in/iphone/repair?services=service
2026-08-14T10:35:45+00:00,Apple,iPhone 17 Pro,Rear camera damage,"Rear camera damage INR 25,900",25900.0,INR,ok,,https://support.apple.com/en-in/iphone/repair?services=service
2026-08-14T10:35:45+00:00,Apple,iPhone 17 Pro,Screen and back glass damage,"Screen and back glass damage INR 40,500",40500.0,INR,ok,,https://support.apple.com/en-in/iphone/repair?services=service
2026-08-14T10:35:45+00:00,Apple,iPhone 17 Pro,Screen damage,"Screen damage INR 32,900",32900.0,INR,ok,,https://support.apple.com/en-in/iphone/repair?services=service
2026-08-14T10:35:50+00:00,Apple,iPhone 17,Back glass damage,"Back glass damage INR 14,900",14900.0,INR,ok,,https://support.apple.com/en-in/iphone/repair?services=service
2026-08-14T10:35:50+00:00,Apple,iPhone 17,Battery service,"Battery service INR 9,800",9800.0,INR,ok,,https://support.apple.com/en-in/iphone/repair?services=service
2026-08-14T10:35:50+00:00,Apple,iPhone 17,Other damage,"Other damage INR 66,500",66500.0,INR,ok,,https://support.apple.com/en-in/iphone/repair?services=service
2026-08-14T10:35:50+00:00,Apple,iPhone 17,Rear camera damage,"Rear camera damage INR 16,900",16900.0,INR,ok,,https://support.apple.com/en-in/iphone/repair?services=service
2026-08-14T10:35:50+00:00,Apple,iPhone 17,Screen and back glass damage,"Screen and back glass damage INR 40,500",40500.0,INR,ok,,https://support.apple.com/en-in/iphone/repair?services=service
2026-08-14T10:35:50+00:00,Apple,iPhone 17,Screen damage,"Screen damage INR 32,900",32900.0,INR,ok,,https://support.apple.com/en-in/iphone/repair?services=service
2026-08-14T10:35:54+00:00,Apple,iPhone 17e,Back glass damage,"Back glass damage INR 14,900",14900.0,INR,ok,,https://support.apple.com/en-in/iphone/repair?services=service
2026-08-14T10:35:54+00:00,Apple,iPhone 17e,Battery service,"Battery service INR 9,800",9800.0,INR,ok,,https://support.apple.com/en-in/iphone/repair?services=service
2026-08-14T10:35:54+00:00,Apple,iPhone 17e,Other damage,"Other damage INR 45,900",45900.0,INR,ok,,https://support.apple.com/en-in/iphone/repair?services=service
2026-08-14T10:35:54+00:00,Apple,iPhone 17e,Rear camera damage,"Rear camera damage INR 13,900",13900.0,INR,ok,,https://support.apple.com/en-in/iphone/repair?services=service
2026-08-14T10:35:54+00:00,Apple,iPhone 17e,Screen and back glass damage,"Screen and back glass damage INR 32,900",32900.0,INR,ok,,https://support.apple.com/en-in/iphone/repair?services=service
2026-08-14T10:35:54+00:00,Apple,iPhone 17e,Screen damage,"Screen damage INR 24,900",24900.0,INR,ok,,https://support.apple.com/en-in/iphone/repair?services=service
2026-08-14T10:35:55+00:00,Samsung,Galaxy A27 5G,- 128 GB,"- 128 GB 24,960",128.0,INR,ok,,https://www.samsung.com/in/support/spare-part-pricing-list-for-repair/
2026-08-14T10:35:55+00:00,Samsung,Galaxy A27 5G,- 256 GB,"- 256 GB 29,690",256.0,INR,ok,,https://www.samsung.com/in/support/spare-part-pricing-list-for-repair/
2026-08-14T10:35:55+00:00,Samsung,Galaxy A27 5G,- Component Repair,- Component Repair N/A,,INR,ok,,https://www.samsung.com/in/support/spare-part-pricing-list-for-repair/
2026-08-14T10:35:55+00:00,Samsung,Galaxy A27 5G,Back Glass/Cover,"Back Glass/Cover 1,070",1070.0,INR,ok,,https://www.samsung.com/in/support/spare-part-pricing-list-for-repair/
2026-08-14T10:35:55+00:00,Samsung,Galaxy A27 5G,Battery,"Battery 1,780",1780.0,INR,ok,,https://www.samsung.com/in/support/spare-part-pricing-list-for-repair/
2026-08-14T10:35:55+00:00,Samsung,Galaxy A27 5G,Main Screen Assembly,"Main Screen Assembly 4,900",4900.0,INR,ok,,https://www.samsung.com/in/support/spare-part-pricing-list-for-repair/
2026-08-14T10:35:59+00:00,Samsung,Galaxy A57 5G,- 256 GB,"- 256 GB 28,600",256.0,INR,ok,,https://www.samsung.com/in/support/spare-part-pricing-list-for-repair/
2026-08-14T10:35:59+00:00,Samsung,Galaxy A57 5G,- Component Repair,- Component Repair N/A,,INR,ok,,https://www.samsung.com/in/support/spare-part-pricing-list-for-repair/
2026-08-14T10:35:59+00:00,Samsung,Galaxy A57 5G,Back Glass/Cover,"Back Glass/Cover 1,300",1300.0,INR,ok,,https://www.samsung.com/in/support/spare-part-pricing-list-for-repair/
2026-08-14T10:35:59+00:00,Samsung,Galaxy A57 5G,Battery,"Battery 1,870",1870.0,INR,ok,,https://www.samsung.com/in/support/spare-part-pricing-list-for-repair/
2026-08-14T10:35:59+00:00,Samsung,Galaxy A57 5G,Main Screen Assembly,"Main Screen Assembly 4,940",4940.0,INR,ok,,https://www.samsung.com/in/support/spare-part-pricing-list-for-repair/
2026-08-14T10:36:00+00:00,Apple,iPhone 16 Pro Max,Back glass damage,"Back glass damage INR 14,900",14900.0,INR,ok,,https://support.apple.com/en-in/iphone/repair?services=service
2026-08-14T10:36:00+00:00,Apple,iPhone 16 Pro Max,Battery service,"Battery service INR 11,800",11800.0,INR,ok,,https://support.apple.com/en-in/iphone/repair?services=service
2026-08-14T10:36:00+00:00,Apple,iPhone 16 Pro Max,Rear camera damage,"Rear camera damage INR 25,900",25900.0,INR,ok,,https://support.apple.com/en-in/iphone/repair?services=service
2026-08-14T10:36:01+00:00,Apple,iPhone 16 Pro Max,Other damage,"Other damage INR 89,900",89900.0,INR,ok,,https://support.apple.com/en-in/iphone/repair?services=service
2026-08-14T10:36:01+00:00,Apple,iPhone 16 Pro Max,Screen and back glass damage,"Screen and back glass damage INR 46,800",46800.0,INR,ok,,https://support.apple.com/en-in/iphone/repair?services=service
2026-08-14T10:36:01+00:00,Apple,iPhone 16 Pro Max,Screen damage,"Screen damage INR 38,900",38900.0,INR,ok,,https://support.apple.com/en-in/iphone/repair?services=service
2026-08-14T10:36:02+00:00,Samsung,Galaxy A37 5G,- 128 GB,"- 128 GB 11,570",128.0,INR,ok,,https://www.samsung.com/in/support/spare-part-pricing-list-for-repair/
2026-08-14T10:36:02+00:00,Samsung,Galaxy A37 5G,- 256 GB,"- 256 GB 20,850",256.0,INR,ok,,https://www.samsung.com/in/support/spare-part-pricing-list-for-repair/
2026-08-14T10:36:02+00:00,Samsung,Galaxy A37 5G,- Component Repair,- Component Repair N/A,,INR,ok,,https://www.samsung.com/in/support/spare-part-pricing-list-for-repair/
2026-08-14T10:36:02+00:00,Samsung,Galaxy A37 5G,Back Glass/Cover,"Back Glass/Cover 1,280",1280.0,INR,ok,,https://www.samsung.com/in/support/spare-part-pricing-list-for-repair/
2026-08-14T10:36:02+00:00,Samsung,Galaxy A37 5G,Battery,"Battery 1,890",1890.0,INR,ok,,https://www.samsung.com/in/support/spare-part-pricing-list-for-repair/
2026-08-14T10:36:02+00:00,Samsung,Galaxy A37 5G,Main Screen Assembly,"Main Screen Assembly 5,810",5810.0,INR,ok,,https://www.samsung.com/in/support/spare-part-pricing-list-for-repair/
2026-08-14T10:36:05+00:00,Apple,iPhone 16 Pro,Back glass damage,"Back glass damage INR 14,900",14900.0,INR,ok,,https://support.apple.com/en-in/iphone/repair?services=service
2026-08-14T10:36:05+00:00,Apple,iPhone 16 Pro,Battery service,"Battery service INR 11,800",11800.0,INR,ok,,https://support.apple.com/en-in/iphone/repair?services=service
2026-08-14T10:36:05+00:00,Apple,iPhone 16 Pro,Other damage,"Other damage INR 75,900",75900.0,INR,ok,,https://support.apple.com/en-in/iphone/repair?services=service
2026-08-14T10:36:05+00:00,Apple,iPhone 16 Pro,Rear camera damage,"Rear camera damage INR 25,900",25900.0,INR,ok,,https://support.apple.com/en-in/iphone/repair?services=service
2026-08-14T10:36:05+00:00,Apple,iPhone 16 Pro,Screen and back glass damage,"Screen and back glass damage INR 40,500",40500.0,INR,ok,,https://support.apple.com/en-in/iphone/repair?services=service
2026-08-14T10:36:05+00:00,Apple,iPhone 16 Pro,Screen damage,"Screen damage INR 32,900",32900.0,INR,ok,,https://support.apple.com/en-in/iphone/repair?services=service
2026-08-14T10:36:06+00:00,Samsung,Galaxy A17 5G,- 128 GB,"- 128 GB 15,440",128.0,INR,ok,,https://www.samsung.com/in/support/spare-part-pricing-list-for-repair/
2026-08-14T10:36:06+00:00,Samsung,Galaxy A17 5G,- 256 GB,"- 256 GB 9,430",256.0,INR,ok,,https://www.samsung.com/in/support/spare-part-pricing-list-for-repair/
2026-08-14T10:36:06+00:00,Samsung,Galaxy A17 5G,- Component Repair,- Component Repair N/A,,INR,ok,,https://www.samsung.com/in/support/spare-part-pricing-list-for-repair/
2026-08-14T10:36:06+00:00,Samsung,Galaxy A17 5G,Back Glass/Cover,Back Glass/Cover 520,520.0,INR,ok,,https://www.samsung.com/in/support/spare-part-pricing-list-for-repair/
2026-08-14T10:36:06+00:00,Samsung,Galaxy A17 5G,Battery,"Battery 1,490",1490.0,INR,ok,,https://www.samsung.com/in/support/spare-part-pricing-list-for-repair/
2026-08-14T10:36:06+00:00,Samsung,Galaxy A17 5G,Main Screen Assembly,"Main Screen Assembly 3,910",3910.0,INR,ok,,https://www.samsung.com/in/support/spare-part-pricing-list-for-repair/
2026-08-14T10:36:10+00:00,Apple,iPhone 16 Plus,Back glass damage,"Back glass damage INR 14,900",14900.0,INR,ok,,https://support.apple.com/en-in/iphone/repair?services=service
2026-08-14T10:36:10+00:00,Apple,iPhone 16 Plus,Battery service,"Battery service INR 9,800",9800.0,INR,ok,,https://support.apple.com/en-in/iphone/repair?services=service
2026-08-14T10:36:10+00:00,Apple,iPhone 16 Plus,Other damage,"Other damage INR 66,500",66500.0,INR,ok,,https://support.apple.com/en-in/iphone/repair?services=service
2026-08-14T10:36:10+00:00,Apple,iPhone 16 Plus,Rear camera damage,"Rear camera damage INR 16,900",16900.0,INR,ok,,https://support.apple.com/en-in/iphone/repair?services=service
2026-08-14T10:36:10+00:00,Apple,iPhone 16 Plus,Screen and back glass damage,"Screen and back glass damage INR 40,500",40500.0,INR,ok,,https://support.apple.com/en-in/iphone/repair?services=service
2026-08-14T10:36:10+00:00,Apple,iPhone 16 Plus,Screen damage,"Screen damage INR 32,900",32900.0,INR,ok,,https://support.apple.com/en-in/iphone/repair?services=service
2026-08-14T10:36:10+00:00,Samsung,Galaxy A07 5G,- 128 GB,"- 128 GB 11,800",128.0,INR,ok,,https://www.samsung.com/in/support/spare-part-pricing-list-for-repair/
2026-08-14T10:36:10+00:00,Samsung,Galaxy A07 5G,- Component Repair,- Component Repair N/A,,INR,ok,,https://www.samsung.com/in/support/spare-part-pricing-list-for-repair/
2026-08-14T10:36:10+00:00,Samsung,Galaxy A07 5G,Back Glass/Cover,Back Glass/Cover 690,690.0,INR,ok,,https://www.samsung.com/in/support/spare-part-pricing-list-for-repair/
2026-08-14T10:36:10+00:00,Samsung,Galaxy A07 5G,Battery,"Battery 1,680",1680.0,INR,ok,,https://www.samsung.com/in/support/spare-part-pricing-list-for-repair/
2026-08-14T10:36:10+00:00,Samsung,Galaxy A07 5G,Main Screen Assembly,"Main Screen Assembly 3,020",3020.0,INR,ok,,https://www.samsung.com/in/support/spare-part-pricing-list-for-repair/
2026-08-14T10:36:14+00:00,Apple,iPhone 16,Back glass damage,"Back glass damage INR 14,900",14900.0,INR,ok,,https://support.apple.com/en-in/iphone/repair?services=service
2026-08-14T10:36:14+00:00,Apple,iPhone 16,Battery service,"Battery service INR 9,800",9800.0,INR,ok,,https://support.apple.com/en-in/iphone/repair?services=service
2026-08-14T10:36:14+00:00,Apple,iPhone 16,Other damage,"Other damage INR 56,900",56900.0,INR,ok,,https://support.apple.com/en-in/iphone/repair?services=service
2026-08-14T10:36:14+00:00,Apple,iPhone 16,Rear camera damage,"Rear camera damage INR 16,900",16900.0,INR,ok,,https://support.apple.com/en-in/iphone/repair?services=service
2026-08-14T10:36:14+00:00,Apple,iPhone 16,Screen and back glass damage,"Screen and back glass damage INR 33,500",33500.0,INR,ok,,https://support.apple.com/en-in/iphone/repair?services=service
2026-08-14T10:36:14+00:00,Apple,iPhone 16,Screen damage,"Screen damage INR 25,500",25500.0,INR,ok,,https://support.apple.com/en-in/iphone/repair?services=service
2026-08-14T10:36:14+00:00,Samsung,Galaxy A07,- 128 GB,"- 128 GB 7,800",128.0,INR,ok,,https://www.samsung.com/in/support/spare-part-pricing-list-for-repair/
2026-08-14T10:36:14+00:00,Samsung,Galaxy A07,- 64 GB,"- 64 GB 8,450",64.0,INR,ok,,https://www.samsung.com/in/support/spare-part-pricing-list-for-repair/
2026-08-14T10:36:14+00:00,Samsung,Galaxy A07,- Component Repair,- Component Repair N/A,,INR,ok,,https://www.samsung.com/in/support/spare-part-pricing-list-for-repair/
2026-08-14T10:36:14+00:00,Samsung,Galaxy A07,Back Glass/Cover,Back Glass/Cover 790,790.0,INR,ok,,https://www.samsung.com/in/support/spare-part-pricing-list-for-repair/
2026-08-14T10:36:14+00:00,Samsung,Galaxy A07,Battery,"Battery 1,510",1510.0,INR,ok,,https://www.samsung.com/in/support/spare-part-pricing-list-for-repair/
2026-08-14T10:36:14+00:00,Samsung,Galaxy A07,Main Screen Assembly,"Main Screen Assembly 2,840",2840.0,INR,ok,,https://www.samsung.com/in/support/spare-part-pricing-list-for-repair/
2026-08-14T10:36:18+00:00,Samsung,Galaxy A26 5G,- 128 GB,"- 128 GB 7,490",128.0,INR,ok,,https://www.samsung.com/in/support/spare-part-pricing-list-for-repair/
2026-08-14T10:36:18+00:00,Samsung,Galaxy A26 5G,- 256 GB,"- 256 GB 8,430",256.0,INR,ok,,https://www.samsung.com/in/support/spare-part-pricing-list-for-repair/
2026-08-14T10:36:18+00:00,Samsung,Galaxy A26 5G,- Component Repair,- Component Repair N/A,,INR,ok,,https://www.samsung.com/in/support/spare-part-pricing-list-for-repair/
2026-08-14T10:36:18+00:00,Samsung,Galaxy A26 5G,Back Glass/Cover,Back Glass/Cover 770,770.0,INR,ok,,https://www.samsung.com/in/support/spare-part-pricing-list-for-repair/
2026-08-14T10:36:18+00:00,Samsung,Galaxy A26 5G,Battery,"Battery 1,520",1520.0,INR,ok,,https://www.samsung.com/in/support/spare-part-pricing-list-for-repair/
2026-08-14T10:36:18+00:00,Samsung,Galaxy A26 5G,Main Screen Assembly,"Main Screen Assembly 4,920",4920.0,INR,ok,,https://www.samsung.com/in/support/spare-part-pricing-list-for-repair/
2026-08-14T10:36:19+00:00,Apple,iPhone 16e,Back glass damage,"Back glass damage INR 14,900",14900.0,INR,ok,,https://support.apple.com/en-in/iphone/repair?services=service
2026-08-14T10:36:19+00:00,Apple,iPhone 16e,Battery service,"Battery service INR 9,800",9800.0,INR,ok,,https://support.apple.com/en-in/iphone/repair?services=service
2026-08-14T10:36:19+00:00,Apple,iPhone 16e,Other damage,"Other damage INR 45,900",45900.0,INR,ok,,https://support.apple.com/en-in/iphone/repair?services=service
2026-08-14T10:36:19+00:00,Apple,iPhone 16e,Rear camera damage,"Rear camera damage INR 13,900",13900.0,INR,ok,,https://support.apple.com/en-in/iphone/repair?services=service
2026-08-14T10:36:19+00:00,Apple,iPhone 16e,Screen and back glass damage,"Screen and back glass damage INR 32,900",32900.0,INR,ok,,https://support.apple.com/en-in/iphone/repair?services=service
2026-08-14T10:36:19+00:00,Apple,iPhone 16e,Screen damage,"Screen damage INR 24,900",24900.0,INR,ok,,https://support.apple.com/en-in/iphone/repair?services=service
2026-08-14T10:36:21+00:00,Samsung,Galaxy A36 5G,- 128 GB,"- 128 GB 8,670",128.0,INR,ok,,https://www.samsung.com/in/support/spare-part-pricing-list-for-repair/
2026-08-14T10:36:21+00:00,Samsung,Galaxy A36 5G,- 256 GB,"- 256 GB 12,150",256.0,INR,ok,,https://www.samsung.com/in/support/spare-part-pricing-list-for-repair/
2026-08-14T10:36:21+00:00,Samsung,Galaxy A36 5G,- Component Repair,- Component Repair N/A,,INR,ok,,https://www.samsung.com/in/support/spare-part-pricing-list-for-repair/
2026-08-14T10:36:21+00:00,Samsung,Galaxy A36 5G,Back Glass/Cover,"Back Glass/Cover 1,560",1560.0,INR,ok,,https://www.samsung.com/in/support/spare-part-pricing-list-for-repair/
2026-08-14T10:36:21+00:00,Samsung,Galaxy A36 5G,Battery,"Battery 1,800",1800.0,INR,ok,,https://www.samsung.com/in/support/spare-part-pricing-list-for-repair/
2026-08-14T10:36:21+00:00,Samsung,Galaxy A36 5G,Main Screen Assembly,"Main Screen Assembly 8,410",8410.0,INR,ok,,https://www.samsung.com/in/support/spare-part-pricing-list-for-repair/
2026-08-14T10:36:25+00:00,Apple,iPhone 15 Pro Max,Back glass damage,"Back glass damage INR 14,900",14900.0,INR,ok,,https://support.apple.com/en-in/iphone/repair?services=service
2026-08-14T10:36:25+00:00,Apple,iPhone 15 Pro Max,Battery service,"Battery service INR 9,800",9800.0,INR,ok,,https://support.apple.com/en-in/iphone/repair?services=service
2026-08-14T10:36:25+00:00,Apple,iPhone 15 Pro Max,Other damage,"Other damage INR 81,900",81900.0,INR,ok,,https://support.apple.com/en-in/iphone/repair?services=service
2026-08-14T10:36:25+00:00,Apple,iPhone 15 Pro Max,Rear camera damage,"Rear camera damage INR 25,900",25900.0,INR,ok,,https://support.apple.com/en-in/iphone/repair?services=service
2026-08-14T10:36:25+00:00,Apple,iPhone 15 Pro Max,Screen and back glass damage,"Screen and back glass damage INR 46,800",46800.0,INR,ok,,https://support.apple.com/en-in/iphone/repair?services=service
2026-08-14T10:36:25+00:00,Apple,iPhone 15 Pro Max,Screen damage,"Screen damage INR 38,900",38900.0,INR,ok,,https://support.apple.com/en-in/iphone/repair?services=service
2026-08-14T10:36:25+00:00,Samsung,Galaxy A56 5G,- 128 GB,"- 128 GB 10,910",128.0,INR,ok,,https://www.samsung.com/in/support/spare-part-pricing-list-for-repair/
2026-08-14T10:36:25+00:00,Samsung,Galaxy A56 5G,- 256 GB,"- 256 GB 13,860",256.0,INR,ok,,https://www.samsung.com/in/support/spare-part-pricing-list-for-repair/
2026-08-14T10:36:25+00:00,Samsung,Galaxy A56 5G,- Main Screen,"- Main Screen 4,970",4970.0,INR,ok,,https://www.samsung.com/in/support/spare-part-pricing-list-for-repair/
2026-08-14T10:36:25+00:00,Samsung,Galaxy A56 5G,Back Glass/Cover,"Back Glass/Cover 1,170",1170.0,INR,ok,,https://www.samsung.com/in/support/spare-part-pricing-list-for-repair/
2026-08-14T10:36:25+00:00,Samsung,Galaxy A56 5G,Battery,"Battery 1,540",1540.0,INR,ok,,https://www.samsung.com/in/support/spare-part-pricing-list-for-repair/
2026-08-14T10:36:25+00:00,Samsung,Galaxy A56 5G,S Pen,S Pen N/A,,INR,ok,,https://www.samsung.com/in/support/spare-part-pricing-list-for-repair/
2026-08-14T10:36:29+00:00,Samsung,Galaxy A06 5G,- 128 GB,"- 128 GB 10,330",128.0,INR,ok,,https://www.samsung.com/in/support/spare-part-pricing-list-for-repair/
2026-08-14T10:36:29+00:00,Samsung,Galaxy A06 5G,- 64 GB,"- 64 GB 10,720",64.0,INR,ok,,https://www.samsung.com/in/support/spare-part-pricing-list-for-repair/
2026-08-14T10:36:29+00:00,Samsung,Galaxy A06 5G,- Component Repair,- Component Repair N/A,,INR,ok,,https://www.samsung.com/in/support/spare-part-pricing-list-for-repair/
2026-08-14T10:36:29+00:00,Samsung,Galaxy A06 5G,Back Glass/Cover,Back Glass/Cover 550,550.0,INR,ok,,https://www.samsung.com/in/support/spare-part-pricing-list-for-repair/
2026-08-14T10:36:29+00:00,Samsung,Galaxy A06 5G,Battery,"Battery 1,390",1390.0,INR,ok,,https://www.samsung.com/in/support/spare-part-pricing-list-for-repair/
2026-08-14T10:36:29+00:00,Samsung,Galaxy A06 5G,Main Screen Assembly,"Main Screen Assembly 2,650",2650.0,INR,ok,,https://www.samsung.com/in/support/spare-part-pricing-list-for-repair/
2026-08-14T10:36:29+00:00,Samsung,Galaxy A06 5G,S Pen,S Pen N/A,,INR,ok,,https://www.samsung.com/in/support/spare-part-pricing-list-for-repair/
2026-08-14T10:36:30+00:00,Apple,iPhone 15 Pro,Back glass damage,"Back glass damage INR 14,900",14900.0,INR,ok,,https://support.apple.com/en-in/iphone/repair?services=service
2026-08-14T10:36:30+00:00,Apple,iPhone 15 Pro,Battery service,"Battery service INR 9,800",9800.0,INR,ok,,https://support.apple.com/en-in/iphone/repair?services=service
2026-08-14T10:36:30+00:00,Apple,iPhone 15 Pro,Other damage,"Other damage INR 75,900",75900.0,INR,ok,,https://support.apple.com/en-in/iphone/repair?services=service
2026-08-14T10:36:30+00:00,Apple,iPhone 15 Pro,Rear camera damage,"Rear camera damage INR 20,900",20900.0,INR,ok,,https://support.apple.com/en-in/iphone/repair?services=service
2026-08-14T10:36:30+00:00,Apple,iPhone 15 Pro,Screen and back glass damage,"Screen and back glass damage INR 40,500",40500.0,INR,ok,,https://support.apple.com/en-in/iphone/repair?services=service
2026-08-14T10:36:30+00:00,Apple,iPhone 15 Pro,Screen damage,"Screen damage INR 32,900",32900.0,INR,ok,,https://support.apple.com/en-in/iphone/repair?services=service
2026-08-14T10:36:33+00:00,Samsung,Galaxy A16 5G,- 128 GB,"- 128 GB 11,490",128.0,INR,ok,,https://www.samsung.com/in/support/spare-part-pricing-list-for-repair/
2026-08-14T10:36:33+00:00,Samsung,Galaxy A16 5G,- 256 GB,"- 256 GB 13,230",256.0,INR,ok,,https://www.samsung.com/in/support/spare-part-pricing-list-for-repair/
2026-08-14T10:36:33+00:00,Samsung,Galaxy A16 5G,- Component Repair,- Component Repair N/A,,INR,ok,,https://www.samsung.com/in/support/spare-part-pricing-list-for-repair/
2026-08-14T10:36:33+00:00,Samsung,Galaxy A16 5G,Back Glass/Cover,Back Glass/Cover 500,500.0,INR,ok,,https://www.samsung.com/in/support/spare-part-pricing-list-for-repair/
2026-08-14T10:36:33+00:00,Samsung,Galaxy A16 5G,Battery,"Battery 1,620",1620.0,INR,ok,,https://www.samsung.com/in/support/spare-part-pricing-list-for-repair/
2026-08-14T10:36:33+00:00,Samsung,Galaxy A16 5G,Main Screen Assembly,"Main Screen Assembly 3,940",3940.0,INR,ok,,https://www.samsung.com/in/support/spare-part-pricing-list-for-repair/
2026-08-14T10:36:34+00:00,Apple,iPhone 15 Plus,Back glass damage,"Back glass damage INR 14,900",14900.0,INR,ok,,https://support.apple.com/en-in/iphone/repair?services=service
2026-08-14T10:36:34+00:00,Apple,iPhone 15 Plus,Battery service,"Battery service INR 9,800",9800.0,INR,ok,,https://support.apple.com/en-in/iphone/repair?services=service
2026-08-14T10:36:34+00:00,Apple,iPhone 15 Plus,Other damage,"Other damage INR 66,500",66500.0,INR,ok,,https://support.apple.com/en-in/iphone/repair?services=service
2026-08-14T10:36:34+00:00,Apple,iPhone 15 Plus,Rear camera damage,"Rear camera damage INR 16,900",16900.0,INR,ok,,https://support.apple.com/en-in/iphone/repair?services=service
2026-08-14T10:36:34+00:00,Apple,iPhone 15 Plus,Screen and back glass damage,"Screen and back glass damage INR 40,500",40500.0,INR,ok,,https://support.apple.com/en-in/iphone/repair?services=service
2026-08-14T10:36:34+00:00,Apple,iPhone 15 Plus,Screen damage,"Screen damage INR 32,900",32900.0,INR,ok,,https://support.apple.com/en-in/iphone/repair?services=service
2026-08-14T10:36:36+00:00,Samsung,Galaxy A06,- 128 GB,"- 128 GB 6,220",128.0,INR,ok,,https://www.samsung.com/in/support/spare-part-pricing-list-for-repair/
2026-08-14T10:36:36+00:00,Samsung,Galaxy A06,- 64 GB,"- 64 GB 5,290",64.0,INR,ok,,https://www.samsung.com/in/support/spare-part-pricing-list-for-repair/
2026-08-14T10:36:36+00:00,Samsung,Galaxy A06,- Component Repair,- Component Repair N/A,,INR,ok,,https://www.samsung.com/in/support/spare-part-pricing-list-for-repair/
2026-08-14T10:36:36+00:00,Samsung,Galaxy A06,Back Glass/Cover,Back Glass/Cover 540,540.0,INR,ok,,https://www.samsung.com/in/support/spare-part-pricing-list-for-repair/
2026-08-14T10:36:36+00:00,Samsung,Galaxy A06,Battery,"Battery 1,110",1110.0,INR,ok,,https://www.samsung.com/in/support/spare-part-pricing-list-for-repair/
2026-08-14T10:36:36+00:00,Samsung,Galaxy A06,Main Screen Assembly,"Main Screen Assembly 6,990",6990.0,INR,ok,,https://www.samsung.com/in/support/spare-part-pricing-list-for-repair/
2026-08-14T10:36:36+00:00,Samsung,Galaxy A06,S Pen,S Pen N/A,,INR,ok,,https://www.samsung.com/in/support/spare-part-pricing-list-for-repair/
2026-08-14T10:36:39+00:00,Apple,iPhone 15,Back glass damage,"Back glass damage INR 14,900",14900.0,INR,ok,,https://support.apple.com/en-in/iphone/repair?services=service
2026-08-14T10:36:39+00:00,Apple,iPhone 15,Battery service,"Battery service INR 9,800",9800.0,INR,ok,,https://support.apple.com/en-in/iphone/repair?services=service
2026-08-14T10:36:39+00:00,Apple,iPhone 15,Other damage,"Other damage INR 56,900",56900.0,INR,ok,,https://support.apple.com/en-in/iphone/repair?services=service
2026-08-14T10:36:39+00:00,Apple,iPhone 15,Rear camera damage,"Rear camera damage INR 16,900",16900.0,INR,ok,,https://support.apple.com/en-in/iphone/repair?services=service
2026-08-14T10:36:39+00:00,Apple,iPhone 15,Screen and back glass damage,"Screen and back glass damage INR 33,500",33500.0,INR,ok,,https://support.apple.com/en-in/iphone/repair?services=service
2026-08-14T10:36:39+00:00,Apple,iPhone 15,Screen damage,"Screen damage INR 25,500",25500.0,INR,ok,,https://support.apple.com/en-in/iphone/repair?services=service
2026-08-14T10:36:40+00:00,Samsung,Galaxy A55 5G,- 128 GB,"- 128 GB 11,020",128.0,INR,ok,,https://www.samsung.com/in/support/spare-part-pricing-list-for-repair/
2026-08-14T10:36:40+00:00,Samsung,Galaxy A55 5G,- 256 GB,"- 256 GB 15,180",256.0,INR,ok,,https://www.samsung.com/in/support/spare-part-pricing-list-for-repair/
2026-08-14T10:36:40+00:00,Samsung,Galaxy A55 5G,- Frame,"- Frame 3,320",3320.0,INR,ok,,https://www.samsung.com/in/support/spare-part-pricing-list-for-repair/
2026-08-14T10:36:40+00:00,Samsung,Galaxy A55 5G,- Main Screen,"- Main Screen 5,400",5400.0,INR,ok,,https://www.samsung.com/in/support/spare-part-pricing-list-for-repair/
2026-08-14T10:36:40+00:00,Samsung,Galaxy A55 5G,Back Glass/Cover,"Back Glass/Cover 1,180",1180.0,INR,ok,,https://www.samsung.com/in/support/spare-part-pricing-list-for-repair/
2026-08-14T10:36:40+00:00,Samsung,Galaxy A55 5G,Battery,"Battery 1,790",1790.0,INR,ok,,https://www.samsung.com/in/support/spare-part-pricing-list-for-repair/
2026-08-14T10:36:40+00:00,Samsung,Galaxy A55 5G,S Pen,S Pen N/A,,INR,ok,,https://www.samsung.com/in/support/spare-part-pricing-list-for-repair/
2026-08-14T10:36:44+00:00,Samsung,Galaxy A35 5G,- 128 GB,"- 128 GB 10,550",128.0,INR,ok,,https://www.samsung.com/in/support/spare-part-pricing-list-for-repair/
2026-08-14T10:36:44+00:00,Samsung,Galaxy A35 5G,- 256 GB,"- 256 GB 11,220",256.0,INR,ok,,https://www.samsung.com/in/support/spare-part-pricing-list-for-repair/
2026-08-14T10:36:44+00:00,Samsung,Galaxy A35 5G,- Frame,"- Frame 2,350",2350.0,INR,ok,,https://www.samsung.com/in/support/spare-part-pricing-list-for-repair/
2026-08-14T10:36:44+00:00,Samsung,Galaxy A35 5G,- Main Screen,"- Main Screen 5,390",5390.0,INR,ok,,https://www.samsung.com/in/support/spare-part-pricing-list-for-repair/
2026-08-14T10:36:44+00:00,Samsung,Galaxy A35 5G,Back Glass/Cover,"Back Glass/Cover 1,310",1310.0,INR,ok,,https://www.samsung.com/in/support/spare-part-pricing-list-for-repair/
2026-08-14T10:36:44+00:00,Samsung,Galaxy A35 5G,Battery,"Battery 1,800",1800.0,INR,ok,,https://www.samsung.com/in/support/spare-part-pricing-list-for-repair/
2026-08-14T10:36:44+00:00,Samsung,Galaxy A35 5G,S Pen,S Pen N/A,,INR,ok,,https://www.samsung.com/in/support/spare-part-pricing-list-for-repair/
2026-08-14T10:36:45+00:00,Apple,iPhone 14 Pro Max,Back glass damage,"Back glass damage INR 59,900",59900.0,INR,ok,,https://support.apple.com/en-in/iphone/repair?services=service
2026-08-14T10:36:45+00:00,Apple,iPhone 14 Pro Max,Battery service,"Battery service INR 9,800",9800.0,INR,ok,,https://support.apple.com/en-in/iphone/repair?services=service
2026-08-14T10:36:45+00:00,Apple,iPhone 14 Pro Max,Other damage,"Other damage INR 81,900",81900.0,INR,ok,,https://support.apple.com/en-in/iphone/repair?services=service
2026-08-14T10:36:45+00:00,Apple,iPhone 14 Pro Max,Rear camera damage,"Rear camera damage INR 20,900",20900.0,INR,ok,,https://support.apple.com/en-in/iphone/repair?services=service
2026-08-14T10:36:45+00:00,Apple,iPhone 14 Pro Max,Screen and back glass damage,"Screen and back glass damage INR 74,900",74900.0,INR,ok,,https://support.apple.com/en-in/iphone/repair?services=service
2026-08-14T10:36:45+00:00,Apple,iPhone 14 Pro Max,Screen damage,"Screen damage INR 38,900",38900.0,INR,ok,,https://support.apple.com/en-in/iphone/repair?services=service
2026-08-14T10:36:48+00:00,Samsung,Galaxy A15 5G,- 128 GB,"- 128 GB 6,440",128.0,INR,ok,,https://www.samsung.com/in/support/spare-part-pricing-list-for-repair/
2026-08-14T10:36:48+00:00,Samsung,Galaxy A15 5G,- 256 GB,"- 256 GB 7,430",256.0,INR,ok,,https://www.samsung.com/in/support/spare-part-pricing-list-for-repair/
2026-08-14T10:36:48+00:00,Samsung,Galaxy A15 5G,- Component Repair,- Component Repair N/A,,INR,ok,,https://www.samsung.com/in/support/spare-part-pricing-list-for-repair/
2026-08-14T10:36:48+00:00,Samsung,Galaxy A15 5G,Back Glass/Cover,Back Glass/Cover 650,650.0,INR,ok,,https://www.samsung.com/in/support/spare-part-pricing-list-for-repair/
2026-08-14T10:36:48+00:00,Samsung,Galaxy A15 5G,Battery,"Battery 1,580",1580.0,INR,ok,,https://www.samsung.com/in/support/spare-part-pricing-list-for-repair/
2026-08-14T10:36:48+00:00,Samsung,Galaxy A15 5G,Main Screen Assembly,"Main Screen Assembly 3,370",3370.0,INR,ok,,https://www.samsung.com/in/support/spare-part-pricing-list-for-repair/
2026-08-14T10:36:48+00:00,Samsung,Galaxy A15 5G,S Pen,S Pen N/A,,INR,ok,,https://www.samsung.com/in/support/spare-part-pricing-list-for-repair/
2026-08-14T10:36:50+00:00,Apple,iPhone 14 Pro,Back glass damage,"Back glass damage INR 52,900",52900.0,INR,ok,,https://support.apple.com/en-in/iphone/repair?services=service
2026-08-14T10:36:50+00:00,Apple,iPhone 14 Pro,Battery service,"Battery service INR 9,800",9800.0,INR,ok,,https://support.apple.com/en-in/iphone/repair?services=service
2026-08-14T10:36:50+00:00,Apple,iPhone 14 Pro,Other damage,"Other damage INR 75,900",75900.0,INR,ok,,https://support.apple.com/en-in/iphone/repair?services=service
2026-08-14T10:36:50+00:00,Apple,iPhone 14 Pro,Rear camera damage,"Rear camera damage INR 20,900",20900.0,INR,ok,,https://support.apple.com/en-in/iphone/repair?services=service
2026-08-14T10:36:50+00:00,Apple,iPhone 14 Pro,Screen and back glass damage,"Screen and back glass damage INR 71,000",71000.0,INR,ok,,https://support.apple.com/en-in/iphone/repair?services=service
2026-08-14T10:36:50+00:00,Apple,iPhone 14 Pro,Screen damage,"Screen damage INR 32,900",32900.0,INR,ok,,https://support.apple.com/en-in/iphone/repair?services=service
2026-08-14T10:36:52+00:00,Samsung,Galaxy A05,- 128 GB,"- 128 GB 6,070",128.0,INR,ok,,https://www.samsung.com/in/support/spare-part-pricing-list-for-repair/
2026-08-14T10:36:52+00:00,Samsung,Galaxy A05,- 64 GB,"- 64 GB 5,520",64.0,INR,ok,,https://www.samsung.com/in/support/spare-part-pricing-list-for-repair/
2026-08-14T10:36:52+00:00,Samsung,Galaxy A05,- Component Repair,- Component Repair N/A,,INR,ok,,https://www.samsung.com/in/support/spare-part-pricing-list-for-repair/
2026-08-14T10:36:52+00:00,Samsung,Galaxy A05,Back Glass/Cover,Back Glass/Cover 360,360.0,INR,ok,,https://www.samsung.com/in/support/spare-part-pricing-list-for-repair/
2026-08-14T10:36:52+00:00,Samsung,Galaxy A05,Battery,Battery 960,960.0,INR,ok,,https://www.samsung.com/in/support/spare-part-pricing-list-for-repair/
2026-08-14T10:36:52+00:00,Samsung,Galaxy A05,Main Screen Assembly,"Main Screen Assembly 2,280",2280.0,INR,ok,,https://www.samsung.com/in/support/spare-part-pricing-list-for-repair/
2026-08-14T10:36:52+00:00,Samsung,Galaxy A05,S Pen,S Pen N/A,,INR,ok,,https://www.samsung.com/in/support/spare-part-pricing-list-for-repair/
2026-08-14T10:36:54+00:00,Apple,iPhone 14 Plus,Back glass damage,"Back glass damage INR 14,900",14900.0,INR,ok,,https://support.apple.com/en-in/iphone/repair?services=service
2026-08-14T10:36:54+00:00,Apple,iPhone 14 Plus,Battery service,"Battery service INR 9,800",9800.0,INR,ok,,https://support.apple.com/en-in/iphone/repair?services=service
2026-08-14T10:36:54+00:00,Apple,iPhone 14 Plus,Other damage,"Other damage INR 66,500",66500.0,INR,ok,,https://support.apple.com/en-in/iphone/repair?services=service
2026-08-14T10:36:54+00:00,Apple,iPhone 14 Plus,Rear camera damage,"Rear camera damage INR 16,900",16900.0,INR,ok,,https://support.apple.com/en-in/iphone/repair?services=service
2026-08-14T10:36:54+00:00,Apple,iPhone 14 Plus,Screen and back glass damage,"Screen and back glass damage INR 40,500",40500.0,INR,ok,,https://support.apple.com/en-in/iphone/repair?services=service
2026-08-14T10:36:54+00:00,Apple,iPhone 14 Plus,Screen damage,"Screen damage INR 32,900",32900.0,INR,ok,,https://support.apple.com/en-in/iphone/repair?services=service
2026-08-14T10:36:55+00:00,Samsung,Galaxy A25,- 128 GB,"- 128 GB 8,910",128.0,INR,ok,,https://www.samsung.com/in/support/spare-part-pricing-list-for-repair/
2026-08-14T10:36:55+00:00,Samsung,Galaxy A25,- 256 GB,"- 256 GB 9,900",256.0,INR,ok,,https://www.samsung.com/in/support/spare-part-pricing-list-for-repair/
2026-08-14T10:36:55+00:00,Samsung,Galaxy A25,- Component Repair,- Component Repair N/A,,INR,ok,,https://www.samsung.com/in/support/spare-part-pricing-list-for-repair/
2026-08-14T10:36:55+00:00,Samsung,Galaxy A25,Back Glass/Cover,Back Glass/Cover 600,600.0,INR,ok,,https://www.samsung.com/in/support/spare-part-pricing-list-for-repair/
2026-08-14T10:36:55+00:00,Samsung,Galaxy A25,Battery,Battery 900,900.0,INR,ok,,https://www.samsung.com/in/support/spare-part-pricing-list-for-repair/
2026-08-14T10:36:55+00:00,Samsung,Galaxy A25,Main Screen Assembly,"Main Screen Assembly 4,570",4570.0,INR,ok,,https://www.samsung.com/in/support/spare-part-pricing-list-for-repair/
2026-08-14T10:36:59+00:00,Apple,iPhone 14,Back glass damage,"Back glass damage INR 14,900",14900.0,INR,ok,,https://support.apple.com/en-in/iphone/repair?services=service
2026-08-14T10:36:59+00:00,Apple,iPhone 14,Battery service,"Battery service INR 9,800",9800.0,INR,ok,,https://support.apple.com/en-in/iphone/repair?services=service
2026-08-14T10:36:59+00:00,Apple,iPhone 14,Other damage,"Other damage INR 52,100",52100.0,INR,ok,,https://support.apple.com/en-in/iphone/repair?services=service
2026-08-14T10:36:59+00:00,Apple,iPhone 14,Rear camera damage,"Rear camera damage INR 16,900",16900.0,INR,ok,,https://support.apple.com/en-in/iphone/repair?services=service
2026-08-14T10:36:59+00:00,Apple,iPhone 14,Screen and back glass damage,"Screen and back glass damage INR 33,500",33500.0,INR,ok,,https://support.apple.com/en-in/iphone/repair?services=service
2026-08-14T10:36:59+00:00,Apple,iPhone 14,Screen damage,"Screen damage INR 25,500",25500.0,INR,ok,,https://support.apple.com/en-in/iphone/repair?services=service
2026-08-14T10:36:59+00:00,Samsung,Galaxy A05s,- 128 GB,"- 128 GB 7,620",128.0,INR,ok,,https://www.samsung.com/in/support/spare-part-pricing-list-for-repair/
2026-08-14T10:36:59+00:00,Samsung,Galaxy A05s,- Component Repair,- Component Repair N/A,,INR,ok,,https://www.samsung.com/in/support/spare-part-pricing-list-for-repair/
2026-08-14T10:36:59+00:00,Samsung,Galaxy A05s,Back Glass/Cover,Back Glass/Cover 280,280.0,INR,ok,,https://www.samsung.com/in/support/spare-part-pricing-list-for-repair/
2026-08-14T10:36:59+00:00,Samsung,Galaxy A05s,Battery,Battery 820,820.0,INR,ok,,https://www.samsung.com/in/support/spare-part-pricing-list-for-repair/
2026-08-14T10:36:59+00:00,Samsung,Galaxy A05s,Main Screen Assembly,"Main Screen Assembly 2,600",2600.0,INR,ok,,https://www.samsung.com/in/support/spare-part-pricing-list-for-repair/
2026-08-14T10:36:59+00:00,Samsung,Galaxy A05s,S Pen,S Pen N/A,,INR,ok,,https://www.samsung.com/in/support/spare-part-pricing-list-for-repair/
2026-08-14T10:37:03+00:00,Samsung,Galaxy A34 5G,- 128 GB,"- 128 GB 11,860",128.0,INR,ok,,https://www.samsung.com/in/support/spare-part-pricing-list-for-repair/
2026-08-14T10:37:03+00:00,Samsung,Galaxy A34 5G,- 256 GB,"- 256 GB 10,890",256.0,INR,ok,,https://www.samsung.com/in/support/spare-part-pricing-list-for-repair/
2026-08-14T10:37:03+00:00,Samsung,Galaxy A34 5G,- Frame,"- Frame 1,650",1650.0,INR,ok,,https://www.samsung.com/in/support/spare-part-pricing-list-for-repair/
2026-08-14T10:37:03+00:00,Samsung,Galaxy A34 5G,- Main Screen,"- Main Screen 4,360",4360.0,INR,ok,,https://www.samsung.com/in/support/spare-part-pricing-list-for-repair/
2026-08-14T10:37:03+00:00,Samsung,Galaxy A34 5G,Back Glass/Cover,"Back Glass/Cover 1,540",1540.0,INR,ok,,https://www.samsung.com/in/support/spare-part-pricing-list-for-repair/
2026-08-14T10:37:03+00:00,Samsung,Galaxy A34 5G,Battery,"Battery 2,220",2220.0,INR,ok,,https://www.samsung.com/in/support/spare-part-pricing-list-for-repair/
2026-08-14T10:37:03+00:00,Samsung,Galaxy A34 5G,Main Screen Assembly,"Main Screen Assembly 6,050",6050.0,INR,ok,,https://www.samsung.com/in/support/spare-part-pricing-list-for-repair/
2026-08-14T10:37:03+00:00,Samsung,Galaxy A34 5G,S Pen,S Pen N/A,,INR,ok,,https://www.samsung.com/in/support/spare-part-pricing-list-for-repair/
2026-08-14T10:37:05+00:00,Apple,iPhone 13 Pro Max,Back glass damage,"Back glass damage INR 52,900",52900.0,INR,ok,,https://support.apple.com/en-in/iphone/repair?services=service
2026-08-14T10:37:05+00:00,Apple,iPhone 13 Pro Max,Battery service,"Battery service INR 8,800",8800.0,INR,ok,,https://support.apple.com/en-in/iphone/repair?services=service
2026-08-14T10:37:05+00:00,Apple,iPhone 13 Pro Max,Other damage,"Other damage INR 66,500",66500.0,INR,ok,,https://support.apple.com/en-in/iphone/repair?services=service
2026-08-14T10:37:05+00:00,Apple,iPhone 13 Pro Max,Rear camera damage,"Rear camera damage INR 19,900",19900.0,INR,ok,,https://support.apple.com/en-in/iphone/repair?services=service
2026-08-14T10:37:05+00:00,Apple,iPhone 13 Pro Max,Screen and back glass damage,"Screen and back glass damage INR 66,500",66500.0,INR,ok,,https://support.apple.com/en-in/iphone/repair?services=service
2026-08-14T10:37:05+00:00,Apple,iPhone 13 Pro Max,Screen damage,"Screen damage INR 32,900",32900.0,INR,ok,,https://support.apple.com/en-in/iphone/repair?services=service
2026-08-14T10:37:07+00:00,Samsung,Galaxy A54 5G,- 128 GB,"- 128 GB 12,010",128.0,INR,ok,,https://www.samsung.com/in/support/spare-part-pricing-list-for-repair/
2026-08-14T10:37:07+00:00,Samsung,Galaxy A54 5G,- 256 GB,"- 256 GB 13,340",256.0,INR,ok,,https://www.samsung.com/in/support/spare-part-pricing-list-for-repair/
2026-08-14T10:37:07+00:00,Samsung,Galaxy A54 5G,- Frame,"- Frame 1,470",1470.0,INR,ok,,https://www.samsung.com/in/support/spare-part-pricing-list-for-repair/
2026-08-14T10:37:07+00:00,Samsung,Galaxy A54 5G,- Main Screen,"- Main Screen 3,800",3800.0,INR,ok,,https://www.samsung.com/in/support/spare-part-pricing-list-for-repair/
2026-08-14T10:37:07+00:00,Samsung,Galaxy A54 5G,Back Glass/Cover,"Back Glass/Cover 1,440",1440.0,INR,ok,,https://www.samsung.com/in/support/spare-part-pricing-list-for-repair/
2026-08-14T10:37:07+00:00,Samsung,Galaxy A54 5G,Battery,"Battery 2,070",2070.0,INR,ok,,https://www.samsung.com/in/support/spare-part-pricing-list-for-repair/
2026-08-14T10:37:07+00:00,Samsung,Galaxy A54 5G,Main Screen Assembly,"Main Screen Assembly 5,940",5940.0,INR,ok,,https://www.samsung.com/in/support/spare-part-pricing-list-for-repair/
2026-08-14T10:37:09+00:00,Apple,iPhone 13 Pro,Back glass damage,"Back glass damage INR 42,900",42900.0,INR,ok,,https://support.apple.com/en-in/iphone/repair?services=service
2026-08-14T10:37:09+00:00,Apple,iPhone 13 Pro,Battery service,"Battery service INR 8,800",8800.0,INR,ok,,https://support.apple.com/en-in/iphone/repair?services=service
2026-08-14T10:37:09+00:00,Apple,iPhone 13 Pro,Other damage,"Other damage INR 52,100",52100.0,INR,ok,,https://support.apple.com/en-in/iphone/repair?services=service
2026-08-14T10:37:09+00:00,Apple,iPhone 13 Pro,Rear camera damage,"Rear camera damage INR 19,900",19900.0,INR,ok,,https://support.apple.com/en-in/iphone/repair?services=service
2026-08-14T10:37:09+00:00,Apple,iPhone 13 Pro,Screen and back glass damage,"Screen and back glass damage INR 52,100",52100.0,INR,ok,,https://support.apple.com/en-in/iphone/repair?services=service
2026-08-14T10:37:09+00:00,Apple,iPhone 13 Pro,Screen damage,"Screen damage INR 25,500",25500.0,INR,ok,,https://support.apple.com/en-in/iphone/repair?services=service
2026-08-14T10:37:10+00:00,Samsung,Galaxy A14 5G,- 128 GB,"- 128 GB 6,560",128.0,INR,ok,,https://www.samsung.com/in/support/spare-part-pricing-list-for-repair/
2026-08-14T10:37:10+00:00,Samsung,Galaxy A14 5G,- Component Repair,- Component Repair N/A,,INR,ok,,https://www.samsung.com/in/support/spare-part-pricing-list-for-repair/
2026-08-14T10:37:10+00:00,Samsung,Galaxy A14 5G,Back Glass/Cover,Back Glass/Cover 780,780.0,INR,ok,,https://www.samsung.com/in/support/spare-part-pricing-list-for-repair/
2026-08-14T10:37:10+00:00,Samsung,Galaxy A14 5G,Battery,"Battery 1,930",1930.0,INR,ok,,https://www.samsung.com/in/support/spare-part-pricing-list-for-repair/
2026-08-14T10:37:10+00:00,Samsung,Galaxy A14 5G,Main Screen Assembly,"Main Screen Assembly 3,040",3040.0,INR,ok,,https://www.samsung.com/in/support/spare-part-pricing-list-for-repair/
2026-08-14T10:37:14+00:00,Apple,iPhone 13,Back glass damage,"Back glass damage INR 32,500",32500.0,INR,ok,,https://support.apple.com/en-in/iphone/repair?services=service
2026-08-14T10:37:14+00:00,Apple,iPhone 13,Battery service,"Battery service INR 8,800",8800.0,INR,ok,,https://support.apple.com/en-in/iphone/repair?services=service
2026-08-14T10:37:14+00:00,Apple,iPhone 13,Other damage,"Other damage INR 42,900",42900.0,INR,ok,,https://support.apple.com/en-in/iphone/repair?services=service
2026-08-14T10:37:14+00:00,Apple,iPhone 13,Rear camera damage,"Rear camera damage INR 16,900",16900.0,INR,ok,,https://support.apple.com/en-in/iphone/repair?services=service
2026-08-14T10:37:14+00:00,Apple,iPhone 13,Screen and back glass damage,"Screen and back glass damage INR 42,900",42900.0,INR,ok,,https://support.apple.com/en-in/iphone/repair?services=service
2026-08-14T10:37:14+00:00,Apple,iPhone 13,Screen damage,"Screen damage INR 25,500",25500.0,INR,ok,,https://support.apple.com/en-in/iphone/repair?services=service
2026-08-14T10:37:14+00:00,Samsung,Galaxy A14,- 128 GB,"- 128 GB 5,570",128.0,INR,ok,,https://www.samsung.com/in/support/spare-part-pricing-list-for-repair/
2026-08-14T10:37:14+00:00,Samsung,Galaxy A14,- Component Repair,- Component Repair N/A,,INR,ok,,https://www.samsung.com/in/support/spare-part-pricing-list-for-repair/
2026-08-14T10:37:14+00:00,Samsung,Galaxy A14,Back Glass/Cover,Back Glass/Cover 770,770.0,INR,ok,,https://www.samsung.com/in/support/spare-part-pricing-list-for-repair/
2026-08-14T10:37:14+00:00,Samsung,Galaxy A14,Battery,"Battery 1,930",1930.0,INR,ok,,https://www.samsung.com/in/support/spare-part-pricing-list-for-repair/
2026-08-14T10:37:14+00:00,Samsung,Galaxy A14,Main Screen Assembly,"Main Screen Assembly 3,110",3110.0,INR,ok,,https://www.samsung.com/in/support/spare-part-pricing-list-for-repair/
2026-08-14T10:37:18+00:00,Samsung,Galaxy A23 5G 8GB,- 128 GB,"- 128 GB 6,990",128.0,INR,ok,,https://www.samsung.com/in/support/spare-part-pricing-list-for-repair/
2026-08-14T10:37:18+00:00,Samsung,Galaxy A23 5G 8GB,- Component Repair,- Component Repair N/A,,INR,ok,,https://www.samsung.com/in/support/spare-part-pricing-list-for-repair/
2026-08-14T10:37:18+00:00,Samsung,Galaxy A23 5G 8GB,Back Glass/Cover,Back Glass/Cover 870,870.0,INR,ok,,https://www.samsung.com/in/support/spare-part-pricing-list-for-repair/
2026-08-14T10:37:18+00:00,Samsung,Galaxy A23 5G 8GB,Battery,"Battery 1,990",1990.0,INR,ok,,https://www.samsung.com/in/support/spare-part-pricing-list-for-repair/
2026-08-14T10:37:18+00:00,Samsung,Galaxy A23 5G 8GB,Main Screen Assembly,"Main Screen Assembly 3,400",3400.0,INR,ok,,https://www.samsung.com/in/support/spare-part-pricing-list-for-repair/
2026-08-14T10:37:18+00:00,Samsung,Galaxy A23 5G 8GB,S Pen,S Pen N/A,,INR,ok,,https://www.samsung.com/in/support/spare-part-pricing-list-for-repair/
2026-08-14T10:37:19+00:00,Apple,iPhone 13 mini,Back glass damage,"Back glass damage INR 29,900",29900.0,INR,ok,,https://support.apple.com/en-in/iphone/repair?services=service
2026-08-14T10:37:19+00:00,Apple,iPhone 13 mini,Battery service,"Battery service INR 8,800",8800.0,INR,ok,,https://support.apple.com/en-in/iphone/repair?services=service
2026-08-14T10:37:19+00:00,Apple,iPhone 13 mini,Other damage,"Other damage INR 36,200",36200.0,INR,ok,,https://support.apple.com/en-in/iphone/repair?services=service
2026-08-14T10:37:19+00:00,Apple,iPhone 13 mini,Rear camera damage,"Rear camera damage INR 16,900",16900.0,INR,ok,,https://support.apple.com/en-in/iphone/repair?services=service
2026-08-14T10:37:19+00:00,Apple,iPhone 13 mini,Screen and back glass damage,"Screen and back glass damage INR 36,200",36200.0,INR,ok,,https://support.apple.com/en-in/iphone/repair?services=service
2026-08-14T10:37:19+00:00,Apple,iPhone 13 mini,Screen damage,"Screen damage INR 21,000",21000.0,INR,ok,,https://support.apple.com/en-in/iphone/repair?services=service
2026-08-14T10:37:22+00:00,Samsung,Galaxy A04e,- 128 GB,"- 128 GB 6,280",128.0,INR,ok,,https://www.samsung.com/in/support/spare-part-pricing-list-for-repair/
2026-08-14T10:37:22+00:00,Samsung,Galaxy A04e,- 32 GB,"- 32 GB 4,450",32.0,INR,ok,,https://www.samsung.com/in/support/spare-part-pricing-list-for-repair/
2026-08-14T10:37:22+00:00,Samsung,Galaxy A04e,- 64 GB,"- 64 GB 4,560",64.0,INR,ok,,https://www.samsung.com/in/support/spare-part-pricing-list-for-repair/
2026-08-14T10:37:22+00:00,Samsung,Galaxy A04e,- Component Repair,- Component Repair N/A,,INR,ok,,https://www.samsung.com/in/support/spare-part-pricing-list-for-repair/
2026-08-14T10:37:22+00:00,Samsung,Galaxy A04e,Back Glass/Cover,Back Glass/Cover 320,320.0,INR,ok,,https://www.samsung.com/in/support/spare-part-pricing-list-for-repair/
2026-08-14T10:37:22+00:00,Samsung,Galaxy A04e,Battery,"Battery 1,370",1370.0,INR,ok,,https://www.samsung.com/in/support/spare-part-pricing-list-for-repair/
2026-08-14T10:37:22+00:00,Samsung,Galaxy A04e,Main Screen Assembly,"Main Screen Assembly 2,690",2690.0,INR,ok,,https://www.samsung.com/in/support/spare-part-pricing-list-for-repair/
2026-08-14T10:37:22+00:00,Samsung,Galaxy A04e,S Pen,S Pen N/A,,INR,ok,,https://www.samsung.com/in/support/spare-part-pricing-list-for-repair/
2026-08-14T10:37:25+00:00,Apple,iPhone 12 Pro Max,Back glass damage,"Back glass damage INR 52,900",52900.0,INR,ok,,https://support.apple.com/en-in/iphone/repair?services=service
2026-08-14T10:37:25+00:00,Apple,iPhone 12 Pro Max,Battery service,"Battery service INR 8,800",8800.0,INR,ok,,https://support.apple.com/en-in/iphone/repair?services=service
2026-08-14T10:37:25+00:00,Apple,iPhone 12 Pro Max,Other damage,"Other damage INR 66,500",66500.0,INR,ok,,https://support.apple.com/en-in/iphone/repair?services=service
2026-08-14T10:37:25+00:00,Apple,iPhone 12 Pro Max,Rear camera damage,"Rear camera damage INR 19,900",19900.0,INR,ok,,https://support.apple.com/en-in/iphone/repair?services=service
2026-08-14T10:37:25+00:00,Apple,iPhone 12 Pro Max,Screen and back glass damage,"Screen and back glass damage INR 66,500",66500.0,INR,ok,,https://support.apple.com/en-in/iphone/repair?services=service
2026-08-14T10:37:25+00:00,Apple,iPhone 12 Pro Max,Screen damage,"Screen damage INR 32,900",32900.0,INR,ok,,https://support.apple.com/en-in/iphone/repair?services=service
2026-08-14T10:37:25+00:00,Samsung,Galaxy A04,- 32 GB,"- 32 GB 3,040",32.0,INR,ok,,https://www.samsung.com/in/support/spare-part-pricing-list-for-repair/
2026-08-14T10:37:25+00:00,Samsung,Galaxy A04,- 64 GB,"- 64 GB 3,250",64.0,INR,ok,,https://www.samsung.com/in/support/spare-part-pricing-list-for-repair/
2026-08-14T10:37:25+00:00,Samsung,Galaxy A04,- Component Repair,- Component Repair N/A,,INR,ok,,https://www.samsung.com/in/support/spare-part-pricing-list-for-repair/
2026-08-14T10:37:25+00:00,Samsung,Galaxy A04,Back Glass/Cover,Back Glass/Cover 620,620.0,INR,ok,,https://www.samsung.com/in/support/spare-part-pricing-list-for-repair/
2026-08-14T10:37:25+00:00,Samsung,Galaxy A04,Battery,"Battery 1,240",1240.0,INR,ok,,https://www.samsung.com/in/support/spare-part-pricing-list-for-repair/
2026-08-14T10:37:25+00:00,Samsung,Galaxy A04,Main Screen Assembly,"Main Screen Assembly 2,640",2640.0,INR,ok,,https://www.samsung.com/in/support/spare-part-pricing-list-for-repair/
2026-08-14T10:37:25+00:00,Samsung,Galaxy A04,S Pen,S Pen N/A,,INR,ok,,https://www.samsung.com/in/support/spare-part-pricing-list-for-repair/
2026-08-14T10:37:29+00:00,Apple,iPhone 12 Pro,Back glass damage,"Back glass damage INR 42,900",42900.0,INR,ok,,https://support.apple.com/en-in/iphone/repair?services=service
2026-08-14T10:37:29+00:00,Apple,iPhone 12 Pro,Battery service,"Battery service INR 8,800",8800.0,INR,ok,,https://support.apple.com/en-in/iphone/repair?services=service
2026-08-14T10:37:29+00:00,Apple,iPhone 12 Pro,Other damage,"Other damage INR 52,100",52100.0,INR,ok,,https://support.apple.com/en-in/iphone/repair?services=service
2026-08-14T10:37:29+00:00,Apple,iPhone 12 Pro,Rear camera damage,"Rear camera damage INR 19,900",19900.0,INR,ok,,https://support.apple.com/en-in/iphone/repair?services=service
2026-08-14T10:37:29+00:00,Apple,iPhone 12 Pro,Screen and back glass damage,"Screen and back glass damage INR 52,100",52100.0,INR,ok,,https://support.apple.com/en-in/iphone/repair?services=service
2026-08-14T10:37:29+00:00,Apple,iPhone 12 Pro,Screen damage,"Screen damage INR 25,500",25500.0,INR,ok,,https://support.apple.com/en-in/iphone/repair?services=service
2026-08-14T10:37:29+00:00,Samsung,Galaxy A04s 4GB,- 128 GB,"- 128 GB 3,240",128.0,INR,ok,,https://www.samsung.com/in/support/spare-part-pricing-list-for-repair/
2026-08-14T10:37:29+00:00,Samsung,Galaxy A04s 4GB,- Component Repair,- Component Repair N/A,,INR,ok,,https://www.samsung.com/in/support/spare-part-pricing-list-for-repair/
2026-08-14T10:37:29+00:00,Samsung,Galaxy A04s 4GB,Back Glass/Cover,Back Glass/Cover 620,620.0,INR,ok,,https://www.samsung.com/in/support/spare-part-pricing-list-for-repair/
2026-08-14T10:37:29+00:00,Samsung,Galaxy A04s 4GB,Battery,Battery 750,750.0,INR,ok,,https://www.samsung.com/in/support/spare-part-pricing-list-for-repair/
2026-08-14T10:37:29+00:00,Samsung,Galaxy A04s 4GB,Main Screen Assembly,"Main Screen Assembly 3,370",3370.0,INR,ok,,https://www.samsung.com/in/support/spare-part-pricing-list-for-repair/
2026-08-14T10:37:29+00:00,Samsung,Galaxy A04s 4GB,S Pen,S Pen N/A,,INR,ok,,https://www.samsung.com/in/support/spare-part-pricing-list-for-repair/
2026-08-14T10:37:33+00:00,Samsung,Galaxy A73 5G,- 128 GB,"- 128 GB 11,750",128.0,INR,ok,,https://www.samsung.com/in/support/spare-part-pricing-list-for-repair/
2026-08-14T10:37:33+00:00,Samsung,Galaxy A73 5G,- 256 GB,"- 256 GB 12,590",256.0,INR,ok,,https://www.samsung.com/in/support/spare-part-pricing-list-for-repair/
2026-08-14T10:37:33+00:00,Samsung,Galaxy A73 5G,- Component Repair,- Component Repair N/A,,INR,ok,,https://www.samsung.com/in/support/spare-part-pricing-list-for-repair/
2026-08-14T10:37:33+00:00,Samsung,Galaxy A73 5G,-Camera TOF,"-Camera TOF 3,290",3290.0,INR,ok,,https://www.samsung.com/in/support/spare-part-pricing-list-for-repair/
2026-08-14T10:37:33+00:00,Samsung,Galaxy A73 5G,-Front Camera,-Front Camera 370,370.0,INR,ok,,https://www.samsung.com/in/support/spare-part-pricing-list-for-repair/
2026-08-14T10:37:33+00:00,Samsung,Galaxy A73 5G,-Rear Camera,-Rear Camera 360,360.0,INR,ok,,https://www.samsung.com/in/support/spare-part-pricing-list-for-repair/
2026-08-14T10:37:33+00:00,Samsung,Galaxy A73 5G,-Telephoto Camera,-Telephoto Camera 750,750.0,INR,ok,,https://www.samsung.com/in/support/spare-part-pricing-list-for-repair/
2026-08-14T10:37:33+00:00,Samsung,Galaxy A73 5G,-Ultra Wide Camera,"-Ultra Wide Camera 1,550",1550.0,INR,ok,,https://www.samsung.com/in/support/spare-part-pricing-list-for-repair/
2026-08-14T10:37:33+00:00,Samsung,Galaxy A73 5G,Back Glass/Cover,"Back Glass/Cover 1,130",1130.0,INR,ok,,https://www.samsung.com/in/support/spare-part-pricing-list-for-repair/
2026-08-14T10:37:33+00:00,Samsung,Galaxy A73 5G,Battery,"Battery 2,150",2150.0,INR,ok,,https://www.samsung.com/in/support/spare-part-pricing-list-for-repair/
2026-08-14T10:37:33+00:00,Samsung,Galaxy A73 5G,Main Screen Assembly,"Main Screen Assembly 7,890",7890.0,INR,ok,,https://www.samsung.com/in/support/spare-part-pricing-list-for-repair/
2026-08-14T10:37:33+00:00,Samsung,Galaxy A73 5G,S Pen,S Pen N/A,,INR,ok,,https://www.samsung.com/in/support/spare-part-pricing-list-for-repair/
2026-08-14T10:37:34+00:00,Apple,iPhone 12,Back glass damage,"Back glass damage INR 32,500",32500.0,INR,ok,,https://support.apple.com/en-in/iphone/repair?services=service
2026-08-14T10:37:34+00:00,Apple,iPhone 12,Battery service,"Battery service INR 8,800",8800.0,INR,ok,,https://support.apple.com/en-in/iphone/repair?services=service
2026-08-14T10:37:34+00:00,Apple,iPhone 12,Other damage,"Other damage INR 42,900",42900.0,INR,ok,,https://support.apple.com/en-in/iphone/repair?services=service
2026-08-14T10:37:34+00:00,Apple,iPhone 12,Rear camera damage,"Rear camera damage INR 16,900",16900.0,INR,ok,,https://support.apple.com/en-in/iphone/repair?services=service
2026-08-14T10:37:34+00:00,Apple,iPhone 12,Screen and back glass damage,"Screen and back glass damage INR 42,900",42900.0,INR,ok,,https://support.apple.com/en-in/iphone/repair?services=service
2026-08-14T10:37:34+00:00,Apple,iPhone 12,Screen damage,"Screen damage INR 25,500",25500.0,INR,ok,,https://support.apple.com/en-in/iphone/repair?services=service
2026-08-14T10:37:37+00:00,Samsung,Galaxy A13 6GB,- 128 GB,"- 128 GB 7,500",128.0,INR,ok,,https://www.samsung.com/in/support/spare-part-pricing-list-for-repair/
2026-08-14T10:37:37+00:00,Samsung,Galaxy A13 6GB,- Component Repair,- Component Repair N/A,,INR,ok,,https://www.samsung.com/in/support/spare-part-pricing-list-for-repair/
2026-08-14T10:37:37+00:00,Samsung,Galaxy A13 6GB,-Camera TOF,-Camera TOF 310,310.0,INR,ok,,https://www.samsung.com/in/support/spare-part-pricing-list-for-repair/
2026-08-14T10:37:37+00:00,Samsung,Galaxy A13 6GB,-Front Camera,-Front Camera 330,330.0,INR,ok,,https://www.samsung.com/in/support/spare-part-pricing-list-for-repair/
2026-08-14T10:37:37+00:00,Samsung,Galaxy A13 6GB,-Rear Camera,"-Rear Camera 1,300",1300.0,INR,ok,,https://www.samsung.com/in/support/spare-part-pricing-list-for-repair/
2026-08-14T10:37:37+00:00,Samsung,Galaxy A13 6GB,-Telephoto Camera,-Telephoto Camera 560,560.0,INR,ok,,https://www.samsung.com/in/support/spare-part-pricing-list-for-repair/
2026-08-14T10:37:37+00:00,Samsung,Galaxy A13 6GB,-Ultra Wide Camera,-Ultra Wide Camera 760,760.0,INR,ok,,https://www.samsung.com/in/support/spare-part-pricing-list-for-repair/
2026-08-14T10:37:37+00:00,Samsung,Galaxy A13 6GB,Back Glass/Cover,Back Glass/Cover 830,830.0,INR,ok,,https://www.samsung.com/in/support/spare-part-pricing-list-for-repair/
2026-08-14T10:37:37+00:00,Samsung,Galaxy A13 6GB,Battery,"Battery 1,540",1540.0,INR,ok,,https://www.samsung.com/in/support/spare-part-pricing-list-for-repair/
2026-08-14T10:37:37+00:00,Samsung,Galaxy A13 6GB,Main Screen Assembly,"Main Screen Assembly 3,460",3460.0,INR,ok,,https://www.samsung.com/in/support/spare-part-pricing-list-for-repair/
2026-08-14T10:37:39+00:00,Apple,iPhone 12 mini,Back glass damage,"Back glass damage INR 29,900",29900.0,INR,ok,,https://support.apple.com/en-in/iphone/repair?services=service
2026-08-14T10:37:39+00:00,Apple,iPhone 12 mini,Battery service,"Battery service INR 8,800",8800.0,INR,ok,,https://support.apple.com/en-in/iphone/repair?services=service
2026-08-14T10:37:39+00:00,Apple,iPhone 12 mini,Other damage,"Other damage INR 36,200",36200.0,INR,ok,,https://support.apple.com/en-in/iphone/repair?services=service
2026-08-14T10:37:39+00:00,Apple,iPhone 12 mini,Rear camera damage,"Rear camera damage INR 16,900",16900.0,INR,ok,,https://support.apple.com/en-in/iphone/repair?services=service
2026-08-14T10:37:39+00:00,Apple,iPhone 12 mini,Screen and back glass damage,"Screen and back glass damage INR 36,200",36200.0,INR,ok,,https://support.apple.com/en-in/iphone/repair?services=service
2026-08-14T10:37:39+00:00,Apple,iPhone 12 mini,Screen damage,"Screen damage INR 21,000",21000.0,INR,ok,,https://support.apple.com/en-in/iphone/repair?services=service
2026-08-14T10:37:41+00:00,Samsung,Galaxy A23 8GB,- 128 GB,"- 128 GB 5,880",128.0,INR,ok,,https://www.samsung.com/in/support/spare-part-pricing-list-for-repair/
2026-08-14T10:37:41+00:00,Samsung,Galaxy A23 8GB,- Component Repair,- Component Repair N/A,,INR,ok,,https://www.samsung.com/in/support/spare-part-pricing-list-for-repair/
2026-08-14T10:37:41+00:00,Samsung,Galaxy A23 8GB,-Camera TOF,"-Camera TOF 1,880",1880.0,INR,ok,,https://www.samsung.com/in/support/spare-part-pricing-list-for-repair/
2026-08-14T10:37:41+00:00,Samsung,Galaxy A23 8GB,-Front Camera,-Front Camera 330,330.0,INR,ok,,https://www.samsung.com/in/support/spare-part-pricing-list-for-repair/
2026-08-14T10:37:41+00:00,Samsung,Galaxy A23 8GB,-Rear Camera,-Rear Camera 560,560.0,INR,ok,,https://www.samsung.com/in/support/spare-part-pricing-list-for-repair/
2026-08-14T10:37:41+00:00,Samsung,Galaxy A23 8GB,-Telephoto Camera,-Telephoto Camera 760,760.0,INR,ok,,https://www.samsung.com/in/support/spare-part-pricing-list-for-repair/
2026-08-14T10:37:41+00:00,Samsung,Galaxy A23 8GB,-Ultra Wide Camera,-Ultra Wide Camera 320,320.0,INR,ok,,https://www.samsung.com/in/support/spare-part-pricing-list-for-repair/
2026-08-14T10:37:41+00:00,Samsung,Galaxy A23 8GB,Back Glass/Cover,Back Glass/Cover 720,720.0,INR,ok,,https://www.samsung.com/in/support/spare-part-pricing-list-for-repair/
2026-08-14T10:37:41+00:00,Samsung,Galaxy A23 8GB,Battery,"Battery 1,990",1990.0,INR,ok,,https://www.samsung.com/in/support/spare-part-pricing-list-for-repair/
2026-08-14T10:37:41+00:00,Samsung,Galaxy A23 8GB,Main Screen Assembly,"Main Screen Assembly 3,460",3460.0,INR,ok,,https://www.samsung.com/in/support/spare-part-pricing-list-for-repair/
2026-08-14T10:37:41+00:00,Samsung,Galaxy A23 8GB,S Pen,S Pen N/A,,INR,ok,,https://www.samsung.com/in/support/spare-part-pricing-list-for-repair/
2026-08-14T10:37:44+00:00,Samsung,Galaxy A33 8GB,- 128 GB,"- 128 GB 8,390",128.0,INR,ok,,https://www.samsung.com/in/support/spare-part-pricing-list-for-repair/
2026-08-14T10:37:44+00:00,Samsung,Galaxy A33 8GB,- Component Repair,- Component Repair N/A,,INR,ok,,https://www.samsung.com/in/support/spare-part-pricing-list-for-repair/
2026-08-14T10:37:44+00:00,Samsung,Galaxy A33 8GB,-Camera TOF,-Camera TOF 540,540.0,INR,ok,,https://www.samsung.com/in/support/spare-part-pricing-list-for-repair/
2026-08-14T10:37:44+00:00,Samsung,Galaxy A33 8GB,-Front Camera,-Front Camera 330,330.0,INR,ok,,https://www.samsung.com/in/support/spare-part-pricing-list-for-repair/
2026-08-14T10:37:44+00:00,Samsung,Galaxy A33 8GB,-Rear Camera,-Rear Camera 360,360.0,INR,ok,,https://www.samsung.com/in/support/spare-part-pricing-list-for-repair/
2026-08-14T10:37:44+00:00,Samsung,Galaxy A33 8GB,-Telephoto Camera,"-Telephoto Camera 2,240",2240.0,INR,ok,,https://www.samsung.com/in/support/spare-part-pricing-list-for-repair/
2026-08-14T10:37:44+00:00,Samsung,Galaxy A33 8GB,-Ultra Wide Camera,-Ultra Wide Camera 740,740.0,INR,ok,,https://www.samsung.com/in/support/spare-part-pricing-list-for-repair/
2026-08-14T10:37:44+00:00,Samsung,Galaxy A33 8GB,Back Glass/Cover,"Back Glass/Cover 1,190",1190.0,INR,ok,,https://www.samsung.com/in/support/spare-part-pricing-list-for-repair/
2026-08-14T10:37:44+00:00,Samsung,Galaxy A33 8GB,Battery,"Battery 1,590",1590.0,INR,ok,,https://www.samsung.com/in/support/spare-part-pricing-list-for-repair/
2026-08-14T10:37:44+00:00,Samsung,Galaxy A33 8GB,Main Screen Assembly,"Main Screen Assembly 6,300",6300.0,INR,ok,,https://www.samsung.com/in/support/spare-part-pricing-list-for-repair/
2026-08-14T10:37:45+00:00,Apple,iPhone 11,Battery service,"Battery service INR 8,800",8800.0,INR,ok,,https://support.apple.com/en-in/iphone/repair?services=service
2026-08-14T10:37:45+00:00,Apple,iPhone 11,Other damage,"Other damage INR 36,200",36200.0,INR,ok,,https://support.apple.com/en-in/iphone/repair?services=service
2026-08-14T10:37:45+00:00,Apple,iPhone 11,Screen damage,"Screen damage INR 17,400",17400.0,INR,ok,,https://support.apple.com/en-in/iphone/repair?services=service
2026-08-14T10:37:48+00:00,Samsung,Galaxy A53 8GB,- 128 GB,"- 128 GB 10,070",128.0,INR,ok,,https://www.samsung.com/in/support/spare-part-pricing-list-for-repair/
2026-08-14T10:37:48+00:00,Samsung,Galaxy A53 8GB,- Component Repair,- Component Repair N/A,,INR,ok,,https://www.samsung.com/in/support/spare-part-pricing-list-for-repair/
2026-08-14T10:37:48+00:00,Samsung,Galaxy A53 8GB,-Camera TOF,"-Camera TOF 2,530",2530.0,INR,ok,,https://www.samsung.com/in/support/spare-part-pricing-list-for-repair/
2026-08-14T10:37:48+00:00,Samsung,Galaxy A53 8GB,-Front Camera,-Front Camera 370,370.0,INR,ok,,https://www.samsung.com/in/support/spare-part-pricing-list-for-repair/
2026-08-14T10:37:48+00:00,Samsung,Galaxy A53 8GB,-Rear Camera,-Rear Camera 360,360.0,INR,ok,,https://www.samsung.com/in/support/spare-part-pricing-list-for-repair/
2026-08-14T10:37:48+00:00,Samsung,Galaxy A53 8GB,-Telephoto Camera,"-Telephoto Camera 1,620",1620.0,INR,ok,,https://www.samsung.com/in/support/spare-part-pricing-list-for-repair/
2026-08-14T10:37:48+00:00,Samsung,Galaxy A53 8GB,-Ultra Wide Camera,-Ultra Wide Camera 750,750.0,INR,ok,,https://www.samsung.com/in/support/spare-part-pricing-list-for-repair/
2026-08-14T10:37:48+00:00,Samsung,Galaxy A53 8GB,Back Glass/Cover,"Back Glass/Cover 1,300",1300.0,INR,ok,,https://www.samsung.com/in/support/spare-part-pricing-list-for-repair/
2026-08-14T10:37:48+00:00,Samsung,Galaxy A53 8GB,Battery,"Battery 1,660",1660.0,INR,ok,,https://www.samsung.com/in/support/spare-part-pricing-list-for-repair/
2026-08-14T10:37:48+00:00,Samsung,Galaxy A53 8GB,Main Screen Assembly,"Main Screen Assembly 7,410",7410.0,INR,ok,,https://www.samsung.com/in/support/spare-part-pricing-list-for-repair/
2026-08-14T10:37:52+00:00,Apple,iPhone SE (3rd generation),Battery service,"Battery service INR 6,800",6800.0,INR,ok,,https://support.apple.com/en-in/iphone/repair?services=service
2026-08-14T10:37:52+00:00,Apple,iPhone SE (3rd generation),Other damage,"Other damage INR 33,500",33500.0,INR,ok,,https://support.apple.com/en-in/iphone/repair?services=service
2026-08-14T10:37:52+00:00,Apple,iPhone SE (3rd generation),Screen damage,"Screen damage INR 13,200",13200.0,INR,ok,,https://support.apple.com/en-in/iphone/repair?services=service
2026-08-14T10:37:52+00:00,Samsung,Galaxy A03 4GB,- 32 GB,"- 32 GB 5,870",32.0,INR,ok,,https://www.samsung.com/in/support/spare-part-pricing-list-for-repair/
2026-08-14T10:37:52+00:00,Samsung,Galaxy A03 4GB,- 64 GB,"- 64 GB 8,250",64.0,INR,ok,,https://www.samsung.com/in/support/spare-part-pricing-list-for-repair/
2026-08-14T10:37:52+00:00,Samsung,Galaxy A03 4GB,- Component Repair,- Component Repair N/A,,INR,ok,,https://www.samsung.com/in/support/spare-part-pricing-list-for-repair/
2026-08-14T10:37:52+00:00,Samsung,Galaxy A03 4GB,-Front Camera,-Front Camera 370,370.0,INR,ok,,https://www.samsung.com/in/support/spare-part-pricing-list-for-repair/
2026-08-14T10:37:52+00:00,Samsung,Galaxy A03 4GB,-Rear Camera,-Rear Camera 250,250.0,INR,ok,,https://www.samsung.com/in/support/spare-part-pricing-list-for-repair/
2026-08-14T10:37:52+00:00,Samsung,Galaxy A03 4GB,-Telephoto Camera,"-Telephoto Camera 1,110",1110.0,INR,ok,,https://www.samsung.com/in/support/spare-part-pricing-list-for-repair/
2026-08-14T10:37:52+00:00,Samsung,Galaxy A03 4GB,-Ultra Wide Camera,-Ultra Wide Camera 10,10.0,INR,ok,,https://www.samsung.com/in/support/spare-part-pricing-list-for-repair/
2026-08-14T10:37:52+00:00,Samsung,Galaxy A03 4GB,Back Glass/Cover,Back Glass/Cover 410,410.0,INR,ok,,https://www.samsung.com/in/support/spare-part-pricing-list-for-repair/
2026-08-14T10:37:52+00:00,Samsung,Galaxy A03 4GB,Battery,Battery 950,950.0,INR,ok,,https://www.samsung.com/in/support/spare-part-pricing-list-for-repair/
2026-08-14T10:37:52+00:00,Samsung,Galaxy A03 4GB,Main Screen Assembly,"Main Screen Assembly 2,830",2830.0,INR,ok,,https://www.samsung.com/in/support/spare-part-pricing-list-for-repair/
2026-08-14T10:37:52+00:00,Samsung,Galaxy A03 4GB,S Pen,S Pen N/A,,INR,ok,,https://www.samsung.com/in/support/spare-part-pricing-list-for-repair/
2026-08-14T10:37:55+00:00,Samsung,Galaxy A03,- 32 GB,"- 32 GB 4,210",32.0,INR,ok,,https://www.samsung.com/in/support/spare-part-pricing-list-for-repair/
2026-08-14T10:37:55+00:00,Samsung,Galaxy A03,- Component Repair,- Component Repair N/A,,INR,ok,,https://www.samsung.com/in/support/spare-part-pricing-list-for-repair/
2026-08-14T10:37:55+00:00,Samsung,Galaxy A03,Back Glass/Cover,Back Glass/Cover 280,280.0,INR,ok,,https://www.samsung.com/in/support/spare-part-pricing-list-for-repair/
2026-08-14T10:37:55+00:00,Samsung,Galaxy A03,Battery,Battery 910,910.0,INR,ok,,https://www.samsung.com/in/support/spare-part-pricing-list-for-repair/
2026-08-14T10:37:55+00:00,Samsung,Galaxy A03,Main Screen Assembly,"Main Screen Assembly 2,530",2530.0,INR,ok,,https://www.samsung.com/in/support/spare-part-pricing-list-for-repair/
2026-08-14T10:37:55+00:00,Samsung,Galaxy A03,S Pen,S Pen N/A,,INR,ok,,https://www.samsung.com/in/support/spare-part-pricing-list-for-repair/
2026-08-14T10:37:57+00:00,Apple,iPhone SE (2nd generation),Battery service,"Battery service INR 6,800",6800.0,INR,ok,,https://support.apple.com/en-in/iphone/repair?services=service
2026-08-14T10:37:57+00:00,Apple,iPhone SE (2nd generation),Other damage,"Other damage INR 27,400",27400.0,INR,ok,,https://support.apple.com/en-in/iphone/repair?services=service
2026-08-14T10:37:57+00:00,Apple,iPhone SE (2nd generation),Screen damage,"Screen damage INR 13,200",13200.0,INR,ok,,https://support.apple.com/en-in/iphone/repair?services=service
2026-08-14T10:37:59+00:00,Samsung,Galaxy A52s 6GB,- 128 GB,"- 128 GB 9,510",128.0,INR,ok,,https://www.samsung.com/in/support/spare-part-pricing-list-for-repair/
2026-08-14T10:37:59+00:00,Samsung,Galaxy A52s 6GB,- Component Repair,- Component Repair N/A,,INR,ok,,https://www.samsung.com/in/support/spare-part-pricing-list-for-repair/
2026-08-14T10:37:59+00:00,Samsung,Galaxy A52s 6GB,-Camera TOF,"-Camera TOF 2,780",2780.0,INR,ok,,https://www.samsung.com/in/support/spare-part-pricing-list-for-repair/
2026-08-14T10:37:59+00:00,Samsung,Galaxy A52s 6GB,-Front Camera,-Front Camera 370,370.0,INR,ok,,https://www.samsung.com/in/support/spare-part-pricing-list-for-repair/
2026-08-14T10:37:59+00:00,Samsung,Galaxy A52s 6GB,-Rear Camera,-Rear Camera 360,360.0,INR,ok,,https://www.samsung.com/in/support/spare-part-pricing-list-for-repair/
2026-08-14T10:37:59+00:00,Samsung,Galaxy A52s 6GB,-Telephoto Camera,-Telephoto Camera 740,740.0,INR,ok,,https://www.samsung.com/in/support/spare-part-pricing-list-for-repair/
2026-08-14T10:37:59+00:00,Samsung,Galaxy A52s 6GB,-Ultra Wide Camera,"-Ultra Wide Camera 1,620",1620.0,INR,ok,,https://www.samsung.com/in/support/spare-part-pricing-list-for-repair/
2026-08-14T10:37:59+00:00,Samsung,Galaxy A52s 6GB,Back Glass/Cover,"Back Glass/Cover 1,350",1350.0,INR,ok,,https://www.samsung.com/in/support/spare-part-pricing-list-for-repair/
2026-08-14T10:37:59+00:00,Samsung,Galaxy A52s 6GB,Battery,"Battery 1,810",1810.0,INR,ok,,https://www.samsung.com/in/support/spare-part-pricing-list-for-repair/
2026-08-14T10:37:59+00:00,Samsung,Galaxy A52s 6GB,Main Screen Assembly,"Main Screen Assembly 7,030",7030.0,INR,ok,,https://www.samsung.com/in/support/spare-part-pricing-list-for-repair/
2026-08-14T10:38:03+00:00,Samsung,Galaxy A03s,- 32 GB,"- 32 GB 6,160",32.0,INR,ok,,https://www.samsung.com/in/support/spare-part-pricing-list-for-repair/
2026-08-14T10:38:03+00:00,Samsung,Galaxy A03s,- 64 GB,"- 64 GB 6,290",64.0,INR,ok,,https://www.samsung.com/in/support/spare-part-pricing-list-for-repair/
2026-08-14T10:38:03+00:00,Samsung,Galaxy A03s,- Component Repair,- Component Repair N/A,,INR,ok,,https://www.samsung.com/in/support/spare-part-pricing-list-for-repair/
2026-08-14T10:38:03+00:00,Samsung,Galaxy A03s,-Front Camera,-Front Camera 270,270.0,INR,ok,,https://www.samsung.com/in/support/spare-part-pricing-list-for-repair/
2026-08-14T10:38:03+00:00,Samsung,Galaxy A03s,-Rear Camera,-Rear Camera 150,150.0,INR,ok,,https://www.samsung.com/in/support/spare-part-pricing-list-for-repair/
2026-08-14T10:38:03+00:00,Samsung,Galaxy A03s,-Telephoto Camera,-Telephoto Camera 790,790.0,INR,ok,,https://www.samsung.com/in/support/spare-part-pricing-list-for-repair/
2026-08-14T10:38:03+00:00,Samsung,Galaxy A03s,-Ultra Wide Camera,-Ultra Wide Camera 50,50.0,INR,ok,,https://www.samsung.com/in/support/spare-part-pricing-list-for-repair/
2026-08-14T10:38:03+00:00,Samsung,Galaxy A03s,Back Glass/Cover,Back Glass/Cover 370,370.0,INR,ok,,https://www.samsung.com/in/support/spare-part-pricing-list-for-repair/
2026-08-14T10:38:03+00:00,Samsung,Galaxy A03s,Battery,Battery 950,950.0,INR,ok,,https://www.samsung.com/in/support/spare-part-pricing-list-for-repair/
2026-08-14T10:38:03+00:00,Samsung,Galaxy A03s,Main Screen Assembly,"Main Screen Assembly 3,390",3390.0,INR,ok,,https://www.samsung.com/in/support/spare-part-pricing-list-for-repair/
2026-08-14T10:38:03+00:00,Samsung,Galaxy A03s,S Pen,S Pen N/A,,INR,ok,,https://www.samsung.com/in/support/spare-part-pricing-list-for-repair/
2026-08-14T10:38:06+00:00,Samsung,Galaxy A22 6GB,- 128 GB,"- 128 GB 5,180",128.0,INR,ok,,https://www.samsung.com/in/support/spare-part-pricing-list-for-repair/
2026-08-14T10:38:06+00:00,Samsung,Galaxy A22 6GB,- Component Repair,- Component Repair N/A,,INR,ok,,https://www.samsung.com/in/support/spare-part-pricing-list-for-repair/
2026-08-14T10:38:06+00:00,Samsung,Galaxy A22 6GB,Back Glass/Cover,Back Glass/Cover 830,830.0,INR,ok,,https://www.samsung.com/in/support/spare-part-pricing-list-for-repair/
2026-08-14T10:38:06+00:00,Samsung,Galaxy A22 6GB,Main Screen Assembly,"Main Screen Assembly 4,440",4440.0,INR,ok,,https://www.samsung.com/in/support/spare-part-pricing-list-for-repair/
2026-08-14T10:38:07+00:00,Samsung,Galaxy A22 6GB,Battery,"Battery 1,240",1240.0,INR,ok,,https://www.samsung.com/in/support/spare-part-pricing-list-for-repair/
2026-08-14T10:38:10+00:00,Samsung,Galaxy A12 4GB 64GB,- 128 GB,"- 128 GB 4,140",128.0,INR,ok,,https://www.samsung.com/in/support/spare-part-pricing-list-for-repair/
2026-08-14T10:38:10+00:00,Samsung,Galaxy A12 4GB 64GB,- 64 GB,"- 64 GB 3,140",64.0,INR,ok,,https://www.samsung.com/in/support/spare-part-pricing-list-for-repair/
2026-08-14T10:38:10+00:00,Samsung,Galaxy A12 4GB 64GB,- Component Repair,- Component Repair N/A,,INR,ok,,https://www.samsung.com/in/support/spare-part-pricing-list-for-repair/
2026-08-14T10:38:10+00:00,Samsung,Galaxy A12 4GB 64GB,-Camera TOF,"-Camera TOF 1,570",1570.0,INR,ok,,https://www.samsung.com/in/support/spare-part-pricing-list-for-repair/
2026-08-14T10:38:10+00:00,Samsung,Galaxy A12 4GB 64GB,-Rear Camera,-Rear Camera 280,280.0,INR,ok,,https://www.samsung.com/in/support/spare-part-pricing-list-for-repair/
2026-08-14T10:38:10+00:00,Samsung,Galaxy A12 4GB 64GB,-Telephoto Camera,-Telephoto Camera 330,330.0,INR,ok,,https://www.samsung.com/in/support/spare-part-pricing-list-for-repair/
2026-08-14T10:38:10+00:00,Samsung,Galaxy A12 4GB 64GB,-Ultra Wide Camera,-Ultra Wide Camera 460,460.0,INR,ok,,https://www.samsung.com/in/support/spare-part-pricing-list-for-repair/
2026-08-14T10:38:10+00:00,Samsung,Galaxy A12 4GB 64GB,Back Glass/Cover,Back Glass/Cover 930,930.0,INR,ok,,https://www.samsung.com/in/support/spare-part-pricing-list-for-repair/
2026-08-14T10:38:10+00:00,Samsung,Galaxy A12 4GB 64GB,Battery,Battery 940,940.0,INR,ok,,https://www.samsung.com/in/support/spare-part-pricing-list-for-repair/
2026-08-14T10:38:10+00:00,Samsung,Galaxy A12 4GB 64GB,Main Screen Assembly,"Main Screen Assembly 3,500",3500.0,INR,ok,,https://www.samsung.com/in/support/spare-part-pricing-list-for-repair/
2026-08-14T10:38:10+00:00,Samsung,Galaxy A12 4GB 64GB,S Pen,S Pen N/A,,INR,ok,,https://www.samsung.com/in/support/spare-part-pricing-list-for-repair/
2026-08-14T10:38:13+00:00,Samsung,Galaxy Z Fold8 Ultra,- 1 TB,"- 1 TB 1,11,960",1.0,INR,ok,,https://www.samsung.com/in/support/spare-part-pricing-list-for-repair/
2026-08-14T10:38:13+00:00,Samsung,Galaxy Z Fold8 Ultra,- 256 GB,"- 256 GB 72,460",256.0,INR,ok,,https://www.samsung.com/in/support/spare-part-pricing-list-for-repair/
2026-08-14T10:38:13+00:00,Samsung,Galaxy Z Fold8 Ultra,- 512 GB,"- 512 GB 82,550",512.0,INR,ok,,https://www.samsung.com/in/support/spare-part-pricing-list-for-repair/
2026-08-14T10:38:13+00:00,Samsung,Galaxy Z Fold8 Ultra,- Main Screen,"- Main Screen 40,560",40560.0,INR,ok,,https://www.samsung.com/in/support/spare-part-pricing-list-for-repair/
2026-08-14T10:38:13+00:00,Samsung,Galaxy Z Fold8 Ultra,Back Glass/Cover,"Back Glass/Cover 2,570",2570.0,INR,ok,,https://www.samsung.com/in/support/spare-part-pricing-list-for-repair/
2026-08-14T10:38:13+00:00,Samsung,Galaxy Z Fold8 Ultra,Battery,"Battery 2,340",2340.0,INR,ok,,https://www.samsung.com/in/support/spare-part-pricing-list-for-repair/
2026-08-14T10:38:13+00:00,Samsung,Galaxy Z Fold8 Ultra,Main Screen Assembly,"Main Screen Assembly 59,670",59670.0,INR,ok,,https://www.samsung.com/in/support/spare-part-pricing-list-for-repair/
2026-08-14T10:38:14+00:00,Samsung,Galaxy A22 5G 8GB,- 128 GB,"- 128 GB 19,010",128.0,INR,ok,,https://www.samsung.com/in/support/spare-part-pricing-list-for-repair/
2026-08-14T10:38:14+00:00,Samsung,Galaxy A22 5G 8GB,- Component Repair,- Component Repair N/A,,INR,ok,,https://www.samsung.com/in/support/spare-part-pricing-list-for-repair/
2026-08-14T10:38:14+00:00,Samsung,Galaxy A22 5G 8GB,-Front Camera,-Front Camera 670,670.0,INR,ok,,https://www.samsung.com/in/support/spare-part-pricing-list-for-repair/
2026-08-14T10:38:14+00:00,Samsung,Galaxy A22 5G 8GB,-Rear Camera,-Rear Camera 580,580.0,INR,ok,,https://www.samsung.com/in/support/spare-part-pricing-list-for-repair/
2026-08-14T10:38:14+00:00,Samsung,Galaxy A22 5G 8GB,Back Glass/Cover,Back Glass/Cover 790,790.0,INR,ok,,https://www.samsung.com/in/support/spare-part-pricing-list-for-repair/
2026-08-14T10:38:14+00:00,Samsung,Galaxy A22 5G 8GB,Battery,"Battery 1,840",1840.0,INR,ok,,https://www.samsung.com/in/support/spare-part-pricing-list-for-repair/
2026-08-14T10:38:14+00:00,Samsung,Galaxy A22 5G 8GB,Main Screen Assembly,"Main Screen Assembly 4,060",4060.0,INR,ok,,https://www.samsung.com/in/support/spare-part-pricing-list-for-repair/
2026-08-14T10:38:14+00:00,Samsung,Galaxy A22 5G 8GB,S Pen,S Pen N/A,,INR,ok,,https://www.samsung.com/in/support/spare-part-pricing-list-for-repair/
2026-08-14T10:38:18+00:00,Samsung,Galaxy A72,- 256 GB,"- 256 GB 9,290",256.0,INR,ok,,https://www.samsung.com/in/support/spare-part-pricing-list-for-repair/
2026-08-14T10:38:18+00:00,Samsung,Galaxy A72,- Component Repair,- Component Repair N/A,,INR,ok,,https://www.samsung.com/in/support/spare-part-pricing-list-for-repair/
2026-08-14T10:38:18+00:00,Samsung,Galaxy A72,-Camera TOF,-Camera TOF 360,360.0,INR,ok,,https://www.samsung.com/in/support/spare-part-pricing-list-for-repair/
2026-08-14T10:38:18+00:00,Samsung,Galaxy A72,-Front Camera,"-Front Camera 1,620",1620.0,INR,ok,,https://www.samsung.com/in/support/spare-part-pricing-list-for-repair/
2026-08-14T10:38:18+00:00,Samsung,Galaxy A72,-Rear Camera,"-Rear Camera 2,780",2780.0,INR,ok,,https://www.samsung.com/in/support/spare-part-pricing-list-for-repair/
2026-08-14T10:38:18+00:00,Samsung,Galaxy A72,-Telephoto Camera,-Telephoto Camera 740,740.0,INR,ok,,https://www.samsung.com/in/support/spare-part-pricing-list-for-repair/
2026-08-14T10:38:18+00:00,Samsung,Galaxy A72,-Ultra Wide Camera,"-Ultra Wide Camera 1,320",1320.0,INR,ok,,https://www.samsung.com/in/support/spare-part-pricing-list-for-repair/
2026-08-14T10:38:18+00:00,Samsung,Galaxy A72,Back Glass/Cover,"Back Glass/Cover 1,150",1150.0,INR,ok,,https://www.samsung.com/in/support/spare-part-pricing-list-for-repair/
2026-08-14T10:38:18+00:00,Samsung,Galaxy A72,Battery,"Battery 1,250",1250.0,INR,ok,,https://www.samsung.com/in/support/spare-part-pricing-list-for-repair/
2026-08-14T10:38:18+00:00,Samsung,Galaxy A72,Main Screen Assembly,"Main Screen Assembly 7,490",7490.0,INR,ok,,https://www.samsung.com/in/support/spare-part-pricing-list-for-repair/
2026-08-14T10:38:18+00:00,Samsung,Galaxy A72,S Pen,S Pen N/A,,INR,ok,,https://www.samsung.com/in/support/spare-part-pricing-list-for-repair/
2026-08-14T10:38:18+00:00,Samsung,Galaxy Z Fold8,- 1 TB,"- 1 TB 1,12,370",1.0,INR,ok,,https://www.samsung.com/in/support/spare-part-pricing-list-for-repair/
2026-08-14T10:38:18+00:00,Samsung,Galaxy Z Fold8,- 256 GB,"- 256 GB 72,680",256.0,INR,ok,,https://www.samsung.com/in/support/spare-part-pricing-list-for-repair/
2026-08-14T10:38:18+00:00,Samsung,Galaxy Z Fold8,- 512 GB,"- 512 GB 82,810",512.0,INR,ok,,https://www.samsung.com/in/support/spare-part-pricing-list-for-repair/
2026-08-14T10:38:18+00:00,Samsung,Galaxy Z Fold8,- Main Screen,"- Main Screen 35,490",35490.0,INR,ok,,https://www.samsung.com/in/support/spare-part-pricing-list-for-repair/
2026-08-14T10:38:18+00:00,Samsung,Galaxy Z Fold8,Back Glass/Cover,"Back Glass/Cover 2,300",2300.0,INR,ok,,https://www.samsung.com/in/support/spare-part-pricing-list-for-repair/
2026-08-14T10:38:18+00:00,Samsung,Galaxy Z Fold8,Battery,"Battery 2,300",2300.0,INR,ok,,https://www.samsung.com/in/support/spare-part-pricing-list-for-repair/
2026-08-14T10:38:18+00:00,Samsung,Galaxy Z Fold8,Main Screen Assembly,"Main Screen Assembly 54,130",54130.0,INR,ok,,https://www.samsung.com/in/support/spare-part-pricing-list-for-repair/
2026-08-14T10:38:21+00:00,Samsung,Galaxy A52,- 128 GB,"- 128 GB 8,110",128.0,INR,ok,,https://www.samsung.com/in/support/spare-part-pricing-list-for-repair/
2026-08-14T10:38:21+00:00,Samsung,Galaxy A52,- Component Repair,- Component Repair N/A,,INR,ok,,https://www.samsung.com/in/support/spare-part-pricing-list-for-repair/
2026-08-14T10:38:21+00:00,Samsung,Galaxy A52,-Camera TOF,-Camera TOF 360,360.0,INR,ok,,https://www.samsung.com/in/support/spare-part-pricing-list-for-repair/
2026-08-14T10:38:21+00:00,Samsung,Galaxy A52,-Front Camera,"-Front Camera 1,730",1730.0,INR,ok,,https://www.samsung.com/in/support/spare-part-pricing-list-for-repair/
2026-08-14T10:38:21+00:00,Samsung,Galaxy A52,-Rear Camera,"-Rear Camera 2,780",2780.0,INR,ok,,https://www.samsung.com/in/support/spare-part-pricing-list-for-repair/
2026-08-14T10:38:21+00:00,Samsung,Galaxy A52,-Telephoto Camera,-Telephoto Camera 740,740.0,INR,ok,,https://www.samsung.com/in/support/spare-part-pricing-list-for-repair/
2026-08-14T10:38:21+00:00,Samsung,Galaxy A52,-Ultra Wide Camera,-Ultra Wide Camera 370,370.0,INR,ok,,https://www.samsung.com/in/support/spare-part-pricing-list-for-repair/
2026-08-14T10:38:21+00:00,Samsung,Galaxy A52,Back Glass/Cover,"Back Glass/Cover 1,240",1240.0,INR,ok,,https://www.samsung.com/in/support/spare-part-pricing-list-for-repair/
2026-08-14T10:38:21+00:00,Samsung,Galaxy A52,Battery,"Battery 1,810",1810.0,INR,ok,,https://www.samsung.com/in/support/spare-part-pricing-list-for-repair/
2026-08-14T10:38:21+00:00,Samsung,Galaxy A52,Main Screen Assembly,"Main Screen Assembly 8,650",8650.0,INR,ok,,https://www.samsung.com/in/support/spare-part-pricing-list-for-repair/
2026-08-14T10:38:21+00:00,Samsung,Galaxy A52,S Pen,S Pen N/A,,INR,ok,,https://www.samsung.com/in/support/spare-part-pricing-list-for-repair/
2026-08-14T10:38:23+00:00,Samsung,Galaxy Z Flip8,- 256 GB,"- 256 GB 46,670",256.0,INR,ok,,https://www.samsung.com/in/support/spare-part-pricing-list-for-repair/
2026-08-14T10:38:23+00:00,Samsung,Galaxy Z Flip8,- 512 GB,"- 512 GB 52,980",512.0,INR,ok,,https://www.samsung.com/in/support/spare-part-pricing-list-for-repair/
2026-08-14T10:38:23+00:00,Samsung,Galaxy Z Flip8,- Main Screen,"- Main Screen 13,410",13410.0,INR,ok,,https://www.samsung.com/in/support/spare-part-pricing-list-for-repair/
2026-08-14T10:38:23+00:00,Samsung,Galaxy Z Flip8,Back Glass/Cover,Back Glass/Cover 520,520.0,INR,ok,,https://www.samsung.com/in/support/spare-part-pricing-list-for-repair/
2026-08-14T10:38:23+00:00,Samsung,Galaxy Z Flip8,Battery,"Battery 2,410",2410.0,INR,ok,,https://www.samsung.com/in/support/spare-part-pricing-list-for-repair/
2026-08-14T10:38:23+00:00,Samsung,Galaxy Z Flip8,Main Screen Assembly,"Main Screen Assembly 26,760",26760.0,INR,ok,,https://www.samsung.com/in/support/spare-part-pricing-list-for-repair/
2026-08-14T10:38:25+00:00,Samsung,Galaxy A32,- 128 GB,"- 128 GB 7,140",128.0,INR,ok,,https://www.samsung.com/in/support/spare-part-pricing-list-for-repair/
2026-08-14T10:38:25+00:00,Samsung,Galaxy A32,- Component Repair,- Component Repair N/A,,INR,ok,,https://www.samsung.com/in/support/spare-part-pricing-list-for-repair/
2026-08-14T10:38:25+00:00,Samsung,Galaxy A32,-Camera TOF,-Camera TOF 350,350.0,INR,ok,,https://www.samsung.com/in/support/spare-part-pricing-list-for-repair/
2026-08-14T10:38:25+00:00,Samsung,Galaxy A32,-Front Camera,"-Front Camera 2,320",2320.0,INR,ok,,https://www.samsung.com/in/support/spare-part-pricing-list-for-repair/
2026-08-14T10:38:25+00:00,Samsung,Galaxy A32,-Rear Camera,"-Rear Camera 2,410",2410.0,INR,ok,,https://www.samsung.com/in/support/spare-part-pricing-list-for-repair/
2026-08-14T10:38:25+00:00,Samsung,Galaxy A32,-Telephoto Camera,-Telephoto Camera 370,370.0,INR,ok,,https://www.samsung.com/in/support/spare-part-pricing-list-for-repair/
2026-08-14T10:38:25+00:00,Samsung,Galaxy A32,-Ultra Wide Camera,-Ultra Wide Camera 610,610.0,INR,ok,,https://www.samsung.com/in/support/spare-part-pricing-list-for-repair/
2026-08-14T10:38:25+00:00,Samsung,Galaxy A32,Back Glass/Cover,Back Glass/Cover 920,920.0,INR,ok,,https://www.samsung.com/in/support/spare-part-pricing-list-for-repair/
2026-08-14T10:38:25+00:00,Samsung,Galaxy A32,Battery,"Battery 1,240",1240.0,INR,ok,,https://www.samsung.com/in/support/spare-part-pricing-list-for-repair/
2026-08-14T10:38:25+00:00,Samsung,Galaxy A32,Main Screen Assembly,"Main Screen Assembly 4,600",4600.0,INR,ok,,https://www.samsung.com/in/support/spare-part-pricing-list-for-repair/
2026-08-14T10:38:27+00:00,Samsung,Galaxy Z Fold7,- 1 TB,"- 1 TB 65,910",1.0,INR,ok,,https://www.samsung.com/in/support/spare-part-pricing-list-for-repair/
2026-08-14T10:38:27+00:00,Samsung,Galaxy Z Fold7,- 256 GB,"- 256 GB 56,550",256.0,INR,ok,,https://www.samsung.com/in/support/spare-part-pricing-list-for-repair/
2026-08-14T10:38:27+00:00,Samsung,Galaxy Z Fold7,- 512 GB,"- 512 GB 63,200",512.0,INR,ok,,https://www.samsung.com/in/support/spare-part-pricing-list-for-repair/
2026-08-14T10:38:27+00:00,Samsung,Galaxy Z Fold7,- Component Repair,"- Component Repair 36,279",36279.0,INR,ok,,https://www.samsung.com/in/support/spare-part-pricing-list-for-repair/
2026-08-14T10:38:27+00:00,Samsung,Galaxy Z Fold7,Back Glass/Cover,"Back Glass/Cover 2,610",2610.0,INR,ok,,https://www.samsung.com/in/support/spare-part-pricing-list-for-repair/
2026-08-14T10:38:27+00:00,Samsung,Galaxy Z Fold7,Battery,"Battery 1,690",1690.0,INR,ok,,https://www.samsung.com/in/support/spare-part-pricing-list-for-repair/
2026-08-14T10:38:27+00:00,Samsung,Galaxy Z Fold7,Main Screen Assembly,"Main Screen Assembly 51,810",51810.0,INR,ok,,https://www.samsung.com/in/support/spare-part-pricing-list-for-repair/
2026-08-14T10:38:27+00:00,Samsung,Galaxy Z Fold7,Sub Screen,"Sub Screen 7,940",7940.0,INR,ok,,https://www.samsung.com/in/support/spare-part-pricing-list-for-repair/
2026-08-14T10:38:29+00:00,Samsung,Galaxy A12,- 128 GB,"- 128 GB 4,600",128.0,INR,ok,,https://www.samsung.com/in/support/spare-part-pricing-list-for-repair/
2026-08-14T10:38:29+00:00,Samsung,Galaxy A12,- 64 GB,"- 64 GB 4,140",64.0,INR,ok,,https://www.samsung.com/in/support/spare-part-pricing-list-for-repair/
2026-08-14T10:38:29+00:00,Samsung,Galaxy A12,- Component Repair,- Component Repair N/A,,INR,ok,,https://www.samsung.com/in/support/spare-part-pricing-list-for-repair/
2026-08-14T10:38:29+00:00,Samsung,Galaxy A12,-Camera TOF,-Camera TOF 460,460.0,INR,ok,,https://www.samsung.com/in/support/spare-part-pricing-list-for-repair/
2026-08-14T10:38:29+00:00,Samsung,Galaxy A12,-Front Camera,-Front Camera 440,440.0,INR,ok,,https://www.samsung.com/in/support/spare-part-pricing-list-for-repair/
2026-08-14T10:38:29+00:00,Samsung,Galaxy A12,-Rear Camera,-Rear Camera 280,280.0,INR,ok,,https://www.samsung.com/in/support/spare-part-pricing-list-for-repair/
2026-08-14T10:38:29+00:00,Samsung,Galaxy A12,-Ultra Wide Camera,"-Ultra Wide Camera 1,550",1550.0,INR,ok,,https://www.samsung.com/in/support/spare-part-pricing-list-for-repair/
2026-08-14T10:38:29+00:00,Samsung,Galaxy A12,Back Glass/Cover,Back Glass/Cover 930,930.0,INR,ok,,https://www.samsung.com/in/support/spare-part-pricing-list-for-repair/
2026-08-14T10:38:29+00:00,Samsung,Galaxy A12,Battery,Battery 940,940.0,INR,ok,,https://www.samsung.com/in/support/spare-part-pricing-list-for-repair/
2026-08-14T10:38:29+00:00,Samsung,Galaxy A12,Main Screen Assembly,"Main Screen Assembly 3,120",3120.0,INR,ok,,https://www.samsung.com/in/support/spare-part-pricing-list-for-repair/
2026-08-14T10:38:29+00:00,Samsung,Galaxy A12,S Pen,S Pen N/A,,INR,ok,,https://www.samsung.com/in/support/spare-part-pricing-list-for-repair/
2026-08-14T10:38:32+00:00,Samsung,Galaxy Z Flip7,- 256 GB,"- 256 GB 37,040",256.0,INR,ok,,https://www.samsung.com/in/support/spare-part-pricing-list-for-repair/
2026-08-14T10:38:32+00:00,Samsung,Galaxy Z Flip7,- 512 GB,"- 512 GB 41,120",512.0,INR,ok,,https://www.samsung.com/in/support/spare-part-pricing-list-for-repair/
2026-08-14T10:38:32+00:00,Samsung,Galaxy Z Flip7,- Component Repair,"- Component Repair 14,296",14296.0,INR,ok,,https://www.samsung.com/in/support/spare-part-pricing-list-for-repair/
2026-08-14T10:38:32+00:00,Samsung,Galaxy Z Flip7,Back Glass/Cover,"Back Glass/Cover 1,240",1240.0,INR,ok,,https://www.samsung.com/in/support/spare-part-pricing-list-for-repair/
2026-08-14T10:38:32+00:00,Samsung,Galaxy Z Flip7,Battery,"Battery 1,760",1760.0,INR,ok,,https://www.samsung.com/in/support/spare-part-pricing-list-for-repair/
2026-08-14T10:38:32+00:00,Samsung,Galaxy Z Flip7,Main Screen Assembly,"Main Screen Assembly 23,270",23270.0,INR,ok,,https://www.samsung.com/in/support/spare-part-pricing-list-for-repair/
2026-08-14T10:38:32+00:00,Samsung,Galaxy Z Flip7,Sub Screen,"Sub Screen 5,810",5810.0,INR,ok,,https://www.samsung.com/in/support/spare-part-pricing-list-for-repair/
2026-08-14T10:38:37+00:00,Samsung,Galaxy Z Flip7 FE,- 128 GB,"- 128 GB 23,070",128.0,INR,ok,,https://www.samsung.com/in/support/spare-part-pricing-list-for-repair/
2026-08-14T10:38:37+00:00,Samsung,Galaxy Z Flip7 FE,- 256 GB,"- 256 GB 24,020",256.0,INR,ok,,https://www.samsung.com/in/support/spare-part-pricing-list-for-repair/
2026-08-14T10:38:37+00:00,Samsung,Galaxy Z Flip7 FE,- Component Repair,"- Component Repair 12,385",12385.0,INR,ok,,https://www.samsung.com/in/support/spare-part-pricing-list-for-repair/
2026-08-14T10:38:37+00:00,Samsung,Galaxy Z Flip7 FE,Back Glass/Cover,Back Glass/Cover 930,930.0,INR,ok,,https://www.samsung.com/in/support/spare-part-pricing-list-for-repair/
2026-08-14T10:38:37+00:00,Samsung,Galaxy Z Flip7 FE,Battery,"Battery 1,560",1560.0,INR,ok,,https://www.samsung.com/in/support/spare-part-pricing-list-for-repair/
2026-08-14T10:38:37+00:00,Samsung,Galaxy Z Flip7 FE,Main Screen Assembly,"Main Screen Assembly 21,900",21900.0,INR,ok,,https://www.samsung.com/in/support/spare-part-pricing-list-for-repair/
2026-08-14T10:38:37+00:00,Samsung,Galaxy Z Flip7 FE,Sub Screen,"Sub Screen 4,640",4640.0,INR,ok,,https://www.samsung.com/in/support/spare-part-pricing-list-for-repair/
2026-08-14T10:38:41+00:00,Samsung,Galaxy Z Fold6,- 1 TB,"- 1 TB 51,300",1.0,INR,ok,,https://www.samsung.com/in/support/spare-part-pricing-list-for-repair/
2026-08-14T10:38:41+00:00,Samsung,Galaxy Z Fold6,- 256 GB,"- 256 GB 48,270",256.0,INR,ok,,https://www.samsung.com/in/support/spare-part-pricing-list-for-repair/
2026-08-14T10:38:41+00:00,Samsung,Galaxy Z Fold6,- 512 GB,"- 512 GB 42,460",512.0,INR,ok,,https://www.samsung.com/in/support/spare-part-pricing-list-for-repair/
2026-08-14T10:38:41+00:00,Samsung,Galaxy Z Fold6,- Component Repair,"- Component Repair 34,578",34578.0,INR,ok,,https://www.samsung.com/in/support/spare-part-pricing-list-for-repair/
2026-08-14T10:38:41+00:00,Samsung,Galaxy Z Fold6,Back Glass/Cover,"Back Glass/Cover 2,670",2670.0,INR,ok,,https://www.samsung.com/in/support/spare-part-pricing-list-for-repair/
2026-08-14T10:38:41+00:00,Samsung,Galaxy Z Fold6,Battery,"Battery 1,630",1630.0,INR,ok,,https://www.samsung.com/in/support/spare-part-pricing-list-for-repair/
2026-08-14T10:38:41+00:00,Samsung,Galaxy Z Fold6,Main Screen Assembly,"Main Screen Assembly 47,420",47420.0,INR,ok,,https://www.samsung.com/in/support/spare-part-pricing-list-for-repair/
2026-08-14T10:38:41+00:00,Samsung,Galaxy Z Fold6,Sub Screen,"Sub Screen 6,300",6300.0,INR,ok,,https://www.samsung.com/in/support/spare-part-pricing-list-for-repair/
